solid OpenSCAD_Model
  facet normal 0 0 -1
    outer loop
      vertex -19.177928646377076 -35.4099961786483 0
      vertex -19.382219635161306 -34.96842844280596 0
      vertex -19.48681040359731 -34.49326779145387 0
    endloop
  endfacet
  facet normal 0 0 -1
    outer loop
      vertex -19.177928646377076 -35.4099961786483 0
      vertex -18.51267089706536 -36.11230024585301 0
      vertex -18.883489856827044 -35.7973237824202 0
    endloop
  endfacet
  facet normal 0 0 -1
    outer loop
      vertex -19.177928646377076 -35.4099961786483 0
      vertex -17.12818745568281 -36.496700181165025 0
      vertex -18.51267089706536 -36.11230024585301 0
    endloop
  endfacet
  facet normal 0 0 -1
    outer loop
      vertex -19.177928646377076 -35.4099961786483 0
      vertex -18.382219635161306 -33.96842844280596 0
      vertex -18.177928646377076 -34.4099961786483 0
    endloop
  endfacet
  facet normal 0 0 -1
    outer loop
      vertex -19.177928646377076 -35.4099961786483 0
      vertex -18.48681040359731 -33.49326779145387 0
      vertex -18.382219635161306 -33.96842844280596 0
    endloop
  endfacet
  facet normal 0 0 -1
    outer loop
      vertex -19.177928646377076 -35.4099961786483 0
      vertex -18.177928646377076 -34.4099961786483 0
      vertex -17.883489856827044 -34.7973237824202 0
    endloop
  endfacet
  facet normal 0 0 -1
    outer loop
      vertex -18.51267089706536 -36.11230024585301 0
      vertex -17.12818745568281 -36.496700181165025 0
      vertex -18.082810849514807 -36.340197619587784 0
    endloop
  endfacet
  facet normal 0 0 -1
    outer loop
      vertex -19.177928646377076 -35.4099961786483 0
      vertex -17.883489856827044 -34.7973237824202 0
      vertex -17.51267089706536 -35.11230024585301 0
    endloop
  endfacet
  facet normal 0 0 -1
    outer loop
      vertex -19.177928646377076 -35.4099961786483 0
      vertex -17.51267089706536 -35.11230024585301 0
      vertex -17.082810849514807 -35.340197619587784 0
    endloop
  endfacet
  facet normal 0 0 -1
    outer loop
      vertex -18.082810849514807 -36.340197619587784 0
      vertex -17.12818745568281 -36.496700181165025 0
      vertex -17.61400949224372 -36.470359675718434 0
    endloop
  endfacet
  facet normal 0 0 -1
    outer loop
      vertex -19.177928646377076 -35.4099961786483 0
      vertex -17.082810849514807 -35.340197619587784 0
      vertex -16.61400949224372 -35.470359675718434 0
    endloop
  endfacet
  facet normal 0 0 -1
    outer loop
      vertex -19.177928646377076 -35.4099961786483 0
      vertex -5 -36.496700181165025 0
      vertex -17.12818745568281 -36.496700181165025 0
    endloop
  endfacet
  facet normal 0 0 -1
    outer loop
      vertex -19.177928646377076 -35.4099961786483 0
      vertex -16.61400949224372 -35.470359675718434 0
      vertex -5 -36.496700181165025 0
    endloop
  endfacet
  facet normal 0 0 -1
    outer loop
      vertex -5 -36.496700181165025 0
      vertex -16.61400949224372 -35.470359675718434 0
      vertex -16.12818745568281 -35.496700181165025 0
    endloop
  endfacet
  facet normal -0.9062954140565196 -0.41929690790254076 -0.053091670566012564
    outer loop
      vertex -19.177928646377076 -35.4099961786483 0
      vertex -19.302968954889177 -35.70513153625905 4.465348302439654
      vertex -19.382219635161306 -34.96842844280596 0
    endloop
  endfacet
  facet normal -0.7945530469254197 -0.6040035233527611 -0.06217072783056631
    outer loop
      vertex -19.177928646377076 -35.4099961786483 0
      vertex -18.883489856827044 -35.7973237824202 0
      vertex -19.302968954889177 -35.70513153625905 4.465348302439654
    endloop
  endfacet
  facet normal -0.9761648074946663 -0.21487012244285722 -0.03054667069080923
    outer loop
      vertex -19.382219635161306 -34.96842844280596 0
      vertex -19.461326338477637 -35.243852236617975 4.465348302439654
      vertex -19.48681040359731 -34.49326779145387 0
    endloop
  endfacet
  facet normal -0.6459233469946059 -0.7604397516178929 -0.06718938879468538
    outer loop
      vertex -18.883489856827044 -35.7973237824202 0
      vertex -18.51267089706536 -36.11230024585301 0
      vertex -19.003414667392043 -36.08999889270336 4.465348302439654
    endloop
  endfacet
  facet normal -0.4676489452253183 -0.88207948401138 -0.056923175560264
    outer loop
      vertex -18.51267089706536 -36.11230024585301 0
      vertex -18.082810849514807 -36.340197619587784 0
      vertex -18.595124831100225 -36.35674795604783 4.465348302439654
    endloop
  endfacet
  facet normal -0.26737142461313596 -0.9629848396703836 -0.03424499766897176
    outer loop
      vertex -18.082810849514807 -36.340197619587784 0
      vertex -17.61400949224372 -36.470359675718434 0
      vertex -18.595124831100225 -36.35674795604783 4.465348302439654
    endloop
  endfacet
  facet normal -0.05413737376199099 -0.9985051056988734 -0.0075298509571125475
    outer loop
      vertex -17.61400949224372 -36.470359675718434 0
      vertex -17.12818745568281 -36.496700181165025 0
      vertex -18.1223439850455 -36.47647232624091 4.465348302439654
    endloop
  endfacet
  facet normal 0 0 -1
    outer loop
      vertex -19.177928646377076 -35.4099961786483 0
      vertex -19.48681040359731 -34.49326779145387 0
      vertex -19.48681040359731 34.49326779145387 0
    endloop
  endfacet
  facet normal 0 0 -1
    outer loop
      vertex -19.177928646377076 -35.4099961786483 0
      vertex -19.48681040359731 34.49326779145387 0
      vertex -18.48681040359731 -33.49326779145387 0
    endloop
  endfacet
  facet normal -1 0 0
    outer loop
      vertex -19.48681040359731 -34.49326779145387 0
      vertex -19.48681040359731 -34.00673220854613 4.7
      vertex -19.48681040359731 34.49326779145387 0
    endloop
  endfacet
  facet normal 0 0 -1
    outer loop
      vertex -5 -36.496700181165025 0
      vertex -16.12818745568281 -35.496700181165025 0
      vertex -5 -35.496700181165025 0
    endloop
  endfacet
  facet normal 0 -1 0
    outer loop
      vertex -17.12818745568281 -36.496700181165025 0
      vertex -5 -36.496700181165025 0
      vertex -5 -36.496700181165025 3.9400000000000004
    endloop
  endfacet
  facet normal -0.7876547062833156 -0.6130562657074918 -0.06133578683386085
    outer loop
      vertex -18.883489856827044 -35.7973237824202 0
      vertex -19.003414667392043 -36.08999889270336 4.465348302439654
      vertex -19.302968954889177 -35.70513153625905 4.465348302439654
    endloop
  endfacet
  facet normal -0.9451780380873985 -0.32448003032708544 -0.036758485227084685
    outer loop
      vertex -19.382219635161306 -34.96842844280596 0
      vertex -19.302968954889177 -35.70513153625905 4.465348302439654
      vertex -19.461326338477637 -35.243852236617975 4.465348302439654
    endloop
  endfacet
  facet normal -0.5460947252615145 -0.8358602020241034 -0.05584150529647254
    outer loop
      vertex -18.51267089706536 -36.11230024585301 0
      vertex -18.595124831100225 -36.35674795604783 4.465348302439654
      vertex -19.003414667392043 -36.08999889270336 4.465348302439654
    endloop
  endfacet
  facet normal -0.24538037505638396 -0.9689851877048531 -0.029260511714238806
    outer loop
      vertex -17.61400949224372 -36.470359675718434 0
      vertex -18.1223439850455 -36.47647232624091 4.465348302439654
      vertex -18.595124831100225 -36.35674795604783 4.465348302439654
    endloop
  endfacet
  facet normal -0.9994241186455416 -0.03393274332532548 0
    outer loop
      vertex -19.48681040359731 -34.49326779145387 0
      vertex -19.461326338477637 -35.243852236617975 4.465348302439654
      vertex -19.461326338477637 -35.243852236617975 4.934651697560346
    endloop
  endfacet
  facet normal -1 0 0
    outer loop
      vertex -19.48681040359731 -34.49326779145387 0
      vertex -19.48681040359731 -34.49326779145387 4.7
      vertex -19.48681040359731 -34.00673220854613 4.7
    endloop
  endfacet
  facet normal -0.9994241186455415 -0.03393274332532544 0
    outer loop
      vertex -19.48681040359731 -34.49326779145387 0
      vertex -19.461326338477637 -35.243852236617975 4.934651697560346
      vertex -19.48681040359731 -34.49326779145387 4.7
    endloop
  endfacet
  facet normal -0.020342540192580402 -0.9997930691190619 0
    outer loop
      vertex -17.12818745568281 -36.496700181165025 0
      vertex -18.1223439850455 -36.47647232624091 4.934651697560346
      vertex -18.1223439850455 -36.47647232624091 4.465348302439654
    endloop
  endfacet
  facet normal -0.02034254019258041 -0.9997930691190619 0
    outer loop
      vertex -17.12818745568281 -36.496700181165025 0
      vertex -17.12818745568281 -36.496700181165025 4.7
      vertex -18.1223439850455 -36.47647232624091 4.934651697560346
    endloop
  endfacet
  facet normal 0 -1 0
    outer loop
      vertex -17.12818745568281 -36.496700181165025 0
      vertex -5 -36.496700181165025 3.9400000000000004
      vertex -17.12818745568281 -36.496700181165025 4.7
    endloop
  endfacet
  facet normal -0.9458172417006347 -0.32469946920468334 0
    outer loop
      vertex -19.302968954889177 -35.70513153625905 4.465348302439654
      vertex -19.461326338477637 -35.243852236617975 4.934651697560346
      vertex -19.461326338477637 -35.243852236617975 4.465348302439654
    endloop
  endfacet
  facet normal -0.7891405093963922 -0.6142127126896695 0
    outer loop
      vertex -19.302968954889177 -35.70513153625905 4.465348302439654
      vertex -19.003414667392043 -36.08999889270336 4.465348302439654
      vertex -19.302968954889177 -35.70513153625905 4.934651697560346
    endloop
  endfacet
  facet normal -0.5469481581224288 -0.8371664782625273 0
    outer loop
      vertex -19.003414667392043 -36.08999889270336 4.465348302439654
      vertex -18.595124831100225 -36.35674795604783 4.465348302439654
      vertex -19.003414667392043 -36.08999889270336 4.934651697560346
    endloop
  endfacet
  facet normal -0.24548548714080565 -0.9694002659393288 0
    outer loop
      vertex -18.595124831100225 -36.35674795604783 4.465348302439654
      vertex -18.1223439850455 -36.47647232624091 4.465348302439654
      vertex -18.595124831100225 -36.35674795604783 4.934651697560346
    endloop
  endfacet
  facet normal -0.9458172417006347 -0.32469946920468334 0
    outer loop
      vertex -19.302968954889177 -35.70513153625905 4.465348302439654
      vertex -19.302968954889177 -35.70513153625905 4.934651697560346
      vertex -19.461326338477637 -35.243852236617975 4.934651697560346
    endloop
  endfacet
  facet normal -0.7891405093963922 -0.6142127126896695 0
    outer loop
      vertex -19.003414667392043 -36.08999889270336 4.465348302439654
      vertex -19.003414667392043 -36.08999889270336 4.934651697560346
      vertex -19.302968954889177 -35.70513153625905 4.934651697560346
    endloop
  endfacet
  facet normal -0.9941542690575141 0 0.1079689275426948
    outer loop
      vertex -19.48681040359731 -34.49326779145387 4.7
      vertex -19.461326338477637 -35.243852236617975 4.934651697560346
      vertex -19.48681040359731 -34.00673220854613 4.7
    endloop
  endfacet
  facet normal -0.9941542690575143 0 0.10796892754269478
    outer loop
      vertex -19.461326338477637 -35.243852236617975 4.934651697560346
      vertex -19.461326338477637 -34.756147763382025 4.934651697560346
      vertex -19.48681040359731 -34.00673220854613 4.7
    endloop
  endfacet
  facet normal -0.5469481581224288 -0.8371664782625273 0
    outer loop
      vertex -18.595124831100225 -36.35674795604783 4.465348302439654
      vertex -18.595124831100225 -36.35674795604783 4.934651697560346
      vertex -19.003414667392043 -36.08999889270336 4.934651697560346
    endloop
  endfacet
  facet normal -0.24548548714080565 -0.9694002659393288 0
    outer loop
      vertex -18.1223439850455 -36.47647232624091 4.465348302439654
      vertex -18.1223439850455 -36.47647232624091 4.934651697560346
      vertex -18.595124831100225 -36.35674795604783 4.934651697560346
    endloop
  endfacet
  facet normal -0.9006914482261331 -0.3092077647372694 0.30519743334191446
    outer loop
      vertex -19.302968954889177 -35.70513153625905 4.934651697560346
      vertex -19.1754252752661 -35.63610834854972 5.38098574960932
      vertex -19.461326338477637 -35.243852236617975 4.934651697560346
    endloop
  endfacet
  facet normal -0.7514899041004323 -0.5849080703124481 0.30519743334191324
    outer loop
      vertex -19.302968954889177 -35.70513153625905 4.934651697560346
      vertex -19.003414667392043 -36.08999889270336 4.934651697560346
      vertex -18.90519344854663 -35.98330220661671 5.38098574960932
    endloop
  endfacet
  facet normal -0.952289098268748 0 0.30519743334191834
    outer loop
      vertex -19.461326338477637 -35.243852236617975 4.934651697560346
      vertex -19.31828153480815 -35.21998228067937 5.38098574960932
      vertex -19.461326338477637 -34.756147763382025 4.934651697560346
    endloop
  endfacet
  facet normal -0.52085276829816 -0.7972245106854451 0.3051974333419204
    outer loop
      vertex -19.003414667392043 -36.08999889270336 4.934651697560346
      vertex -18.595124831100225 -36.35674795604783 4.934651697560346
      vertex -18.53686986615362 -36.22394001309101 5.38098574960932
    endloop
  endfacet
  facet normal -0.2337731531873819 -0.923149305112847 0.3051974333419217
    outer loop
      vertex -18.595124831100225 -36.35674795604783 4.934651697560346
      vertex -18.1223439850455 -36.47647232624091 4.934651697560346
      vertex -18.53686986615362 -36.22394001309101 5.38098574960932
    endloop
  endfacet
  facet normal -0.9006914482261333 -0.3092077647372621 0.30519743334192095
    outer loop
      vertex -19.461326338477637 -35.243852236617975 4.934651697560346
      vertex -19.1754252752661 -35.63610834854972 5.38098574960932
      vertex -19.31828153480815 -35.21998228067937 5.38098574960932
    endloop
  endfacet
  facet normal -0.7514899041004321 -0.5849080703124481 0.3051974333419132
    outer loop
      vertex -19.302968954889177 -35.70513153625905 4.934651697560346
      vertex -18.90519344854663 -35.98330220661671 5.38098574960932
      vertex -19.1754252752661 -35.63610834854972 5.38098574960932
    endloop
  endfacet
  facet normal -0.5208527682981524 -0.797224510685454 0.30519743334190985
    outer loop
      vertex -19.003414667392043 -36.08999889270336 4.934651697560346
      vertex -18.53686986615362 -36.22394001309101 5.38098574960932
      vertex -18.90519344854663 -35.98330220661671 5.38098574960932
    endloop
  endfacet
  facet normal -0.7687885500210457 -0.26392544258722217 0.5825010953738
    outer loop
      vertex -19.1754252752661 -35.63610834854972 5.38098574960932
      vertex -18.93282278003052 -35.50481844365686 5.760660171779822
      vertex -19.31828153480815 -35.21998228067937 5.38098574960932
    endloop
  endfacet
  facet normal -0.6414370147142479 -0.4992504682449429 0.5825010953738019
    outer loop
      vertex -18.90519344854663 -35.98330220661671 5.38098574960932
      vertex -18.93282278003052 -35.50481844365686 5.760660171779822
      vertex -19.1754252752661 -35.63610834854972 5.38098574960932
    endloop
  endfacet
  facet normal -0.7687885500210466 -0.26392544258722894 0.5825010953737958
    outer loop
      vertex -19.31828153480815 -35.21998228067937 5.38098574960932
      vertex -18.93282278003052 -35.50481844365686 5.760660171779822
      vertex -19.0461941495041 -35.174578926401196 5.760660171779822
    endloop
  endfacet
  facet normal -0.4445758259423929 -0.6804739589991403 0.5825010953737988
    outer loop
      vertex -18.90519344854663 -35.98330220661671 5.38098574960932
      vertex -18.53686986615362 -36.22394001309101 5.38098574960932
      vertex -18.426062338115585 -35.97132429396133 5.760660171779822
    endloop
  endfacet
  facet normal -0.19953794812499942 -0.7879575376544037 0.5825010953737976
    outer loop
      vertex -18.53686986615362 -36.22394001309101 5.38098574960932
      vertex -18.11036810336858 -36.33194492776085 5.38098574960932
      vertex -18.426062338115585 -35.97132429396133 5.760660171779822
    endloop
  endfacet
  facet normal -0.6414370147142464 -0.49925046824494357 0.5825010953738028
    outer loop
      vertex -18.90519344854663 -35.98330220661671 5.38098574960932
      vertex -18.718365588103865 -35.780353049477085 5.760660171779822
      vertex -18.93282278003052 -35.50481844365686 5.760660171779822
    endloop
  endfacet
  facet normal -0.4445758259423966 -0.6804739589991343 0.5825010953738032
    outer loop
      vertex -18.90519344854663 -35.98330220661671 5.38098574960932
      vertex -18.426062338115585 -35.97132429396133 5.760660171779822
      vertex -18.718365588103865 -35.780353049477085 5.760660171779822
    endloop
  endfacet
  facet normal -0.23377315318738362 -0.923149305112847 0.3051974333419201
    outer loop
      vertex -18.1223439850455 -36.47647232624091 4.934651697560346
      vertex -18.11036810336858 -36.33194492776085 5.38098574960932
      vertex -18.53686986615362 -36.22394001309101 5.38098574960932
    endloop
  endfacet
  facet normal -0.19953794812500283 -0.7879575376544045 0.5825010953737955
    outer loop
      vertex -18.11036810336858 -36.33194492776085 5.38098574960932
      vertex -18.08758862275415 -36.05703747954556 5.760660171779822
      vertex -18.426062338115585 -35.97132429396133 5.760660171779822
    endloop
  endfacet
  facet normal -0.5609327691704468 -0.1925684628900068 0.805153287002515
    outer loop
      vertex -18.93282278003052 -35.50481844365686 5.760660171779822
      vertex -18.67169799158333 -35.112086570443964 6.0365097862825525
      vertex -19.0461941495041 -35.174578926401196 5.760660171779822
    endloop
  endfacet
  facet normal -0.46801300683034386 -0.3642691448183176 0.8051532870025135
    outer loop
      vertex -18.93282278003052 -35.50481844365686 5.760660171779822
      vertex -18.718365588103865 -35.780353049477085 5.760660171779822
      vertex -18.598909091727073 -35.32411339222195 6.0365097862825525
    endloop
  endfacet
  facet normal -0.32437677323014746 -0.4964956126874129 0.805153287002511
    outer loop
      vertex -18.718365588103865 -35.780353049477085 5.760660171779822
      vertex -18.426062338115585 -35.97132429396133 5.760660171779822
      vertex -18.273548859871937 -35.62362858532442 6.0365097862825525
    endloop
  endfacet
  facet normal -0.4680130068303483 -0.3642691448183157 0.805153287002512
    outer loop
      vertex -18.718365588103865 -35.780353049477085 5.760660171779822
      vertex -18.461219098750135 -35.501017498815244 6.0365097862825525
      vertex -18.598909091727073 -35.32411339222195 6.0365097862825525
    endloop
  endfacet
  facet normal -0.3243767732301499 -0.4964956126874087 0.8051532870025127
    outer loop
      vertex -18.718365588103865 -35.780353049477085 5.760660171779822
      vertex -18.273548859871937 -35.62362858532442 6.0365097862825525
      vertex -18.461219098750135 -35.501017498815244 6.0365097862825525
    endloop
  endfacet
  facet normal -0.17112594796839886 -0.2619277623894519 0.9497945868563221
    outer loop
      vertex -18.461219098750135 -35.501017498815244 6.0365097862825525
      vertex -18.273548859871937 -35.62362858532442 6.0365097862825525
      vertex -18.094258513297042 -35.214887765680096 6.181532510892707
    endloop
  endfacet
  facet normal -0.5609327691704492 -0.19256846289000434 0.8051532870025139
    outer loop
      vertex -18.93282278003052 -35.50481844365686 5.760660171779822
      vertex -18.598909091727073 -35.32411339222195 6.0365097862825525
      vertex -18.67169799158333 -35.112086570443964 6.0365097862825525
    endloop
  endfacet
  facet normal -0.24690167750870382 -0.19217128927552493 0.9497945868563216
    outer loop
      vertex -18.461219098750135 -35.501017498815244 6.0365097862825525
      vertex -18.20637000868037 -35.11168186372557 6.181532510892707
      vertex -18.598909091727073 -35.32411339222195 6.0365097862825525
    endloop
  endfacet
  facet normal -0.2959217792166849 -0.10159007512380917 0.9497945868563215
    outer loop
      vertex -18.67169799158333 -35.112086570443964 6.0365097862825525
      vertex -18.598909091727073 -35.32411339222195 6.0365097862825525
      vertex -18.20637000868037 -35.11168186372557 6.181532510892707
    endloop
  endfacet
  facet normal -0.3128741644470327 0 0.9497945868563218
    outer loop
      vertex -18.67169799158333 -35.112086570443964 6.0365097862825525
      vertex -18.231451354251284 -35.038622400018625 6.181532510892707
      vertex -18.67169799158333 -34.887913429556036 6.0365097862825525
    endloop
  endfacet
  facet normal -0.2959217792166851 -0.10159007512380197 0.9497945868563222
    outer loop
      vertex -18.67169799158333 -35.112086570443964 6.0365097862825525
      vertex -18.20637000868037 -35.11168186372557 6.181532510892707
      vertex -18.231451354251284 -35.038622400018625 6.181532510892707
    endloop
  endfacet
  facet normal -0.2469016775086905 -0.19217128927553442 0.9497945868563232
    outer loop
      vertex -18.461219098750135 -35.501017498815244 6.0365097862825525
      vertex -18.15892527050832 -35.172638864575184 6.181532510892707
      vertex -18.20637000868037 -35.11168186372557 6.181532510892707
    endloop
  endfacet
  facet normal -0.14558928302624102 -0.5749190769986297 0.8051532870025118
    outer loop
      vertex -18.426062338115585 -35.97132429396133 5.760660171779822
      vertex -18.08758862275415 -36.05703747954556 5.760660171779822
      vertex -18.273548859871937 -35.62362858532442 6.0365097862825525
    endloop
  endfacet
  facet normal -0.14558928302622517 -0.5749190769986262 0.8051532870025169
    outer loop
      vertex -18.08758862275415 -36.05703747954556 5.760660171779822
      vertex -18.056235357478723 -35.67865983801917 6.0365097862825525
      vertex -18.273548859871937 -35.62362858532442 6.0365097862825525
    endloop
  endfacet
  facet normal -0.07680606667304682 -0.30330029822050086 0.9497945868563217
    outer loop
      vertex -18.273548859871937 -35.62362858532442 6.0365097862825525
      vertex -18.056235357478723 -35.67865983801917 6.0365097862825525
      vertex -18.019377383598506 -35.233850243046334 6.181532510892707
    endloop
  endfacet
  facet normal -0.07680606667305225 -0.3033002982204975 0.9497945868563223
    outer loop
      vertex -18.273548859871937 -35.62362858532442 6.0365097862825525
      vertex -18.019377383598506 -35.233850243046334 6.181532510892707
      vertex -18.094258513297042 -35.214887765680096 6.181532510892707
    endloop
  endfacet
  facet normal -0.17112594796840547 -0.261927762389444 0.9497945868563231
    outer loop
      vertex -18.461219098750135 -35.501017498815244 6.0365097862825525
      vertex -18.094258513297042 -35.214887765680096 6.181532510892707
      vertex -18.15892527050832 -35.172638864575184 6.181532510892707
    endloop
  endfacet
  facet normal 0 0 1
    outer loop
      vertex -18.20637000868037 -35.11168186372557 6.181532510892707
      vertex -18.15892527050832 -35.172638864575184 6.181532510892707
      vertex -18.094258513297042 -35.214887765680096 6.181532510892707
    endloop
  endfacet
  facet normal 0 0 1
    outer loop
      vertex -18.20637000868037 -35.11168186372557 6.181532510892707
      vertex -18.094258513297042 -35.214887765680096 6.181532510892707
      vertex -18.019377383598506 -35.233850243046334 6.181532510892707
    endloop
  endfacet
  facet normal 0 0 1
    outer loop
      vertex -18.20637000868037 -35.11168186372557 6.181532510892707
      vertex -13.933226662889087 -34.08194468760664 6.181532510892707
      vertex -14.218172400785651 -33.675 6.181532510892707
    endloop
  endfacet
  facet normal 0 0 1
    outer loop
      vertex -18.20637000868037 -35.11168186372557 6.181532510892707
      vertex -13.581944687606637 -34.43322666288909 6.181532510892707
      vertex -13.933226662889087 -34.08194468760664 6.181532510892707
    endloop
  endfacet
  facet normal 0 0 1
    outer loop
      vertex -18.20637000868037 -35.11168186372557 6.181532510892707
      vertex -13.175 -34.71817240078565 6.181532510892707
      vertex -13.581944687606637 -34.43322666288909 6.181532510892707
    endloop
  endfacet
  facet normal 0 0 1
    outer loop
      vertex -18.20637000868037 -35.11168186372557 6.181532510892707
      vertex -12.724757408478157 -34.92812396923984 6.181532510892707
      vertex -13.175 -34.71817240078565 6.181532510892707
    endloop
  endfacet
  facet normal 0 0 1
    outer loop
      vertex -18.20637000868037 -35.11168186372557 6.181532510892707
      vertex -14.42812396923984 -33.224757408478155 6.181532510892707
      vertex -14.556702096084793 -32.74489730635075 6.181532510892707
    endloop
  endfacet
  facet normal 0 0 1
    outer loop
      vertex -18.20637000868037 -35.11168186372557 6.181532510892707
      vertex -14.218172400785651 -33.675 6.181532510892707
      vertex -14.42812396923984 -33.224757408478155 6.181532510892707
    endloop
  endfacet
  facet normal 0 0 1
    outer loop
      vertex -18.20637000868037 -35.11168186372557 6.181532510892707
      vertex -14.556702096084793 -32.74489730635075 6.181532510892707
      vertex -14.6 -32.25 6.181532510892707
    endloop
  endfacet
  facet normal 0 0 1
    outer loop
      vertex -18.20637000868037 -35.11168186372557 6.181532510892707
      vertex -14.6 -32.25 6.181532510892707
      vertex -14.556702096084793 -31.75510269364925 6.181532510892707
    endloop
  endfacet
  facet normal 0 0 1
    outer loop
      vertex -18.20637000868037 -35.11168186372557 6.181532510892707
      vertex -14.556702096084793 -31.75510269364925 6.181532510892707
      vertex -14.42812396923984 -31.275242591521845 6.181532510892707
    endloop
  endfacet
  facet normal 0 0 1
    outer loop
      vertex -18.20637000868037 -35.11168186372557 6.181532510892707
      vertex -14.42812396923984 -31.275242591521845 6.181532510892707
      vertex -14.218172400785651 -30.825 6.181532510892707
    endloop
  endfacet
  facet normal 0 0 1
    outer loop
      vertex -18.20637000868037 -35.11168186372557 6.181532510892707
      vertex -14.218172400785651 -30.825 6.181532510892707
      vertex -13.933226662889087 -30.418055312393363 6.181532510892707
    endloop
  endfacet
  facet normal 0 0 1
    outer loop
      vertex -18.20637000868037 -35.11168186372557 6.181532510892707
      vertex -13.05676274578121 -23.190838939219354 6.181532510892707
      vertex -13.2 -22.75 6.181532510892707
    endloop
  endfacet
  facet normal 0 0 1
    outer loop
      vertex -18.20637000868037 -35.11168186372557 6.181532510892707
      vertex -12.68176274578121 -23.463292387221365 6.181532510892707
      vertex -13.05676274578121 -23.190838939219354 6.181532510892707
    endloop
  endfacet
  facet normal 0 0 1
    outer loop
      vertex -18.20637000868037 -35.11168186372557 6.181532510892707
      vertex -13.2 -22.75 6.181532510892707
      vertex -13.2 -18.25 6.181532510892707
    endloop
  endfacet
  facet normal 0 0 1
    outer loop
      vertex -18.20637000868037 -35.11168186372557 6.181532510892707
      vertex -12.244897306350751 -35.05670209608479 6.181532510892707
      vertex -12.724757408478157 -34.92812396923984 6.181532510892707
    endloop
  endfacet
  facet normal 0 0 1
    outer loop
      vertex -18.20637000868037 -35.11168186372557 6.181532510892707
      vertex -11.75 -35.1 6.181532510892707
      vertex -12.244897306350751 -35.05670209608479 6.181532510892707
    endloop
  endfacet
  facet normal 0 0 1
    outer loop
      vertex -13.15 -32.25 6.181532510892707
      vertex -13.065569669100272 -32.72882820065593 6.181532510892707
      vertex -11.506892551266297 -30.871269145782907 6.181532510892707
    endloop
  endfacet
  facet normal 0 0 1
    outer loop
      vertex -12.82246222036657 -33.149902653561156 6.181532510892707
      vertex -11.05 -31.037564434701785 6.181532510892707
      vertex -13.065569669100272 -32.72882820065593 6.181532510892707
    endloop
  endfacet
  facet normal 0 0 1
    outer loop
      vertex -18.20637000868037 -35.11168186372557 6.181532510892707
      vertex -13.933226662889087 -30.418055312393363 6.181532510892707
      vertex -7.7182372542187885 -23.463292387221365 6.181532510892707
    endloop
  endfacet
  facet normal 0 0 1
    outer loop
      vertex -13.15 -32.25 6.181532510892707
      vertex -11.993107448733703 -30.871269145782907 6.181532510892707
      vertex -13.065569669100272 -31.771171799344064 6.181532510892707
    endloop
  endfacet
  facet normal 0 0 1
    outer loop
      vertex -13.065569669100272 -31.771171799344064 6.181532510892707
      vertex -12.45 -31.037564434701785 6.181532510892707
      vertex -12.82246222036657 -31.350097346438844 6.181532510892707
    endloop
  endfacet
  facet normal 0 0 1
    outer loop
      vertex -13.065569669100272 -31.771171799344064 6.181532510892707
      vertex -11.993107448733703 -30.871269145782907 6.181532510892707
      vertex -12.45 -31.037564434701785 6.181532510892707
    endloop
  endfacet
  facet normal 0 0 1
    outer loop
      vertex -13.15 -32.25 6.181532510892707
      vertex -11.506892551266297 -30.871269145782907 6.181532510892707
      vertex -11.993107448733703 -30.871269145782907 6.181532510892707
    endloop
  endfacet
  facet normal 0 0 1
    outer loop
      vertex -12.45 -33.462435565298215 6.181532510892707
      vertex -11.993107448733703 -33.62873085421709 6.181532510892707
      vertex -10.434430330899728 -32.72882820065593 6.181532510892707
    endloop
  endfacet
  facet normal 0 0 1
    outer loop
      vertex -12.82246222036657 -33.149902653561156 6.181532510892707
      vertex -12.45 -33.462435565298215 6.181532510892707
      vertex -10.35 -32.25 6.181532510892707
    endloop
  endfacet
  facet normal 0 0 1
    outer loop
      vertex -11.993107448733703 -33.62873085421709 6.181532510892707
      vertex -11.506892551266297 -33.62873085421709 6.181532510892707
      vertex -10.434430330899728 -32.72882820065593 6.181532510892707
    endloop
  endfacet
  facet normal 0 0 1
    outer loop
      vertex -11.506892551266297 -33.62873085421709 6.181532510892707
      vertex -11.05 -33.462435565298215 6.181532510892707
      vertex -10.67753777963343 -33.149902653561156 6.181532510892707
    endloop
  endfacet
  facet normal 0 0 1
    outer loop
      vertex -12.82246222036657 -33.149902653561156 6.181532510892707
      vertex -10.434430330899728 -31.771171799344064 6.181532510892707
      vertex -10.67753777963343 -31.350097346438844 6.181532510892707
    endloop
  endfacet
  facet normal 0 0 1
    outer loop
      vertex -12.45 -33.462435565298215 6.181532510892707
      vertex -10.434430330899728 -32.72882820065593 6.181532510892707
      vertex -10.35 -32.25 6.181532510892707
    endloop
  endfacet
  facet normal 0 0 1
    outer loop
      vertex -12.82246222036657 -33.149902653561156 6.181532510892707
      vertex -10.35 -32.25 6.181532510892707
      vertex -10.434430330899728 -31.771171799344064 6.181532510892707
    endloop
  endfacet
  facet normal 0 0 1
    outer loop
      vertex -11.506892551266297 -33.62873085421709 6.181532510892707
      vertex -10.67753777963343 -33.149902653561156 6.181532510892707
      vertex -10.434430330899728 -32.72882820065593 6.181532510892707
    endloop
  endfacet
  facet normal 0 0 1
    outer loop
      vertex -13.065569669100272 -32.72882820065593 6.181532510892707
      vertex -11.05 -31.037564434701785 6.181532510892707
      vertex -11.506892551266297 -30.871269145782907 6.181532510892707
    endloop
  endfacet
  facet normal 0 0 1
    outer loop
      vertex -12.82246222036657 -33.149902653561156 6.181532510892707
      vertex -10.67753777963343 -31.350097346438844 6.181532510892707
      vertex -11.05 -31.037564434701785 6.181532510892707
    endloop
  endfacet
  facet normal 0 0 1
    outer loop
      vertex -13.933226662889087 -30.418055312393363 6.181532510892707
      vertex -13.581944687606637 -30.066773337110913 6.181532510892707
      vertex -7.7182372542187885 -23.463292387221365 6.181532510892707
    endloop
  endfacet
  facet normal 0 0 1
    outer loop
      vertex -13.581944687606637 -30.066773337110913 6.181532510892707
      vertex -13.175 -29.78182759921435 6.181532510892707
      vertex -7.7182372542187885 -23.463292387221365 6.181532510892707
    endloop
  endfacet
  facet normal 0 0 1
    outer loop
      vertex -13.175 -29.78182759921435 6.181532510892707
      vertex -12.724757408478157 -29.571876030760162 6.181532510892707
      vertex -7.7182372542187885 -23.463292387221365 6.181532510892707
    endloop
  endfacet
  facet normal 0 0 1
    outer loop
      vertex -12.724757408478157 -29.571876030760162 6.181532510892707
      vertex -12.244897306350751 -29.44329790391521 6.181532510892707
      vertex -7.079977296730156 -23.65220898383745 6.181532510892707
    endloop
  endfacet
  facet normal 0 0 1
    outer loop
      vertex -12.244897306350751 -29.44329790391521 6.181532510892707
      vertex -11.75 -29.4 6.181532510892707
      vertex -6.711696879329399 -24.375 6.181532510892707
    endloop
  endfacet
  facet normal 0 0 1
    outer loop
      vertex -11.75 -29.4 6.181532510892707
      vertex -11.255102693649249 -29.44329790391521 6.181532510892707
      vertex -6.711696879329399 -24.375 6.181532510892707
    endloop
  endfacet
  facet normal 0 0 1
    outer loop
      vertex -18.20637000868037 -35.11168186372557 6.181532510892707
      vertex -7.7182372542187885 -23.463292387221365 6.181532510892707
      vertex -12.68176274578121 -23.463292387221365 6.181532510892707
    endloop
  endfacet
  facet normal -0.9522890982687479 0 0.30519743334191834
    outer loop
      vertex -19.461326338477637 -34.756147763382025 4.934651697560346
      vertex -19.31828153480815 -35.21998228067937 5.38098574960932
      vertex -19.461326338477637 35.243852236617975 4.934651697560346
    endloop
  endfacet
  facet normal -0.9941542690575144 0 0.1079689275426948
    outer loop
      vertex -19.461326338477637 -34.756147763382025 4.934651697560346
      vertex -19.461326338477637 35.243852236617975 4.934651697560346
      vertex -19.48681040359731 -34.00673220854613 4.7
    endloop
  endfacet
  facet normal -0.8128299169496199 0 0.5825010953737976
    outer loop
      vertex -19.31828153480815 -35.21998228067937 5.38098574960932
      vertex -19.0461941495041 -35.174578926401196 5.760660171779822
      vertex -19.31828153480815 34.78001771932063 5.38098574960932
    endloop
  endfacet
  facet normal -0.5930667622022392 0 0.8051532870025139
    outer loop
      vertex -19.0461941495041 -35.174578926401196 5.760660171779822
      vertex -18.67169799158333 -35.112086570443964 6.0365097862825525
      vertex -19.0461941495041 35.174578926401196 5.760660171779822
    endloop
  endfacet
  facet normal -0.5930667622022393 0 0.8051532870025139
    outer loop
      vertex -18.67169799158333 -35.112086570443964 6.0365097862825525
      vertex -18.67169799158333 -34.887913429556036 6.0365097862825525
      vertex -19.0461941495041 35.174578926401196 5.760660171779822
    endloop
  endfacet
  facet normal -0.3128741644470327 0 0.9497945868563218
    outer loop
      vertex -18.67169799158333 -34.887913429556036 6.0365097862825525
      vertex -18.231451354251284 -35.038622400018625 6.181532510892707
      vertex -18.67169799158333 35.112086570443964 6.0365097862825525
    endloop
  endfacet
  facet normal 0 0 1
    outer loop
      vertex -18.20637000868037 -35.11168186372557 6.181532510892707
      vertex -18.20637000868037 35.11168186372557 6.181532510892707
      vertex -18.231451354251284 -35.038622400018625 6.181532510892707
    endloop
  endfacet
  facet normal 0 0 1
    outer loop
      vertex -18.20637000868037 -35.11168186372557 6.181532510892707
      vertex -13.2 -18.25 6.181532510892707
      vertex -12.1 20.099999999999998 6.181532510892707
    endloop
  endfacet
  facet normal 0 0 1
    outer loop
      vertex -13.2 -18.25 6.181532510892707
      vertex -13.05676274578121 -17.809161060780646 6.181532510892707
      vertex -12.1 6.499999999999998 6.181532510892707
    endloop
  endfacet
  facet normal 0 0 1
    outer loop
      vertex -13.05676274578121 -17.809161060780646 6.181532510892707
      vertex -12.68176274578121 -17.536707612778635 6.181532510892707
      vertex -12.1 6.499999999999998 6.181532510892707
    endloop
  endfacet
  facet normal 0 -0.9513663267719527 0.30806186437863786
    outer loop
      vertex -18.1223439850455 -36.47647232624091 4.934651697560346
      vertex 17.8776560149545 -36.47647232624091 4.934651697560346
      vertex -18.11036810336858 -36.33194492776085 5.38098574960932
    endloop
  endfacet
  facet normal 0 -0.9963050377189369 0.08588522466564076
    outer loop
      vertex -17.12818745568281 -36.496700181165025 4.7
      vertex 17.8776560149545 -36.47647232624091 4.934651697560346
      vertex -18.1223439850455 -36.47647232624091 4.934651697560346
    endloop
  endfacet
  facet normal 0 0 1
    outer loop
      vertex -11.255102693649249 -29.44329790391521 6.181532510892707
      vertex -10.775242591521843 -29.571876030760162 6.181532510892707
      vertex -6.269881706405843 -25.055335705266668 6.181532510892707
    endloop
  endfacet
  facet normal 0 0 1
    outer loop
      vertex -10.325 -29.78182759921435 6.181532510892707
      vertex -5.7593723974498054 -25.68576219928115 6.181532510892707
      vertex -10.775242591521843 -29.571876030760162 6.181532510892707
    endloop
  endfacet
  facet normal 0 0 1
    outer loop
      vertex -10.325 -29.78182759921435 6.181532510892707
      vertex -9.918055312393363 -30.066773337110913 6.181532510892707
      vertex -5.185762199281151 -26.259372397449805 6.181532510892707
    endloop
  endfacet
  facet normal 0 0 1
    outer loop
      vertex -9.918055312393363 -30.066773337110913 6.181532510892707
      vertex -9.566773337110913 -30.418055312393363 6.181532510892707
      vertex -4.555335705266667 -26.769881706405844 6.181532510892707
    endloop
  endfacet
  facet normal 0 0 1
    outer loop
      vertex -9.281827599214349 -30.825 6.181532510892707
      vertex -3.875 -27.2116968793294 6.181532510892707
      vertex -9.566773337110913 -30.418055312393363 6.181532510892707
    endloop
  endfacet
  facet normal 0 -0.809971714613853 0.5864689433597444
    outer loop
      vertex -18.11036810336858 -36.33194492776085 5.38098574960932
      vertex 17.88963189663142 -36.33194492776085 5.38098574960932
      vertex -18.08758862275415 -36.05703747954556 5.760660171779822
    endloop
  endfacet
  facet normal 0 -0.5891013969669263 0.8080591216560925
    outer loop
      vertex -18.08758862275415 -36.05703747954556 5.760660171779822
      vertex 17.943764642521277 -35.67865983801917 6.0365097862825525
      vertex -18.056235357478723 -35.67865983801917 6.0365097862825525
    endloop
  endfacet
  facet normal 0 -0.30997445890081426 0.9507448841982519
    outer loop
      vertex -18.056235357478723 -35.67865983801917 6.0365097862825525
      vertex 17.943764642521277 -35.67865983801917 6.0365097862825525
      vertex -18.019377383598506 -35.233850243046334 6.181532510892707
    endloop
  endfacet
  facet normal 0 0 1
    outer loop
      vertex -18.20637000868037 -35.11168186372557 6.181532510892707
      vertex 11.75 -35.1 6.181532510892707
      vertex -11.75 -35.1 6.181532510892707
    endloop
  endfacet
  facet normal 0 0 1
    outer loop
      vertex -18.20637000868037 -35.11168186372557 6.181532510892707
      vertex -18.019377383598506 -35.233850243046334 6.181532510892707
      vertex 18.1851731601435 -35.14412605569578 6.181532510892707
    endloop
  endfacet
  facet normal 0 0 1
    outer loop
      vertex -9.281827599214349 -30.825 6.181532510892707
      vertex -9.07187603076016 -31.275242591521845 6.181532510892707
      vertex -3.1522089838374514 -27.579977296730156 6.181532510892707
    endloop
  endfacet
  facet normal 0 0 1
    outer loop
      vertex -8.943297903915207 -31.75510269364925 6.181532510892707
      vertex -1.6113156038376348 -28.080643905686994 6.181532510892707
      vertex -9.07187603076016 -31.275242591521845 6.181532510892707
    endloop
  endfacet
  facet normal 0 0 1
    outer loop
      vertex -9.918055312393363 -30.066773337110913 6.181532510892707
      vertex -4.555335705266667 -26.769881706405844 6.181532510892707
      vertex -5.185762199281151 -26.259372397449805 6.181532510892707
    endloop
  endfacet
  facet normal 0 0 1
    outer loop
      vertex -8.9 -32.25 6.181532510892707
      vertex 0.8100955903243144 -28.207544689104118 6.181532510892707
      vertex -8.943297903915207 -31.75510269364925 6.181532510892707
    endloop
  endfacet
  facet normal 0 0 1
    outer loop
      vertex -8.943297903915207 -32.74489730635075 6.181532510892707
      vertex 2.3948817064058425 -27.87068800128744 6.181532510892707
      vertex -8.9 -32.25 6.181532510892707
    endloop
  endfacet
  facet normal 0 0 1
    outer loop
      vertex -9.566773337110913 -30.418055312393363 6.181532510892707
      vertex -3.875 -27.2116968793294 6.181532510892707
      vertex -4.555335705266667 -26.769881706405844 6.181532510892707
    endloop
  endfacet
  facet normal 0 0 1
    outer loop
      vertex -9.281827599214349 -30.825 6.181532510892707
      vertex -3.1522089838374514 -27.579977296730156 6.181532510892707
      vertex -3.875 -27.2116968793294 6.181532510892707
    endloop
  endfacet
  facet normal 0 0 1
    outer loop
      vertex -9.07187603076016 -31.275242591521845 6.181532510892707
      vertex -2.3948817064058425 -27.87068800128744 6.181532510892707
      vertex -3.1522089838374514 -27.579977296730156 6.181532510892707
    endloop
  endfacet
  facet normal 0 0 1
    outer loop
      vertex -12.724757408478157 -29.571876030760162 6.181532510892707
      vertex -7.079977296730156 -23.65220898383745 6.181532510892707
      vertex -7.7182372542187885 -23.463292387221365 6.181532510892707
    endloop
  endfacet
  facet normal 0 0 1
    outer loop
      vertex -12.244897306350751 -29.44329790391521 6.181532510892707
      vertex -6.711696879329399 -24.375 6.181532510892707
      vertex -7.079977296730156 -23.65220898383745 6.181532510892707
    endloop
  endfacet
  facet normal 0 0 1
    outer loop
      vertex -11.255102693649249 -29.44329790391521 6.181532510892707
      vertex -6.269881706405843 -25.055335705266668 6.181532510892707
      vertex -6.711696879329399 -24.375 6.181532510892707
    endloop
  endfacet
  facet normal 0 0 1
    outer loop
      vertex -10.775242591521843 -29.571876030760162 6.181532510892707
      vertex -5.7593723974498054 -25.68576219928115 6.181532510892707
      vertex -6.269881706405843 -25.055335705266668 6.181532510892707
    endloop
  endfacet
  facet normal 0 0 1
    outer loop
      vertex -7.7182372542187885 -23.463292387221365 6.181532510892707
      vertex -7.079977296730156 -23.65220898383745 6.181532510892707
      vertex -7.3432372542187885 -23.190838939219354 6.181532510892707
    endloop
  endfacet
  facet normal 0 0 1
    outer loop
      vertex -10.325 -29.78182759921435 6.181532510892707
      vertex -5.185762199281151 -26.259372397449805 6.181532510892707
      vertex -5.7593723974498054 -25.68576219928115 6.181532510892707
    endloop
  endfacet
  facet normal 0 0 1
    outer loop
      vertex -7.3432372542187885 -23.190838939219354 6.181532510892707
      vertex -7.079977296730156 -23.65220898383745 6.181532510892707
      vertex -7.303741464481668 -23.06928339735768 6.181532510892707
    endloop
  endfacet
  facet normal 0 -1 0
    outer loop
      vertex -17.12818745568281 -36.496700181165025 4.7
      vertex -5 -36.496700181165025 3.9400000000000004
      vertex 17.37181254431719 -36.496700181165025 4.7
    endloop
  endfacet
  facet normal 0 0 1
    outer loop
      vertex -11.75 -35.1 6.181532510892707
      vertex 11.255102693649249 -35.05670209608479 6.181532510892707
      vertex -11.255102693649249 -35.05670209608479 6.181532510892707
    endloop
  endfacet
  facet normal 0 0 1
    outer loop
      vertex -11.255102693649249 -35.05670209608479 6.181532510892707
      vertex 10.775242591521843 -34.92812396923984 6.181532510892707
      vertex -10.775242591521843 -34.92812396923984 6.181532510892707
    endloop
  endfacet
  facet normal 0 0 1
    outer loop
      vertex -10.775242591521843 -34.92812396923984 6.181532510892707
      vertex 10.325 -34.71817240078565 6.181532510892707
      vertex -10.325 -34.71817240078565 6.181532510892707
    endloop
  endfacet
  facet normal 0 0 1
    outer loop
      vertex -10.325 -34.71817240078565 6.181532510892707
      vertex 9.918055312393363 -34.43322666288909 6.181532510892707
      vertex -9.918055312393363 -34.43322666288909 6.181532510892707
    endloop
  endfacet
  facet normal 0 0 1
    outer loop
      vertex -9.918055312393363 -34.43322666288909 6.181532510892707
      vertex 9.566773337110913 -34.08194468760664 6.181532510892707
      vertex -9.566773337110913 -34.08194468760664 6.181532510892707
    endloop
  endfacet
  facet normal 0 0 1
    outer loop
      vertex -9.566773337110913 -34.08194468760664 6.181532510892707
      vertex 9.281827599214349 -33.675 6.181532510892707
      vertex -9.281827599214349 -33.675 6.181532510892707
    endloop
  endfacet
  facet normal 0 0 1
    outer loop
      vertex -9.281827599214349 -33.675 6.181532510892707
      vertex 9.07187603076016 -33.224757408478155 6.181532510892707
      vertex -9.07187603076016 -33.224757408478155 6.181532510892707
    endloop
  endfacet
  facet normal 0 0 1
    outer loop
      vertex -9.07187603076016 -33.224757408478155 6.181532510892707
      vertex 8.943297903915207 -32.74489730635075 6.181532510892707
      vertex -8.943297903915207 -32.74489730635075 6.181532510892707
    endloop
  endfacet
  facet normal 0 0 1
    outer loop
      vertex -9.07187603076016 -31.275242591521845 6.181532510892707
      vertex -1.6113156038376348 -28.080643905686994 6.181532510892707
      vertex -2.3948817064058425 -27.87068800128744 6.181532510892707
    endloop
  endfacet
  facet normal 0 0 1
    outer loop
      vertex -8.943297903915207 -31.75510269364925 6.181532510892707
      vertex -0.8100955903243144 -28.207544689104118 6.181532510892707
      vertex -1.6113156038376348 -28.080643905686994 6.181532510892707
    endloop
  endfacet
  facet normal 0 0 1
    outer loop
      vertex -8.943297903915207 -31.75510269364925 6.181532510892707
      vertex 0 -28.25 6.181532510892707
      vertex -0.8100955903243144 -28.207544689104118 6.181532510892707
    endloop
  endfacet
  facet normal 0 0 1
    outer loop
      vertex -8.943297903915207 -31.75510269364925 6.181532510892707
      vertex 0.8100955903243144 -28.207544689104118 6.181532510892707
      vertex 0 -28.25 6.181532510892707
    endloop
  endfacet
  facet normal 0 0 1
    outer loop
      vertex -8.9 -32.25 6.181532510892707
      vertex 1.6113156038376348 -28.080643905686994 6.181532510892707
      vertex 0.8100955903243144 -28.207544689104118 6.181532510892707
    endloop
  endfacet
  facet normal 0 0 1
    outer loop
      vertex -8.9 -32.25 6.181532510892707
      vertex 2.3948817064058425 -27.87068800128744 6.181532510892707
      vertex 1.6113156038376348 -28.080643905686994 6.181532510892707
    endloop
  endfacet
  facet normal 0 0 1
    outer loop
      vertex -7.7182372542187885 -17.536707612778635 6.181532510892707
      vertex -7.3432372542187885 -17.809161060780646 6.181532510892707
      vertex -7.079977296730156 -17.34779101616255 6.181532510892707
    endloop
  endfacet
  facet normal 0 0 1
    outer loop
      vertex -12.68176274578121 -17.536707612778635 6.181532510892707
      vertex -7.7182372542187885 -17.536707612778635 6.181532510892707
      vertex -3.811768001708626 -6.712610696452174 6.181532510892707
    endloop
  endfacet
  facet normal 0 0 1
    outer loop
      vertex -7.303741464481668 -17.93071660264232 6.181532510892707
      vertex -7.079977296730156 -17.34779101616255 6.181532510892707
      vertex -7.3432372542187885 -17.809161060780646 6.181532510892707
    endloop
  endfacet
  facet normal 0 0 1
    outer loop
      vertex -7.7182372542187885 -17.536707612778635 6.181532510892707
      vertex -7.079977296730156 -17.34779101616255 6.181532510892707
      vertex -6.711696879329399 -16.625 6.181532510892707
    endloop
  endfacet
  facet normal 0 0 1
    outer loop
      vertex -7.7182372542187885 -17.536707612778635 6.181532510892707
      vertex -6.711696879329399 -16.625 6.181532510892707
      vertex -6.269881706405843 -15.944664294733332 6.181532510892707
    endloop
  endfacet
  facet normal 0 0 1
    outer loop
      vertex -7.7182372542187885 -17.536707612778635 6.181532510892707
      vertex -6.269881706405843 -15.944664294733332 6.181532510892707
      vertex -5.7593723974498054 -15.31423780071885 6.181532510892707
    endloop
  endfacet
  facet normal 0 0 1
    outer loop
      vertex -12.68176274578121 -17.536707612778635 6.181532510892707
      vertex -3.931892398735607 -6.234998071266282 6.181532510892707
      vertex -3.9924133149481764 -5.746243624535771 6.181532510892707
    endloop
  endfacet
  facet normal 0 0 1
    outer loop
      vertex -12.68176274578121 -17.536707612778635 6.181532510892707
      vertex -3.811768001708626 -6.712610696452174 6.181532510892707
      vertex -3.931892398735607 -6.234998071266282 6.181532510892707
    endloop
  endfacet
  facet normal 0 0 1
    outer loop
      vertex -7.7182372542187885 -17.536707612778635 6.181532510892707
      vertex -5.7593723974498054 -15.31423780071885 6.181532510892707
      vertex -3.811768001708626 -6.712610696452174 6.181532510892707
    endloop
  endfacet
  facet normal 0 0 1
    outer loop
      vertex -5.7593723974498054 -15.31423780071885 6.181532510892707
      vertex -5.185762199281151 -14.740627602550195 6.181532510892707
      vertex -3.811768001708626 -6.712610696452174 6.181532510892707
    endloop
  endfacet
  facet normal 0 0 1
    outer loop
      vertex -12.68176274578121 -17.536707612778635 6.181532510892707
      vertex -3.9924133149481764 -5.746243624535771 6.181532510892707
      vertex -12.1 6.499999999999998 6.181532510892707
    endloop
  endfacet
  facet normal 0 0 1
    outer loop
      vertex -3.9924133149481764 -5.746243624535771 6.181532510892707
      vertex -3.9924133149481764 -5.253756375464229 6.181532510892707
      vertex -12.1 6.499999999999998 6.181532510892707
    endloop
  endfacet
  facet normal 0 0 1
    outer loop
      vertex -3.9924133149481764 -5.253756375464229 6.181532510892707
      vertex -3.931892398735607 -4.765001928733718 6.181532510892707
      vertex -12.1 6.499999999999998 6.181532510892707
    endloop
  endfacet
  facet normal 0 0 1
    outer loop
      vertex -3.931892398735607 -4.765001928733718 6.181532510892707
      vertex -3.811768001708626 -4.287389303547826 6.181532510892707
      vertex -12.1 6.499999999999998 6.181532510892707
    endloop
  endfacet
  facet normal 0 0 1
    outer loop
      vertex -3.811768001708626 -4.287389303547826 6.181532510892707
      vertex -3.6338610872780945 -3.8281586204528653 6.181532510892707
      vertex -12.1 6.499999999999998 6.181532510892707
    endloop
  endfacet
  facet normal 0 0 1
    outer loop
      vertex -3.6338610872780945 -3.8281586204528653 6.181532510892707
      vertex -3.4008685429184573 -3.3942713484905775 6.181532510892707
      vertex -12.1 6.499999999999998 6.181532510892707
    endloop
  endfacet
  facet normal 0 0 1
    outer loop
      vertex -5.185762199281151 -14.740627602550195 6.181532510892707
      vertex -4.555335705266667 -14.230118293594156 6.181532510892707
      vertex -3.6338610872780945 -7.171841379547135 6.181532510892707
    endloop
  endfacet
  facet normal 0 0 1
    outer loop
      vertex -4.555335705266667 -14.230118293594156 6.181532510892707
      vertex -3.875 -13.788303120670601 6.181532510892707
      vertex -3.4008685429184573 -7.6057286515094225 6.181532510892707
    endloop
  endfacet
  facet normal 0 0 1
    outer loop
      vertex -5.185762199281151 -14.740627602550195 6.181532510892707
      vertex -3.6338610872780945 -7.171841379547135 6.181532510892707
      vertex -3.811768001708626 -6.712610696452174 6.181532510892707
    endloop
  endfacet
  facet normal 0 0 1
    outer loop
      vertex -4.555335705266667 -14.230118293594156 6.181532510892707
      vertex -3.4008685429184573 -7.6057286515094225 6.181532510892707
      vertex -3.6338610872780945 -7.171841379547135 6.181532510892707
    endloop
  endfacet
  facet normal 0 0 1
    outer loop
      vertex -3.875 -13.788303120670601 6.181532510892707
      vertex -3.1522089838374514 -13.420022703269844 6.181532510892707
      vertex -2.7845357838517066 -8.371647692257767 6.181532510892707
    endloop
  endfacet
  facet normal 0 0 1
    outer loop
      vertex -3.1522089838374514 -13.420022703269844 6.181532510892707
      vertex -2.3948817064058425 -13.12931199871256 6.181532510892707
      vertex -2.4105385455170256 -8.692068909120959 6.181532510892707
    endloop
  endfacet
  facet normal 0 0 1
    outer loop
      vertex -3.875 -13.788303120670601 6.181532510892707
      vertex -3.1163222981026824 -8.007695223576425 6.181532510892707
      vertex -3.4008685429184573 -7.6057286515094225 6.181532510892707
    endloop
  endfacet
  facet normal 0 0 1
    outer loop
      vertex -3.875 -13.788303120670601 6.181532510892707
      vertex -2.7845357838517066 -8.371647692257767 6.181532510892707
      vertex -3.1163222981026824 -8.007695223576425 6.181532510892707
    endloop
  endfacet
  facet normal 0 0 1
    outer loop
      vertex -3.1522089838374514 -13.420022703269844 6.181532510892707
      vertex -2.4105385455170256 -8.692068909120959 6.181532510892707
      vertex -2.7845357838517066 -8.371647692257767 6.181532510892707
    endloop
  endfacet
  facet normal 0 0 1
    outer loop
      vertex -2.3948817064058425 -13.12931199871256 6.181532510892707
      vertex -1.6113156038376348 -12.919356094313006 6.181532510892707
      vertex -2 -8.964101615137753 6.181532510892707
    endloop
  endfacet
  facet normal 0 0 1
    outer loop
      vertex -1.6113156038376348 -12.919356094313006 6.181532510892707
      vertex -0.8100955903243144 -12.792455310895882 6.181532510892707
      vertex -1.5591434931707173 -9.183622071779816 6.181532510892707
    endloop
  endfacet
  facet normal 0 0 1
    outer loop
      vertex -2.3948817064058425 -13.12931199871256 6.181532510892707
      vertex -2 -8.964101615137753 6.181532510892707
      vertex -2.4105385455170256 -8.692068909120959 6.181532510892707
    endloop
  endfacet
  facet normal 0 0 1
    outer loop
      vertex -1.6113156038376348 -12.919356094313006 6.181532510892707
      vertex -1.5591434931707173 -9.183622071779816 6.181532510892707
      vertex -2 -8.964101615137753 6.181532510892707
    endloop
  endfacet
  facet normal 0 0 1
    outer loop
      vertex -0.8100955903243144 -12.792455310895882 6.181532510892707
      vertex 0 -12.75 6.181532510892707
      vertex -0.6135666195147409 -9.452661888325038 6.181532510892707
    endloop
  endfacet
  facet normal 0 0 1
    outer loop
      vertex -1.5591434931707173 -9.183622071779816 6.181532510892707
      vertex -0.8100955903243144 -12.792455310895882 6.181532510892707
      vertex -1.094651960288331 -9.347302572691277 6.181532510892707
    endloop
  endfacet
  facet normal 0 0 1
    outer loop
      vertex -0.8100955903243144 -12.792455310895882 6.181532510892707
      vertex -0.6135666195147409 -9.452661888325038 6.181532510892707
      vertex -1.094651960288331 -9.347302572691277 6.181532510892707
    endloop
  endfacet
  facet normal 0 0 1
    outer loop
      vertex 0 -12.75 6.181532510892707
      vertex -0.12318023422468048 -9.498102878853464 6.181532510892707
      vertex -0.6135666195147409 -9.452661888325038 6.181532510892707
    endloop
  endfacet
  facet normal 0 0 -1
    outer loop
      vertex -19.48681040359731 34.49326779145387 0
      vertex -18.48681040359731 33.49326779145387 0
      vertex -18.48681040359731 -33.49326779145387 0
    endloop
  endfacet
  facet normal 0 0 -1
    outer loop
      vertex -19.48681040359731 34.49326779145387 0
      vertex -18.382219635161306 33.96842844280596 0
      vertex -18.48681040359731 33.49326779145387 0
    endloop
  endfacet
  facet normal 0 0 -1
    outer loop
      vertex -19.48681040359731 34.49326779145387 0
      vertex -19.382219635161306 34.96842844280596 0
      vertex -18.883489856827044 35.7973237824202 0
    endloop
  endfacet
  facet normal 0 0 -1
    outer loop
      vertex -19.382219635161306 34.96842844280596 0
      vertex -19.177928646377076 35.4099961786483 0
      vertex -18.883489856827044 35.7973237824202 0
    endloop
  endfacet
  facet normal 0 0 -1
    outer loop
      vertex -19.48681040359731 34.49326779145387 0
      vertex -18.177928646377076 34.4099961786483 0
      vertex -18.382219635161306 33.96842844280596 0
    endloop
  endfacet
  facet normal 0 0 -1
    outer loop
      vertex -19.48681040359731 34.49326779145387 0
      vertex -17.883489856827044 34.7973237824202 0
      vertex -18.177928646377076 34.4099961786483 0
    endloop
  endfacet
  facet normal 0 0 -1
    outer loop
      vertex -19.48681040359731 34.49326779145387 0
      vertex -18.883489856827044 35.7973237824202 0
      vertex -17.12818745568281 36.496700181165025 0
    endloop
  endfacet
  facet normal 0 0 -1
    outer loop
      vertex -18.883489856827044 35.7973237824202 0
      vertex -18.51267089706536 36.11230024585301 0
      vertex -18.082810849514807 36.340197619587784 0
    endloop
  endfacet
  facet normal 0 0 -1
    outer loop
      vertex -19.48681040359731 34.49326779145387 0
      vertex -17.12818745568281 36.496700181165025 0
      vertex -17.883489856827044 34.7973237824202 0
    endloop
  endfacet
  facet normal 0 0 -1
    outer loop
      vertex -18.883489856827044 35.7973237824202 0
      vertex -18.082810849514807 36.340197619587784 0
      vertex -17.12818745568281 36.496700181165025 0
    endloop
  endfacet
  facet normal 0 0 -1
    outer loop
      vertex -17.12818745568281 36.496700181165025 0
      vertex -17.51267089706536 35.11230024585301 0
      vertex -17.883489856827044 34.7973237824202 0
    endloop
  endfacet
  facet normal 0 0 -1
    outer loop
      vertex -18.082810849514807 36.340197619587784 0
      vertex -17.61400949224372 36.470359675718434 0
      vertex -17.12818745568281 36.496700181165025 0
    endloop
  endfacet
  facet normal 0 0 -1
    outer loop
      vertex -17.12818745568281 36.496700181165025 0
      vertex -17.082810849514807 35.340197619587784 0
      vertex -17.51267089706536 35.11230024585301 0
    endloop
  endfacet
  facet normal 0 0 -1
    outer loop
      vertex -17.12818745568281 36.496700181165025 0
      vertex -16.61400949224372 35.470359675718434 0
      vertex -17.082810849514807 35.340197619587784 0
    endloop
  endfacet
  facet normal 0 0 -1
    outer loop
      vertex -17.12818745568281 36.496700181165025 0
      vertex -16.12818745568281 35.496700181165025 0
      vertex -16.61400949224372 35.470359675718434 0
    endloop
  endfacet
  facet normal -0.9761648074946663 0.21487012244285722 -0.03054667069080923
    outer loop
      vertex -19.48681040359731 34.49326779145387 0
      vertex -19.461326338477637 35.243852236617975 4.465348302439654
      vertex -19.382219635161306 34.96842844280596 0
    endloop
  endfacet
  facet normal -0.9062954140565196 0.41929690790254076 -0.053091670566012564
    outer loop
      vertex -19.382219635161306 34.96842844280596 0
      vertex -19.302968954889177 35.70513153625905 4.465348302439654
      vertex -19.177928646377076 35.4099961786483 0
    endloop
  endfacet
  facet normal -0.7945530469254197 0.6040035233527611 -0.06217072783056631
    outer loop
      vertex -19.177928646377076 35.4099961786483 0
      vertex -19.302968954889177 35.70513153625905 4.465348302439654
      vertex -18.883489856827044 35.7973237824202 0
    endloop
  endfacet
  facet normal -0.6459233469946059 0.7604397516178929 -0.06718938879468538
    outer loop
      vertex -18.883489856827044 35.7973237824202 0
      vertex -19.003414667392043 36.08999889270336 4.465348302439654
      vertex -18.51267089706536 36.11230024585301 0
    endloop
  endfacet
  facet normal -0.4676489452253183 0.88207948401138 -0.056923175560264
    outer loop
      vertex -18.51267089706536 36.11230024585301 0
      vertex -18.595124831100225 36.35674795604783 4.465348302439654
      vertex -18.082810849514807 36.340197619587784 0
    endloop
  endfacet
  facet normal -0.26737142461313596 0.9629848396703836 -0.03424499766897176
    outer loop
      vertex -18.082810849514807 36.340197619587784 0
      vertex -18.595124831100225 36.35674795604783 4.465348302439654
      vertex -17.61400949224372 36.470359675718434 0
    endloop
  endfacet
  facet normal -0.05413737376199099 0.9985051056988734 -0.0075298509571125475
    outer loop
      vertex -17.61400949224372 36.470359675718434 0
      vertex -18.1223439850455 36.47647232624091 4.465348302439654
      vertex -17.12818745568281 36.496700181165025 0
    endloop
  endfacet
  facet normal 0 0 -1
    outer loop
      vertex -17.12818745568281 36.496700181165025 0
      vertex 17.37181254431719 36.496700181165025 0
      vertex -16.12818745568281 35.496700181165025 0
    endloop
  endfacet
  facet normal -1 0 0
    outer loop
      vertex -19.48681040359731 -34.00673220854613 4.7
      vertex -19.48681040359731 34.49326779145387 4.7
      vertex -19.48681040359731 34.49326779145387 0
    endloop
  endfacet
  facet normal 0 0 1
    outer loop
      vertex -18.20637000868037 -35.11168186372557 6.181532510892707
      vertex -12.1 20.099999999999998 6.181532510892707
      vertex -18.20637000868037 35.11168186372557 6.181532510892707
    endloop
  endfacet
  facet normal -0.9941542690575143 0 0.1079689275426948
    outer loop
      vertex -19.48681040359731 -34.00673220854613 4.7
      vertex -19.461326338477637 35.243852236617975 4.934651697560346
      vertex -19.48681040359731 34.49326779145387 4.7
    endloop
  endfacet
  facet normal -0.9522890982687479 0 0.30519743334191834
    outer loop
      vertex -19.31828153480815 -35.21998228067937 5.38098574960932
      vertex -19.31828153480815 34.78001771932063 5.38098574960932
      vertex -19.461326338477637 35.243852236617975 4.934651697560346
    endloop
  endfacet
  facet normal -0.8128299169496199 0 0.5825010953737975
    outer loop
      vertex -19.0461941495041 -35.174578926401196 5.760660171779822
      vertex -19.0461941495041 35.174578926401196 5.760660171779822
      vertex -19.31828153480815 34.78001771932063 5.38098574960932
    endloop
  endfacet
  facet normal -0.5930667622022393 0 0.805153287002514
    outer loop
      vertex -18.67169799158333 -34.887913429556036 6.0365097862825525
      vertex -18.67169799158333 35.112086570443964 6.0365097862825525
      vertex -19.0461941495041 35.174578926401196 5.760660171779822
    endloop
  endfacet
  facet normal -0.3128741644470327 0 0.9497945868563219
    outer loop
      vertex -18.231451354251284 -35.038622400018625 6.181532510892707
      vertex -18.231451354251284 35.038622400018625 6.181532510892707
      vertex -18.67169799158333 35.112086570443964 6.0365097862825525
    endloop
  endfacet
  facet normal 0 0 1
    outer loop
      vertex -18.231451354251284 -35.038622400018625 6.181532510892707
      vertex -18.20637000868037 35.11168186372557 6.181532510892707
      vertex -18.231451354251284 35.038622400018625 6.181532510892707
    endloop
  endfacet
  facet normal 0 0 1
    outer loop
      vertex -13.2 -18.25 6.181532510892707
      vertex -12.1 6.499999999999998 6.181532510892707
      vertex -12.1 20.099999999999998 6.181532510892707
    endloop
  endfacet
  facet normal -0.9451780380873985 0.32448003032708544 -0.036758485227084685
    outer loop
      vertex -19.382219635161306 34.96842844280596 0
      vertex -19.461326338477637 35.243852236617975 4.465348302439654
      vertex -19.302968954889177 35.70513153625905 4.465348302439654
    endloop
  endfacet
  facet normal -0.7876547062833156 0.6130562657074918 -0.06133578683386085
    outer loop
      vertex -18.883489856827044 35.7973237824202 0
      vertex -19.302968954889177 35.70513153625905 4.465348302439654
      vertex -19.003414667392043 36.08999889270336 4.465348302439654
    endloop
  endfacet
  facet normal -0.5460947252615145 0.8358602020241034 -0.05584150529647254
    outer loop
      vertex -18.51267089706536 36.11230024585301 0
      vertex -19.003414667392043 36.08999889270336 4.465348302439654
      vertex -18.595124831100225 36.35674795604783 4.465348302439654
    endloop
  endfacet
  facet normal -0.24538037505638396 0.9689851877048531 -0.029260511714238806
    outer loop
      vertex -17.61400949224372 36.470359675718434 0
      vertex -18.595124831100225 36.35674795604783 4.465348302439654
      vertex -18.1223439850455 36.47647232624091 4.465348302439654
    endloop
  endfacet
  facet normal -0.9994241186455415 0.03393274332532544 0
    outer loop
      vertex -19.48681040359731 34.49326779145387 0
      vertex -19.48681040359731 34.49326779145387 4.7
      vertex -19.461326338477637 35.243852236617975 4.934651697560346
    endloop
  endfacet
  facet normal -0.9994241186455416 0.03393274332532548 0
    outer loop
      vertex -19.48681040359731 34.49326779145387 0
      vertex -19.461326338477637 35.243852236617975 4.934651697560346
      vertex -19.461326338477637 35.243852236617975 4.465348302439654
    endloop
  endfacet
  facet normal -0.020342540192580402 0.9997930691190619 0
    outer loop
      vertex -17.12818745568281 36.496700181165025 0
      vertex -18.1223439850455 36.47647232624091 4.465348302439654
      vertex -18.1223439850455 36.47647232624091 4.934651697560346
    endloop
  endfacet
  facet normal -0.02034254019258041 0.9997930691190619 0
    outer loop
      vertex -17.12818745568281 36.496700181165025 0
      vertex -18.1223439850455 36.47647232624091 4.934651697560346
      vertex -17.12818745568281 36.496700181165025 4.7
    endloop
  endfacet
  facet normal -0.9458172417006347 0.32469946920468334 0
    outer loop
      vertex -19.461326338477637 35.243852236617975 4.465348302439654
      vertex -19.302968954889177 35.70513153625905 4.934651697560346
      vertex -19.302968954889177 35.70513153625905 4.465348302439654
    endloop
  endfacet
  facet normal -0.7891405093963922 0.6142127126896695 0
    outer loop
      vertex -19.302968954889177 35.70513153625905 4.465348302439654
      vertex -19.302968954889177 35.70513153625905 4.934651697560346
      vertex -19.003414667392043 36.08999889270336 4.465348302439654
    endloop
  endfacet
  facet normal -0.5469481581224288 0.8371664782625273 0
    outer loop
      vertex -19.003414667392043 36.08999889270336 4.465348302439654
      vertex -19.003414667392043 36.08999889270336 4.934651697560346
      vertex -18.595124831100225 36.35674795604783 4.465348302439654
    endloop
  endfacet
  facet normal -0.24548548714080565 0.9694002659393288 0
    outer loop
      vertex -18.595124831100225 36.35674795604783 4.465348302439654
      vertex -18.1223439850455 36.47647232624091 4.934651697560346
      vertex -18.1223439850455 36.47647232624091 4.465348302439654
    endloop
  endfacet
  facet normal -0.9458172417006347 0.32469946920468334 0
    outer loop
      vertex -19.461326338477637 35.243852236617975 4.465348302439654
      vertex -19.461326338477637 35.243852236617975 4.934651697560346
      vertex -19.302968954889177 35.70513153625905 4.934651697560346
    endloop
  endfacet
  facet normal -0.7891405093963922 0.6142127126896695 0
    outer loop
      vertex -19.003414667392043 36.08999889270336 4.465348302439654
      vertex -19.302968954889177 35.70513153625905 4.934651697560346
      vertex -19.003414667392043 36.08999889270336 4.934651697560346
    endloop
  endfacet
  facet normal -0.5469481581224288 0.8371664782625273 0
    outer loop
      vertex -18.595124831100225 36.35674795604783 4.465348302439654
      vertex -19.003414667392043 36.08999889270336 4.934651697560346
      vertex -18.595124831100225 36.35674795604783 4.934651697560346
    endloop
  endfacet
  facet normal -0.24548548714080565 0.9694002659393288 0
    outer loop
      vertex -18.595124831100225 36.35674795604783 4.465348302439654
      vertex -18.595124831100225 36.35674795604783 4.934651697560346
      vertex -18.1223439850455 36.47647232624091 4.934651697560346
    endloop
  endfacet
  facet normal -0.9006914482261331 0.3092077647372694 0.30519743334191446
    outer loop
      vertex -19.461326338477637 35.243852236617975 4.934651697560346
      vertex -19.1754252752661 35.63610834854972 5.38098574960932
      vertex -19.302968954889177 35.70513153625905 4.934651697560346
    endloop
  endfacet
  facet normal -0.7514899041004323 0.5849080703124481 0.30519743334191324
    outer loop
      vertex -19.302968954889177 35.70513153625905 4.934651697560346
      vertex -18.90519344854663 35.98330220661671 5.38098574960932
      vertex -19.003414667392043 36.08999889270336 4.934651697560346
    endloop
  endfacet
  facet normal -0.5208527682981617 0.7972245106854479 0.30519743334191046
    outer loop
      vertex -19.003414667392043 36.08999889270336 4.934651697560346
      vertex -18.90519344854663 35.98330220661671 5.38098574960932
      vertex -18.595124831100225 36.35674795604783 4.934651697560346
    endloop
  endfacet
  facet normal -0.2337731531873819 0.923149305112847 0.3051974333419217
    outer loop
      vertex -18.595124831100225 36.35674795604783 4.934651697560346
      vertex -18.53686986615362 36.22394001309101 5.38098574960932
      vertex -18.1223439850455 36.47647232624091 4.934651697560346
    endloop
  endfacet
  facet normal -0.952289098268748 0 0.3051974333419184
    outer loop
      vertex -19.461326338477637 35.243852236617975 4.934651697560346
      vertex -19.31828153480815 34.78001771932063 5.38098574960932
      vertex -19.31828153480815 35.21998228067937 5.38098574960932
    endloop
  endfacet
  facet normal -0.9006914482261333 0.3092077647372621 0.30519743334192095
    outer loop
      vertex -19.461326338477637 35.243852236617975 4.934651697560346
      vertex -19.31828153480815 35.21998228067937 5.38098574960932
      vertex -19.1754252752661 35.63610834854972 5.38098574960932
    endloop
  endfacet
  facet normal -0.7514899041004321 0.5849080703124481 0.3051974333419132
    outer loop
      vertex -19.302968954889177 35.70513153625905 4.934651697560346
      vertex -19.1754252752661 35.63610834854972 5.38098574960932
      vertex -18.90519344854663 35.98330220661671 5.38098574960932
    endloop
  endfacet
  facet normal -0.5208527682981505 0.7972245106854511 0.30519743334192095
    outer loop
      vertex -18.595124831100225 36.35674795604783 4.934651697560346
      vertex -18.90519344854663 35.98330220661671 5.38098574960932
      vertex -18.53686986615362 36.22394001309101 5.38098574960932
    endloop
  endfacet
  facet normal -0.81282991694962 0 0.5825010953737975
    outer loop
      vertex -19.31828153480815 34.78001771932063 5.38098574960932
      vertex -19.0461941495041 35.174578926401196 5.760660171779822
      vertex -19.31828153480815 35.21998228067937 5.38098574960932
    endloop
  endfacet
  facet normal -0.7687885500210484 0.26392544258722306 0.5825010953737964
    outer loop
      vertex -19.31828153480815 35.21998228067937 5.38098574960932
      vertex -19.0461941495041 35.174578926401196 5.760660171779822
      vertex -19.1754252752661 35.63610834854972 5.38098574960932
    endloop
  endfacet
  facet normal -0.6414370147142473 0.4992504682449425 0.5825010953738028
    outer loop
      vertex -19.1754252752661 35.63610834854972 5.38098574960932
      vertex -18.718365588103865 35.780353049477085 5.760660171779822
      vertex -18.90519344854663 35.98330220661671 5.38098574960932
    endloop
  endfacet
  facet normal -0.7687885500210436 0.2639254425872278 0.5825010953738005
    outer loop
      vertex -19.1754252752661 35.63610834854972 5.38098574960932
      vertex -19.0461941495041 35.174578926401196 5.760660171779822
      vertex -18.93282278003052 35.50481844365686 5.760660171779822
    endloop
  endfacet
  facet normal -0.6414370147142471 0.49925046824494423 0.5825010953738017
    outer loop
      vertex -19.1754252752661 35.63610834854972 5.38098574960932
      vertex -18.93282278003052 35.50481844365686 5.760660171779822
      vertex -18.718365588103865 35.780353049477085 5.760660171779822
    endloop
  endfacet
  facet normal -0.4445758259423929 0.6804739589991403 0.5825010953737988
    outer loop
      vertex -18.90519344854663 35.98330220661671 5.38098574960932
      vertex -18.426062338115585 35.97132429396133 5.760660171779822
      vertex -18.53686986615362 36.22394001309101 5.38098574960932
    endloop
  endfacet
  facet normal -0.4445758259423966 0.6804739589991343 0.5825010953738032
    outer loop
      vertex -18.90519344854663 35.98330220661671 5.38098574960932
      vertex -18.718365588103865 35.780353049477085 5.760660171779822
      vertex -18.426062338115585 35.97132429396133 5.760660171779822
    endloop
  endfacet
  facet normal -0.1995379481250024 0.7879575376544027 0.5825010953737978
    outer loop
      vertex -18.53686986615362 36.22394001309101 5.38098574960932
      vertex -18.426062338115585 35.97132429396133 5.760660171779822
      vertex -18.08758862275415 36.05703747954556 5.760660171779822
    endloop
  endfacet
  facet normal -0.23377315318738362 0.923149305112847 0.3051974333419201
    outer loop
      vertex -18.1223439850455 36.47647232624091 4.934651697560346
      vertex -18.53686986615362 36.22394001309101 5.38098574960932
      vertex -18.11036810336858 36.33194492776085 5.38098574960932
    endloop
  endfacet
  facet normal -0.19953794812499978 0.787957537654405 0.5825010953737957
    outer loop
      vertex -18.53686986615362 36.22394001309101 5.38098574960932
      vertex -18.08758862275415 36.05703747954556 5.760660171779822
      vertex -18.11036810336858 36.33194492776085 5.38098574960932
    endloop
  endfacet
  facet normal -0.5609327691704468 0.1925684628900068 0.805153287002515
    outer loop
      vertex -19.0461941495041 35.174578926401196 5.760660171779822
      vertex -18.67169799158333 35.112086570443964 6.0365097862825525
      vertex -18.93282278003052 35.50481844365686 5.760660171779822
    endloop
  endfacet
  facet normal -0.4680130068303452 0.3642691448183187 0.8051532870025125
    outer loop
      vertex -18.93282278003052 35.50481844365686 5.760660171779822
      vertex -18.461219098750135 35.501017498815244 6.0365097862825525
      vertex -18.718365588103865 35.780353049477085 5.760660171779822
    endloop
  endfacet
  facet normal -0.32437677323014746 0.4964956126874129 0.805153287002511
    outer loop
      vertex -18.718365588103865 35.780353049477085 5.760660171779822
      vertex -18.273548859871937 35.62362858532442 6.0365097862825525
      vertex -18.426062338115585 35.97132429396133 5.760660171779822
    endloop
  endfacet
  facet normal -0.5609327691704492 0.19256846289000434 0.8051532870025139
    outer loop
      vertex -18.93282278003052 35.50481844365686 5.760660171779822
      vertex -18.67169799158333 35.112086570443964 6.0365097862825525
      vertex -18.598909091727073 35.32411339222195 6.0365097862825525
    endloop
  endfacet
  facet normal -0.2959217792166849 0.10159007512380917 0.9497945868563215
    outer loop
      vertex -18.67169799158333 35.112086570443964 6.0365097862825525
      vertex -18.20637000868037 35.11168186372557 6.181532510892707
      vertex -18.598909091727073 35.32411339222195 6.0365097862825525
    endloop
  endfacet
  facet normal -0.24690167750870384 0.19217128927552496 0.9497945868563216
    outer loop
      vertex -18.598909091727073 35.32411339222195 6.0365097862825525
      vertex -18.20637000868037 35.11168186372557 6.181532510892707
      vertex -18.461219098750135 35.501017498815244 6.0365097862825525
    endloop
  endfacet
  facet normal -0.2959217792166851 0.10159007512380197 0.9497945868563222
    outer loop
      vertex -18.67169799158333 35.112086570443964 6.0365097862825525
      vertex -18.231451354251284 35.038622400018625 6.181532510892707
      vertex -18.20637000868037 35.11168186372557 6.181532510892707
    endloop
  endfacet
  facet normal -0.2469016775086905 0.19217128927553442 0.9497945868563232
    outer loop
      vertex -18.461219098750135 35.501017498815244 6.0365097862825525
      vertex -18.20637000868037 35.11168186372557 6.181532510892707
      vertex -18.15892527050832 35.172638864575184 6.181532510892707
    endloop
  endfacet
  facet normal -0.4680130068303462 0.36426914481831385 0.805153287002514
    outer loop
      vertex -18.93282278003052 35.50481844365686 5.760660171779822
      vertex -18.598909091727073 35.32411339222195 6.0365097862825525
      vertex -18.461219098750135 35.501017498815244 6.0365097862825525
    endloop
  endfacet
  facet normal -0.3243767732301499 0.4964956126874087 0.8051532870025127
    outer loop
      vertex -18.718365588103865 35.780353049477085 5.760660171779822
      vertex -18.461219098750135 35.501017498815244 6.0365097862825525
      vertex -18.273548859871937 35.62362858532442 6.0365097862825525
    endloop
  endfacet
  facet normal -0.171125947968398 0.2619277623894506 0.9497945868563227
    outer loop
      vertex -18.461219098750135 35.501017498815244 6.0365097862825525
      vertex -18.15892527050832 35.172638864575184 6.181532510892707
      vertex -18.273548859871937 35.62362858532442 6.0365097862825525
    endloop
  endfacet
  facet normal -0.14558928302624102 0.5749190769986297 0.8051532870025118
    outer loop
      vertex -18.426062338115585 35.97132429396133 5.760660171779822
      vertex -18.273548859871937 35.62362858532442 6.0365097862825525
      vertex -18.08758862275415 36.05703747954556 5.760660171779822
    endloop
  endfacet
  facet normal -0.17112594796840766 0.26192776238944776 0.9497945868563217
    outer loop
      vertex -18.273548859871937 35.62362858532442 6.0365097862825525
      vertex -18.15892527050832 35.172638864575184 6.181532510892707
      vertex -18.094258513297042 35.214887765680096 6.181532510892707
    endloop
  endfacet
  facet normal 0 0 1
    outer loop
      vertex -18.20637000868037 35.11168186372557 6.181532510892707
      vertex -18.019377383598506 35.233850243046334 6.181532510892707
      vertex -18.15892527050832 35.172638864575184 6.181532510892707
    endloop
  endfacet
  facet normal 0 0 1
    outer loop
      vertex -18.15892527050832 35.172638864575184 6.181532510892707
      vertex -18.019377383598506 35.233850243046334 6.181532510892707
      vertex -18.094258513297042 35.214887765680096 6.181532510892707
    endloop
  endfacet
  facet normal -0.14558928302622517 0.5749190769986262 0.8051532870025169
    outer loop
      vertex -18.08758862275415 36.05703747954556 5.760660171779822
      vertex -18.273548859871937 35.62362858532442 6.0365097862825525
      vertex -18.056235357478723 35.67865983801917 6.0365097862825525
    endloop
  endfacet
  facet normal -0.07680606667304682 0.30330029822050086 0.9497945868563217
    outer loop
      vertex -18.273548859871937 35.62362858532442 6.0365097862825525
      vertex -18.019377383598506 35.233850243046334 6.181532510892707
      vertex -18.056235357478723 35.67865983801917 6.0365097862825525
    endloop
  endfacet
  facet normal -0.07680606667305225 0.3033002982204975 0.9497945868563223
    outer loop
      vertex -18.273548859871937 35.62362858532442 6.0365097862825525
      vertex -18.094258513297042 35.214887765680096 6.181532510892707
      vertex -18.019377383598506 35.233850243046334 6.181532510892707
    endloop
  endfacet
  facet normal 0 0 1
    outer loop
      vertex -18.20637000868037 35.11168186372557 6.181532510892707
      vertex -12.1 20.099999999999998 6.181532510892707
      vertex -14.556702096084793 31.75510269364925 6.181532510892707
    endloop
  endfacet
  facet normal 0 0 1
    outer loop
      vertex -18.20637000868037 35.11168186372557 6.181532510892707
      vertex -14.556702096084793 31.75510269364925 6.181532510892707
      vertex -14.6 32.25 6.181532510892707
    endloop
  endfacet
  facet normal 0 0 1
    outer loop
      vertex -18.20637000868037 35.11168186372557 6.181532510892707
      vertex -14.6 32.25 6.181532510892707
      vertex -14.556702096084793 32.74489730635075 6.181532510892707
    endloop
  endfacet
  facet normal 0 0 1
    outer loop
      vertex -18.20637000868037 35.11168186372557 6.181532510892707
      vertex -14.556702096084793 32.74489730635075 6.181532510892707
      vertex -14.42812396923984 33.224757408478155 6.181532510892707
    endloop
  endfacet
  facet normal 0 0 1
    outer loop
      vertex -18.20637000868037 35.11168186372557 6.181532510892707
      vertex -14.42812396923984 33.224757408478155 6.181532510892707
      vertex -14.218172400785651 33.675 6.181532510892707
    endloop
  endfacet
  facet normal 0 0 1
    outer loop
      vertex -18.20637000868037 35.11168186372557 6.181532510892707
      vertex -14.218172400785651 33.675 6.181532510892707
      vertex -13.933226662889087 34.08194468760664 6.181532510892707
    endloop
  endfacet
  facet normal 0 0 1
    outer loop
      vertex -18.20637000868037 35.11168186372557 6.181532510892707
      vertex -13.933226662889087 34.08194468760664 6.181532510892707
      vertex -13.581944687606637 34.43322666288909 6.181532510892707
    endloop
  endfacet
  facet normal 0 0 1
    outer loop
      vertex -18.20637000868037 35.11168186372557 6.181532510892707
      vertex -13.581944687606637 34.43322666288909 6.181532510892707
      vertex -13.175 34.71817240078565 6.181532510892707
    endloop
  endfacet
  facet normal 0 0 1
    outer loop
      vertex -18.20637000868037 35.11168186372557 6.181532510892707
      vertex -13.175 34.71817240078565 6.181532510892707
      vertex -12.724757408478157 34.92812396923984 6.181532510892707
    endloop
  endfacet
  facet normal 0 0 1
    outer loop
      vertex -12.1 20.099999999999998 6.181532510892707
      vertex -13.933226662889087 30.418055312393363 6.181532510892707
      vertex -14.218172400785651 30.825 6.181532510892707
    endloop
  endfacet
  facet normal 0 0 1
    outer loop
      vertex -12.5 23.299999999999997 6.181532510892707
      vertex -13.581944687606637 30.066773337110913 6.181532510892707
      vertex -12.1 20.099999999999998 6.181532510892707
    endloop
  endfacet
  facet normal 0 0 1
    outer loop
      vertex -12.5 23.299999999999997 6.181532510892707
      vertex -12.5 25.299999999999997 6.181532510892707
      vertex -13.581944687606637 30.066773337110913 6.181532510892707
    endloop
  endfacet
  facet normal 0 0 1
    outer loop
      vertex -12.1 20.099999999999998 6.181532510892707
      vertex -13.581944687606637 30.066773337110913 6.181532510892707
      vertex -13.933226662889087 30.418055312393363 6.181532510892707
    endloop
  endfacet
  facet normal 0 0 1
    outer loop
      vertex -12.5 25.299999999999997 6.181532510892707
      vertex -6.5 25.299999999999997 6.181532510892707
      vertex -12.724757408478157 29.571876030760162 6.181532510892707
    endloop
  endfacet
  facet normal 0 0 1
    outer loop
      vertex -12.1 20.099999999999998 6.181532510892707
      vertex -14.218172400785651 30.825 6.181532510892707
      vertex -14.42812396923984 31.275242591521845 6.181532510892707
    endloop
  endfacet
  facet normal 0 0 1
    outer loop
      vertex -12.1 20.099999999999998 6.181532510892707
      vertex -14.42812396923984 31.275242591521845 6.181532510892707
      vertex -14.556702096084793 31.75510269364925 6.181532510892707
    endloop
  endfacet
  facet normal 0 0 1
    outer loop
      vertex -12.5 25.299999999999997 6.181532510892707
      vertex -13.175 29.78182759921435 6.181532510892707
      vertex -13.581944687606637 30.066773337110913 6.181532510892707
    endloop
  endfacet
  facet normal 0 0 1
    outer loop
      vertex -12.5 25.299999999999997 6.181532510892707
      vertex -12.724757408478157 29.571876030760162 6.181532510892707
      vertex -13.175 29.78182759921435 6.181532510892707
    endloop
  endfacet
  facet normal 0 0 1
    outer loop
      vertex -12.82246222036657 31.350097346438844 6.181532510892707
      vertex -12.45 31.037564434701785 6.181532510892707
      vertex -11.993107448733703 30.871269145782907 6.181532510892707
    endloop
  endfacet
  facet normal 0 0 1
    outer loop
      vertex -12.82246222036657 31.350097346438844 6.181532510892707
      vertex -11.506892551266297 30.871269145782907 6.181532510892707
      vertex -13.065569669100272 31.771171799344064 6.181532510892707
    endloop
  endfacet
  facet normal 0 0 1
    outer loop
      vertex -13.065569669100272 31.771171799344064 6.181532510892707
      vertex -10.67753777963343 31.350097346438844 6.181532510892707
      vertex -13.15 32.25 6.181532510892707
    endloop
  endfacet
  facet normal 0 0 1
    outer loop
      vertex -18.20637000868037 35.11168186372557 6.181532510892707
      vertex -12.724757408478157 34.92812396923984 6.181532510892707
      vertex -12.244897306350751 35.05670209608479 6.181532510892707
    endloop
  endfacet
  facet normal 0 0 1
    outer loop
      vertex -18.20637000868037 35.11168186372557 6.181532510892707
      vertex -12.244897306350751 35.05670209608479 6.181532510892707
      vertex -11.75 35.1 6.181532510892707
    endloop
  endfacet
  facet normal 0 0 1
    outer loop
      vertex -13.15 32.25 6.181532510892707
      vertex -10.35 32.25 6.181532510892707
      vertex -13.065569669100272 32.72882820065593 6.181532510892707
    endloop
  endfacet
  facet normal 0 0 1
    outer loop
      vertex -12.82246222036657 31.350097346438844 6.181532510892707
      vertex -11.993107448733703 30.871269145782907 6.181532510892707
      vertex -11.506892551266297 30.871269145782907 6.181532510892707
    endloop
  endfacet
  facet normal 0 0 1
    outer loop
      vertex -13.065569669100272 31.771171799344064 6.181532510892707
      vertex -11.506892551266297 30.871269145782907 6.181532510892707
      vertex -11.05 31.037564434701785 6.181532510892707
    endloop
  endfacet
  facet normal 0 0 1
    outer loop
      vertex -13.065569669100272 31.771171799344064 6.181532510892707
      vertex -11.05 31.037564434701785 6.181532510892707
      vertex -10.67753777963343 31.350097346438844 6.181532510892707
    endloop
  endfacet
  facet normal 0 0 1
    outer loop
      vertex -13.15 32.25 6.181532510892707
      vertex -10.67753777963343 31.350097346438844 6.181532510892707
      vertex -10.434430330899728 31.771171799344064 6.181532510892707
    endloop
  endfacet
  facet normal 0 0 1
    outer loop
      vertex -12.724757408478157 29.571876030760162 6.181532510892707
      vertex -6.5 25.299999999999997 6.181532510892707
      vertex -12.244897306350751 29.44329790391521 6.181532510892707
    endloop
  endfacet
  facet normal 0 0 1
    outer loop
      vertex -12.244897306350751 29.44329790391521 6.181532510892707
      vertex -6.5 25.299999999999997 6.181532510892707
      vertex -11.75 29.4 6.181532510892707
    endloop
  endfacet
  facet normal 0 0 1
    outer loop
      vertex -11.75 29.4 6.181532510892707
      vertex -6.5 25.299999999999997 6.181532510892707
      vertex -11.255102693649249 29.44329790391521 6.181532510892707
    endloop
  endfacet
  facet normal 0 0 1
    outer loop
      vertex -13.065569669100272 32.72882820065593 6.181532510892707
      vertex -10.35 32.25 6.181532510892707
      vertex -12.82246222036657 33.149902653561156 6.181532510892707
    endloop
  endfacet
  facet normal 0 0 1
    outer loop
      vertex -12.82246222036657 33.149902653561156 6.181532510892707
      vertex -10.35 32.25 6.181532510892707
      vertex -12.45 33.462435565298215 6.181532510892707
    endloop
  endfacet
  facet normal 0 0 1
    outer loop
      vertex -12.45 33.462435565298215 6.181532510892707
      vertex -10.35 32.25 6.181532510892707
      vertex -11.993107448733703 33.62873085421709 6.181532510892707
    endloop
  endfacet
  facet normal 0 0 1
    outer loop
      vertex -13.15 32.25 6.181532510892707
      vertex -10.434430330899728 31.771171799344064 6.181532510892707
      vertex -10.35 32.25 6.181532510892707
    endloop
  endfacet
  facet normal 0 0 1
    outer loop
      vertex -11.993107448733703 33.62873085421709 6.181532510892707
      vertex -10.35 32.25 6.181532510892707
      vertex -11.506892551266297 33.62873085421709 6.181532510892707
    endloop
  endfacet
  facet normal 0 0 1
    outer loop
      vertex -11.506892551266297 33.62873085421709 6.181532510892707
      vertex -10.434430330899728 32.72882820065593 6.181532510892707
      vertex -11.05 33.462435565298215 6.181532510892707
    endloop
  endfacet
  facet normal 0 0 1
    outer loop
      vertex -11.506892551266297 33.62873085421709 6.181532510892707
      vertex -10.35 32.25 6.181532510892707
      vertex -10.434430330899728 32.72882820065593 6.181532510892707
    endloop
  endfacet
  facet normal 0 0 1
    outer loop
      vertex -11.05 33.462435565298215 6.181532510892707
      vertex -10.434430330899728 32.72882820065593 6.181532510892707
      vertex -10.67753777963343 33.149902653561156 6.181532510892707
    endloop
  endfacet
  facet normal 0 0 1
    outer loop
      vertex -3.4008685429184573 -3.3942713484905775 6.181532510892707
      vertex -3.1163222981026824 -2.9923047764235746 6.181532510892707
      vertex -12.1 6.499999999999998 6.181532510892707
    endloop
  endfacet
  facet normal 0 0 1
    outer loop
      vertex -3.1163222981026824 -2.9923047764235746 6.181532510892707
      vertex -2.7845357838517066 -2.6283523077422326 6.181532510892707
      vertex -12.1 6.499999999999998 6.181532510892707
    endloop
  endfacet
  facet normal 0 0 1
    outer loop
      vertex -2.7845357838517066 -2.6283523077422326 6.181532510892707
      vertex -2.4105385455170256 -2.307931090879042 6.181532510892707
      vertex -12.1 6.499999999999998 6.181532510892707
    endloop
  endfacet
  facet normal 0 0 1
    outer loop
      vertex -2.4105385455170256 -2.307931090879042 6.181532510892707
      vertex -2 -2.0358983848622456 6.181532510892707
      vertex -12.1 6.499999999999998 6.181532510892707
    endloop
  endfacet
  facet normal 0 0 1
    outer loop
      vertex -2 -2.0358983848622456 6.181532510892707
      vertex -1.5591434931707173 -1.8163779282201853 6.181532510892707
      vertex -12.1 6.499999999999998 6.181532510892707
    endloop
  endfacet
  facet normal 0 0 1
    outer loop
      vertex -1.5591434931707173 -1.8163779282201853 6.181532510892707
      vertex -1.094651960288331 -1.6526974273087234 6.181532510892707
      vertex -12.1 6.499999999999998 6.181532510892707
    endloop
  endfacet
  facet normal 0 0 1
    outer loop
      vertex -12.1 6.499999999999998 6.181532510892707
      vertex -3 3.699999999999998 6.181532510892707
      vertex -3 5.6999999999999975 6.181532510892707
    endloop
  endfacet
  facet normal 0 0 1
    outer loop
      vertex -1.094651960288331 -1.6526974273087234 6.181532510892707
      vertex -0.6135666195147417 -1.5473381116749625 6.181532510892707
      vertex -12.1 6.499999999999998 6.181532510892707
    endloop
  endfacet
  facet normal 0 0 1
    outer loop
      vertex -0.6135666195147417 -1.5473381116749625 6.181532510892707
      vertex -0.12318023422468147 -1.5018971211465364 6.181532510892707
      vertex -12.1 6.499999999999998 6.181532510892707
    endloop
  endfacet
  facet normal 0 0 1
    outer loop
      vertex -0.12318023422468147 -1.5018971211465364 6.181532510892707
      vertex 0.3690734378532081 -1.5170632948198621 6.181532510892707
      vertex -12.1 6.499999999999998 6.181532510892707
    endloop
  endfacet
  facet normal 0 0 1
    outer loop
      vertex -12.1 6.499999999999998 6.181532510892707
      vertex 0.8557323328259901 -1.5926067289615973 6.181532510892707
      vertex -3 3.699999999999998 6.181532510892707
    endloop
  endfacet
  facet normal 0 0 1
    outer loop
      vertex -12.1 6.499999999999998 6.181532510892707
      vertex 0.3690734378532081 -1.5170632948198621 6.181532510892707
      vertex 0.8557323328259901 -1.5926067289615973 6.181532510892707
    endloop
  endfacet
  facet normal 0 0 1
    outer loop
      vertex -12.1 6.499999999999998 6.181532510892707
      vertex -3 5.6999999999999975 6.181532510892707
      vertex 3 5.6999999999999975 6.181532510892707
    endloop
  endfacet
  facet normal 0 1 0
    outer loop
      vertex -17.12818745568281 36.496700181165025 0
      vertex -17.12818745568281 36.496700181165025 4.7
      vertex 17.37181254431719 36.496700181165025 4.7
    endloop
  endfacet
  facet normal 0 0.9513663267719527 0.30806186437863786
    outer loop
      vertex -18.1223439850455 36.47647232624091 4.934651697560346
      vertex -18.11036810336858 36.33194492776085 5.38098574960932
      vertex 17.8776560149545 36.47647232624091 4.934651697560346
    endloop
  endfacet
  facet normal 0 0.9963050377189369 0.08588522466564076
    outer loop
      vertex -17.12818745568281 36.496700181165025 4.7
      vertex -18.1223439850455 36.47647232624091 4.934651697560346
      vertex 17.37181254431719 36.496700181165025 4.7
    endloop
  endfacet
  facet normal 0 0 1
    outer loop
      vertex -11.255102693649249 29.44329790391521 6.181532510892707
      vertex -6.5 25.299999999999997 6.181532510892707
      vertex -10.775242591521843 29.571876030760162 6.181532510892707
    endloop
  endfacet
  facet normal 0 0 1
    outer loop
      vertex -10.775242591521843 29.571876030760162 6.181532510892707
      vertex -6.5 25.299999999999997 6.181532510892707
      vertex -10.325 29.78182759921435 6.181532510892707
    endloop
  endfacet
  facet normal 0 0 1
    outer loop
      vertex -10.325 29.78182759921435 6.181532510892707
      vertex -6.5 25.299999999999997 6.181532510892707
      vertex -9.918055312393363 30.066773337110913 6.181532510892707
    endloop
  endfacet
  facet normal 0 0.809971714613853 0.5864689433597443
    outer loop
      vertex -18.11036810336858 36.33194492776085 5.38098574960932
      vertex -18.08758862275415 36.05703747954556 5.760660171779822
      vertex 17.91241137724585 36.05703747954556 5.760660171779822
    endloop
  endfacet
  facet normal 0 0 1
    outer loop
      vertex -18.20637000868037 35.11168186372557 6.181532510892707
      vertex -11.75 35.1 6.181532510892707
      vertex 11.75 35.1 6.181532510892707
    endloop
  endfacet
  facet normal 0 0 1
    outer loop
      vertex -18.20637000868037 35.11168186372557 6.181532510892707
      vertex 17.980622616401494 35.233850243046334 6.181532510892707
      vertex -18.019377383598506 35.233850243046334 6.181532510892707
    endloop
  endfacet
  facet normal 0 0.5891013969669263 0.8080591216560925
    outer loop
      vertex -18.08758862275415 36.05703747954556 5.760660171779822
      vertex -18.056235357478723 35.67865983801917 6.0365097862825525
      vertex 17.943764642521277 35.67865983801917 6.0365097862825525
    endloop
  endfacet
  facet normal 0 0.30997445890081426 0.9507448841982519
    outer loop
      vertex -18.019377383598506 35.233850243046334 6.181532510892707
      vertex 17.980622616401494 35.233850243046334 6.181532510892707
      vertex -18.056235357478723 35.67865983801917 6.0365097862825525
    endloop
  endfacet
  facet normal 0 0 1
    outer loop
      vertex -12.5 23.299999999999997 6.181532510892707
      vertex -12.1 20.099999999999998 6.181532510892707
      vertex 12.1 20.099999999999998 6.181532510892707
    endloop
  endfacet
  facet normal 0 0 1
    outer loop
      vertex -9.918055312393363 30.066773337110913 6.181532510892707
      vertex 12.1 20.099999999999998 6.181532510892707
      vertex -9.566773337110913 30.418055312393363 6.181532510892707
    endloop
  endfacet
  facet normal 0 0 1
    outer loop
      vertex -12.5 23.299999999999997 6.181532510892707
      vertex 12.1 20.099999999999998 6.181532510892707
      vertex -6.5 23.299999999999997 6.181532510892707
    endloop
  endfacet
  facet normal 0 0 1
    outer loop
      vertex -9.566773337110913 30.418055312393363 6.181532510892707
      vertex 12.1 20.099999999999998 6.181532510892707
      vertex -9.281827599214349 30.825 6.181532510892707
    endloop
  endfacet
  facet normal 0 0 1
    outer loop
      vertex -9.918055312393363 30.066773337110913 6.181532510892707
      vertex -6.5 25.299999999999997 6.181532510892707
      vertex 12.1 20.099999999999998 6.181532510892707
    endloop
  endfacet
  facet normal 0 0 1
    outer loop
      vertex -6.5 23.299999999999997 6.181532510892707
      vertex 12.1 20.099999999999998 6.181532510892707
      vertex -6.5 25.299999999999997 6.181532510892707
    endloop
  endfacet
  facet normal 0 0 1
    outer loop
      vertex -8.943297903915207 31.75510269364925 6.181532510892707
      vertex 6.5 25.299999999999997 6.181532510892707
      vertex -8.9 32.25 6.181532510892707
    endloop
  endfacet
  facet normal 0 0 1
    outer loop
      vertex -8.9 32.25 6.181532510892707
      vertex 6.5 25.299999999999997 6.181532510892707
      vertex -8.943297903915207 32.74489730635075 6.181532510892707
    endloop
  endfacet
  facet normal 0 0 1
    outer loop
      vertex -8.943297903915207 32.74489730635075 6.181532510892707
      vertex 6.5 25.299999999999997 6.181532510892707
      vertex -9.07187603076016 33.224757408478155 6.181532510892707
    endloop
  endfacet
  facet normal 0 0 1
    outer loop
      vertex -11.75 35.1 6.181532510892707
      vertex -11.255102693649249 35.05670209608479 6.181532510892707
      vertex 11.75 35.1 6.181532510892707
    endloop
  endfacet
  facet normal 0 0 1
    outer loop
      vertex -9.566773337110913 34.08194468760664 6.181532510892707
      vertex -9.281827599214349 33.675 6.181532510892707
      vertex 9.566773337110913 34.08194468760664 6.181532510892707
    endloop
  endfacet
  facet normal 0 0 1
    outer loop
      vertex -9.281827599214349 33.675 6.181532510892707
      vertex -9.07187603076016 33.224757408478155 6.181532510892707
      vertex 9.281827599214349 33.675 6.181532510892707
    endloop
  endfacet
  facet normal 0 0 1
    outer loop
      vertex -11.255102693649249 35.05670209608479 6.181532510892707
      vertex -10.775242591521843 34.92812396923984 6.181532510892707
      vertex 11.255102693649249 35.05670209608479 6.181532510892707
    endloop
  endfacet
  facet normal 0 0 1
    outer loop
      vertex -10.775242591521843 34.92812396923984 6.181532510892707
      vertex -10.325 34.71817240078565 6.181532510892707
      vertex 10.775242591521843 34.92812396923984 6.181532510892707
    endloop
  endfacet
  facet normal 0 0 1
    outer loop
      vertex -10.325 34.71817240078565 6.181532510892707
      vertex -9.918055312393363 34.43322666288909 6.181532510892707
      vertex 10.325 34.71817240078565 6.181532510892707
    endloop
  endfacet
  facet normal 0 0 1
    outer loop
      vertex -9.918055312393363 34.43322666288909 6.181532510892707
      vertex -9.566773337110913 34.08194468760664 6.181532510892707
      vertex 9.918055312393363 34.43322666288909 6.181532510892707
    endloop
  endfacet
  facet normal 0 0 1
    outer loop
      vertex -9.281827599214349 30.825 6.181532510892707
      vertex 12.1 20.099999999999998 6.181532510892707
      vertex -9.07187603076016 31.275242591521845 6.181532510892707
    endloop
  endfacet
  facet normal 0 0 1
    outer loop
      vertex -9.07187603076016 31.275242591521845 6.181532510892707
      vertex 12.1 20.099999999999998 6.181532510892707
      vertex -8.943297903915207 31.75510269364925 6.181532510892707
    endloop
  endfacet
  facet normal 0 0 -1
    outer loop
      vertex 5 -36.496700181165025 0
      vertex 5 -35.496700181165025 0
      vertex 16.37181254431719 -35.496700181165025 0
    endloop
  endfacet
  facet normal 0 0 -1
    outer loop
      vertex 5 -36.496700181165025 0
      vertex 16.37181254431719 -35.496700181165025 0
      vertex 17.37181254431719 -36.496700181165025 0
    endloop
  endfacet
  facet normal 0 0 -1
    outer loop
      vertex 17.37181254431719 -36.496700181165025 0
      vertex 16.37181254431719 -35.496700181165025 0
      vertex 16.851938761690747 -35.417987483168254 0
    endloop
  endfacet
  facet normal 0 0 -1
    outer loop
      vertex 17.37181254431719 -36.496700181165025 0
      vertex 16.851938761690747 -35.417987483168254 0
      vertex 17.303918991574527 -35.23790210000355 0
    endloop
  endfacet
  facet normal 0 0 -1
    outer loop
      vertex 17.37181254431719 -36.496700181165025 0
      vertex 17.303918991574527 -35.23790210000355 0
      vertex 17.706619140759113 -34.96486462403718 0
    endloop
  endfacet
  facet normal 0 0 -1
    outer loop
      vertex 17.37181254431719 -36.496700181165025 0
      vertex 18.706619140759113 -35.96486462403718 0
      vertex 17.851938761690747 -36.417987483168254 0
    endloop
  endfacet
  facet normal 0 0 -1
    outer loop
      vertex 17.37181254431719 -36.496700181165025 0
      vertex 17.706619140759113 -34.96486462403718 0
      vertex 18.041209397837697 -34.61164198418597 0
    endloop
  endfacet
  facet normal 0 0 -1
    outer loop
      vertex 17.851938761690747 -36.417987483168254 0
      vertex 18.706619140759113 -35.96486462403718 0
      vertex 18.303918991574527 -36.23790210000355 0
    endloop
  endfacet
  facet normal 0 0 -1
    outer loop
      vertex 17.37181254431719 -36.496700181165025 0
      vertex 19.5 -34.25 0
      vertex 18.706619140759113 -35.96486462403718 0
    endloop
  endfacet
  facet normal 0 0 -1
    outer loop
      vertex 17.37181254431719 -36.496700181165025 0
      vertex 18.041209397837697 -34.61164198418597 0
      vertex 19.5 -34.25 0
    endloop
  endfacet
  facet normal 0 0 -1
    outer loop
      vertex 19.5 -34.25 0
      vertex 18.041209397837697 -34.61164198418597 0
      vertex 18.29204469425965 -34.1947504785106 0
    endloop
  endfacet
  facet normal 0 0 -1
    outer loop
      vertex 18.706619140759113 -35.96486462403718 0
      vertex 19.29204469425965 -35.1947504785106 0
      vertex 19.041209397837697 -35.61164198418597 0
    endloop
  endfacet
  facet normal 0 0 -1
    outer loop
      vertex 18.706619140759113 -35.96486462403718 0
      vertex 19.5 -34.25 0
      vertex 19.29204469425965 -35.1947504785106 0
    endloop
  endfacet
  facet normal 0 0 -1
    outer loop
      vertex 19.29204469425965 -35.1947504785106 0
      vertex 19.5 -34.25 0
      vertex 19.447396250347694 -34.7336834904748 0
    endloop
  endfacet
  facet normal 0 0 -1
    outer loop
      vertex 19.5 -34.25 0
      vertex 18.29204469425965 -34.1947504785106 0
      vertex 18.447396250347694 -33.7336834904748 0
    endloop
  endfacet
  facet normal 0 0 -1
    outer loop
      vertex 19.5 -34.25 0
      vertex 18.447396250347694 -33.7336834904748 0
      vertex 18.5 -33.25 0
    endloop
  endfacet
  facet normal 0 -1 0
    outer loop
      vertex 5 -36.496700181165025 0
      vertex 17.37181254431719 -36.496700181165025 0
      vertex 17.37181254431719 -36.496700181165025 4.7
    endloop
  endfacet
  facet normal 0.1617408218503645 -0.9865753679678391 -0.02255991724921575
    outer loop
      vertex 17.37181254431719 -36.496700181165025 0
      vertex 17.851938761690747 -36.417987483168254 0
      vertex 18.363694730151426 -36.436198010057154 4.465348302439654
    endloop
  endfacet
  facet normal 0.36974362085050694 -0.9279865129155563 -0.046159361858487555
    outer loop
      vertex 17.851938761690747 -36.417987483168254 0
      vertex 18.303918991574527 -36.23790210000355 0
      vertex 18.363694730151426 -36.436198010057154 4.465348302439654
    endloop
  endfacet
  facet normal 0.5600382320693387 -0.8259945958157533 -0.06395393892341508
    outer loop
      vertex 18.303918991574527 -36.23790210000355 0
      vertex 18.706619140759113 -35.96486462403718 0
      vertex 18.81032147803126 -36.24028935457549 4.465348302439654
    endloop
  endfacet
  facet normal 0.7243837620968507 -0.6861727472668021 -0.06659674255353953
    outer loop
      vertex 18.706619140759113 -35.96486462403718 0
      vertex 19.041209397837697 -35.61164198418597 0
      vertex 19.16913732033319 -35.90997610245334 4.465348302439654
    endloop
  endfacet
  facet normal 0.85537006216484 -0.5146590903693178 -0.05889038505854784
    outer loop
      vertex 19.041209397837697 -35.61164198418597 0
      vertex 19.29204469425965 -35.1947504785106 0
      vertex 19.16913732033319 -35.90997610245334 4.465348302439654
    endloop
  endfacet
  facet normal 0.9467516519981696 -0.31899777295576387 -0.04360883268329918
    outer loop
      vertex 19.29204469425965 -35.1947504785106 0
      vertex 19.447396250347694 -34.7336834904748 0
      vertex 19.401258992942356 -35.48105281989634 4.465348302439654
    endloop
  endfacet
  facet normal 0.9940398743845518 -0.10810835127989267 -0.014046797396126326
    outer loop
      vertex 19.447396250347694 -34.7336834904748 0
      vertex 19.5 -34.25 0
      vertex 19.481532510892706 -35 4.465348302439654
    endloop
  endfacet
  facet normal 0 0 -1
    outer loop
      vertex 19.5 -34.25 0
      vertex 18.5 -33.25 0
      vertex 18.5 33.25 0
    endloop
  endfacet
  facet normal 0 -1 0
    outer loop
      vertex 5 -36.496700181165025 0
      vertex 17.37181254431719 -36.496700181165025 4.7
      vertex 5 -36.496700181165025 3.9400000000000004
    endloop
  endfacet
  facet normal 0 0 1
    outer loop
      vertex -8.943297903915207 -32.74489730635075 6.181532510892707
      vertex 8.9 -32.25 6.181532510892707
      vertex 2.3948817064058425 -27.87068800128744 6.181532510892707
    endloop
  endfacet
  facet normal 0 0 1
    outer loop
      vertex -9.918055312393363 -34.43322666288909 6.181532510892707
      vertex 9.918055312393363 -34.43322666288909 6.181532510892707
      vertex 9.566773337110913 -34.08194468760664 6.181532510892707
    endloop
  endfacet
  facet normal 0 0 1
    outer loop
      vertex -10.325 -34.71817240078565 6.181532510892707
      vertex 10.325 -34.71817240078565 6.181532510892707
      vertex 9.918055312393363 -34.43322666288909 6.181532510892707
    endloop
  endfacet
  facet normal 0 0 1
    outer loop
      vertex -10.775242591521843 -34.92812396923984 6.181532510892707
      vertex 10.775242591521843 -34.92812396923984 6.181532510892707
      vertex 10.325 -34.71817240078565 6.181532510892707
    endloop
  endfacet
  facet normal 0 0 1
    outer loop
      vertex -11.255102693649249 -35.05670209608479 6.181532510892707
      vertex 11.255102693649249 -35.05670209608479 6.181532510892707
      vertex 10.775242591521843 -34.92812396923984 6.181532510892707
    endloop
  endfacet
  facet normal 0 0 1
    outer loop
      vertex -9.281827599214349 -33.675 6.181532510892707
      vertex 9.281827599214349 -33.675 6.181532510892707
      vertex 9.07187603076016 -33.224757408478155 6.181532510892707
    endloop
  endfacet
  facet normal 0 0 1
    outer loop
      vertex -9.07187603076016 -33.224757408478155 6.181532510892707
      vertex 9.07187603076016 -33.224757408478155 6.181532510892707
      vertex 8.943297903915207 -32.74489730635075 6.181532510892707
    endloop
  endfacet
  facet normal 0 0 1
    outer loop
      vertex -8.943297903915207 -32.74489730635075 6.181532510892707
      vertex 8.943297903915207 -32.74489730635075 6.181532510892707
      vertex 8.9 -32.25 6.181532510892707
    endloop
  endfacet
  facet normal 0 0 1
    outer loop
      vertex -9.566773337110913 -34.08194468760664 6.181532510892707
      vertex 9.566773337110913 -34.08194468760664 6.181532510892707
      vertex 9.281827599214349 -33.675 6.181532510892707
    endloop
  endfacet
  facet normal 0 0 1
    outer loop
      vertex -11.75 -35.1 6.181532510892707
      vertex 11.75 -35.1 6.181532510892707
      vertex 11.255102693649249 -35.05670209608479 6.181532510892707
    endloop
  endfacet
  facet normal 0 0 1
    outer loop
      vertex -18.20637000868037 -35.11168186372557 6.181532510892707
      vertex 18.1851731601435 -35.14412605569578 6.181532510892707
      vertex 11.75 -35.1 6.181532510892707
    endloop
  endfacet
  facet normal 0 -1 0
    outer loop
      vertex -5 -36.496700181165025 3.9400000000000004
      vertex 5 -36.496700181165025 3.9400000000000004
      vertex 17.37181254431719 -36.496700181165025 4.7
    endloop
  endfacet
  facet normal 0 -0.9963050377189369 0.08588522466564076
    outer loop
      vertex -17.12818745568281 -36.496700181165025 4.7
      vertex 17.37181254431719 -36.496700181165025 4.7
      vertex 17.8776560149545 -36.47647232624091 4.934651697560346
    endloop
  endfacet
  facet normal 0 -0.9513663267719527 0.30806186437863786
    outer loop
      vertex -18.11036810336858 -36.33194492776085 5.38098574960932
      vertex 17.8776560149545 -36.47647232624091 4.934651697560346
      vertex 17.88963189663142 -36.33194492776085 5.38098574960932
    endloop
  endfacet
  facet normal 0 -0.809971714613853 0.5864689433597444
    outer loop
      vertex -18.08758862275415 -36.05703747954556 5.760660171779822
      vertex 17.88963189663142 -36.33194492776085 5.38098574960932
      vertex 17.91241137724585 -36.05703747954556 5.760660171779822
    endloop
  endfacet
  facet normal 0 -0.5891013969669263 0.8080591216560925
    outer loop
      vertex -18.08758862275415 -36.05703747954556 5.760660171779822
      vertex 17.91241137724585 -36.05703747954556 5.760660171779822
      vertex 17.943764642521277 -35.67865983801917 6.0365097862825525
    endloop
  endfacet
  facet normal 0 -0.30997445890081426 0.9507448841982519
    outer loop
      vertex -18.019377383598506 -35.233850243046334 6.181532510892707
      vertex 17.943764642521277 -35.67865983801917 6.0365097862825525
      vertex 17.980622616401494 -35.233850243046334 6.181532510892707
    endloop
  endfacet
  facet normal 0 0 1
    outer loop
      vertex -18.019377383598506 -35.233850243046334 6.181532510892707
      vertex 17.980622616401494 -35.233850243046334 6.181532510892707
      vertex 18.1851731601435 -35.14412605569578 6.181532510892707
    endloop
  endfacet
  facet normal 0 0 1
    outer loop
      vertex 2.3948817064058425 -27.87068800128744 6.181532510892707
      vertex 9.281827599214349 -30.825 6.181532510892707
      vertex 3.1522089838374514 -27.579977296730156 6.181532510892707
    endloop
  endfacet
  facet normal 0 0 1
    outer loop
      vertex 3.1522089838374514 -27.579977296730156 6.181532510892707
      vertex 9.566773337110913 -30.418055312393363 6.181532510892707
      vertex 3.875 -27.2116968793294 6.181532510892707
    endloop
  endfacet
  facet normal 0 0 1
    outer loop
      vertex 2.3948817064058425 -27.87068800128744 6.181532510892707
      vertex 8.9 -32.25 6.181532510892707
      vertex 8.943297903915207 -31.75510269364925 6.181532510892707
    endloop
  endfacet
  facet normal 0 0 1
    outer loop
      vertex 2.3948817064058425 -27.87068800128744 6.181532510892707
      vertex 8.943297903915207 -31.75510269364925 6.181532510892707
      vertex 9.07187603076016 -31.275242591521845 6.181532510892707
    endloop
  endfacet
  facet normal 0 0 1
    outer loop
      vertex 2.3948817064058425 -27.87068800128744 6.181532510892707
      vertex 9.07187603076016 -31.275242591521845 6.181532510892707
      vertex 9.281827599214349 -30.825 6.181532510892707
    endloop
  endfacet
  facet normal 0 0 1
    outer loop
      vertex 3.875 -27.2116968793294 6.181532510892707
      vertex 9.918055312393363 -30.066773337110913 6.181532510892707
      vertex 4.555335705266667 -26.769881706405844 6.181532510892707
    endloop
  endfacet
  facet normal 0 0 1
    outer loop
      vertex 4.555335705266667 -26.769881706405844 6.181532510892707
      vertex 10.325 -29.78182759921435 6.181532510892707
      vertex 5.185762199281151 -26.259372397449805 6.181532510892707
    endloop
  endfacet
  facet normal 0 0 1
    outer loop
      vertex 3.1522089838374514 -27.579977296730156 6.181532510892707
      vertex 9.281827599214349 -30.825 6.181532510892707
      vertex 9.566773337110913 -30.418055312393363 6.181532510892707
    endloop
  endfacet
  facet normal 0 0 1
    outer loop
      vertex 3.875 -27.2116968793294 6.181532510892707
      vertex 9.566773337110913 -30.418055312393363 6.181532510892707
      vertex 9.918055312393363 -30.066773337110913 6.181532510892707
    endloop
  endfacet
  facet normal 0 0 1
    outer loop
      vertex 4.555335705266667 -26.769881706405844 6.181532510892707
      vertex 9.918055312393363 -30.066773337110913 6.181532510892707
      vertex 10.325 -29.78182759921435 6.181532510892707
    endloop
  endfacet
  facet normal 0 0 1
    outer loop
      vertex 5.185762199281151 -26.259372397449805 6.181532510892707
      vertex 10.325 -29.78182759921435 6.181532510892707
      vertex 10.775242591521843 -29.571876030760162 6.181532510892707
    endloop
  endfacet
  facet normal 0 0 1
    outer loop
      vertex 5.7593723974498054 -25.68576219928115 6.181532510892707
      vertex 10.775242591521843 -29.571876030760162 6.181532510892707
      vertex 11.255102693649249 -29.44329790391521 6.181532510892707
    endloop
  endfacet
  facet normal 0 0 1
    outer loop
      vertex 5.185762199281151 -26.259372397449805 6.181532510892707
      vertex 10.775242591521843 -29.571876030760162 6.181532510892707
      vertex 5.7593723974498054 -25.68576219928115 6.181532510892707
    endloop
  endfacet
  facet normal 0 0 1
    outer loop
      vertex 7.079977296730156 -23.65220898383745 6.181532510892707
      vertex 7.3432372542187885 -23.190838939219354 6.181532510892707
      vertex 7.303741464481668 -23.06928339735768 6.181532510892707
    endloop
  endfacet
  facet normal 0 0 1
    outer loop
      vertex 5.7593723974498054 -25.68576219928115 6.181532510892707
      vertex 11.255102693649249 -29.44329790391521 6.181532510892707
      vertex 6.269881706405843 -25.055335705266668 6.181532510892707
    endloop
  endfacet
  facet normal 0 0 1
    outer loop
      vertex 6.269881706405843 -25.055335705266668 6.181532510892707
      vertex 11.75 -29.4 6.181532510892707
      vertex 6.711696879329399 -24.375 6.181532510892707
    endloop
  endfacet
  facet normal 0 0 1
    outer loop
      vertex 7.079977296730156 -23.65220898383745 6.181532510892707
      vertex 7.7182372542187885 -23.463292387221365 6.181532510892707
      vertex 7.3432372542187885 -23.190838939219354 6.181532510892707
    endloop
  endfacet
  facet normal 0 0 1
    outer loop
      vertex 6.711696879329399 -24.375 6.181532510892707
      vertex 12.724757408478157 -29.571876030760162 6.181532510892707
      vertex 7.079977296730156 -23.65220898383745 6.181532510892707
    endloop
  endfacet
  facet normal 0 0 1
    outer loop
      vertex 7.079977296730156 -23.65220898383745 6.181532510892707
      vertex 13.175 -29.78182759921435 6.181532510892707
      vertex 7.7182372542187885 -23.463292387221365 6.181532510892707
    endloop
  endfacet
  facet normal 0 0 1
    outer loop
      vertex 0 -12.75 6.181532510892707
      vertex 0.8100955903243144 -12.792455310895882 6.181532510892707
      vertex -0.12318023422468048 -9.498102878853464 6.181532510892707
    endloop
  endfacet
  facet normal 0 0 1
    outer loop
      vertex 0.8100955903243144 -12.792455310895882 6.181532510892707
      vertex 1.6113156038376348 -12.919356094313006 6.181532510892707
      vertex 0.8557323328259911 -9.407393271038403 6.181532510892707
    endloop
  endfacet
  facet normal 0 0 1
    outer loop
      vertex -0.12318023422468048 -9.498102878853464 6.181532510892707
      vertex 0.8100955903243144 -12.792455310895882 6.181532510892707
      vertex 0.3690734378532091 -9.482936705180137 6.181532510892707
    endloop
  endfacet
  facet normal 0 0 1
    outer loop
      vertex 0.8100955903243144 -12.792455310895882 6.181532510892707
      vertex 0.8557323328259911 -9.407393271038403 6.181532510892707
      vertex 0.3690734378532091 -9.482936705180137 6.181532510892707
    endloop
  endfacet
  facet normal 0 0 1
    outer loop
      vertex 1.6113156038376348 -12.919356094313006 6.181532510892707
      vertex 2.3948817064058425 -13.12931199871256 6.181532510892707
      vertex 1.3294191979186403 -9.27261773788511 6.181532510892707
    endloop
  endfacet
  facet normal 0 0 1
    outer loop
      vertex 0.8557323328259911 -9.407393271038403 6.181532510892707
      vertex 1.6113156038376348 -12.919356094313006 6.181532510892707
      vertex 1.3294191979186403 -9.27261773788511 6.181532510892707
    endloop
  endfacet
  facet normal 0 0 1
    outer loop
      vertex 2.3948817064058425 -13.12931199871256 6.181532510892707
      vertex 1.7829534231061548 -9.080653165420248 6.181532510892707
      vertex 1.3294191979186403 -9.27261773788511 6.181532510892707
    endloop
  endfacet
  facet normal 0 0 1
    outer loop
      vertex 3.1522089838374514 -13.420022703269844 6.181532510892707
      vertex 2.209459891842022 -8.83440954088448 6.181532510892707
      vertex 1.7829534231061548 -9.080653165420248 6.181532510892707
    endloop
  endfacet
  facet normal 0 0 1
    outer loop
      vertex 2.3948817064058425 -13.12931199871256 6.181532510892707
      vertex 3.1522089838374514 -13.420022703269844 6.181532510892707
      vertex 1.7829534231061548 -9.080653165420248 6.181532510892707
    endloop
  endfacet
  facet normal 0 0 1
    outer loop
      vertex 3.875 -13.788303120670601 6.181532510892707
      vertex 2.6024732008169673 -8.537619666618829 6.181532510892707
      vertex 3.1522089838374514 -13.420022703269844 6.181532510892707
    endloop
  endfacet
  facet normal 0 0 1
    outer loop
      vertex 3.1522089838374514 -13.420022703269844 6.181532510892707
      vertex 2.6024732008169673 -8.537619666618829 6.181532510892707
      vertex 2.209459891842022 -8.83440954088448 6.181532510892707
    endloop
  endfacet
  facet normal 0 0 1
    outer loop
      vertex 3.875 -13.788303120670601 6.181532510892707
      vertex 2.9560356688826355 -8.19478257458623 6.181532510892707
      vertex 2.6024732008169673 -8.537619666618829 6.181532510892707
    endloop
  endfacet
  facet normal 0 0 1
    outer loop
      vertex 4.555335705266667 -14.230118293594156 6.181532510892707
      vertex 3.2647876494248864 -7.811095325633005 6.181532510892707
      vertex 2.9560356688826355 -8.19478257458623 6.181532510892707
    endloop
  endfacet
  facet normal 0 0 1
    outer loop
      vertex 3.875 -13.788303120670601 6.181532510892707
      vertex 4.555335705266667 -14.230118293594156 6.181532510892707
      vertex 2.9560356688826355 -8.19478257458623 6.181532510892707
    endloop
  endfacet
  facet normal 0 0 1
    outer loop
      vertex 4.555335705266667 -14.230118293594156 6.181532510892707
      vertex 5.185762199281151 -14.740627602550195 6.181532510892707
      vertex 3.5240487771431375 -7.392374227344041 6.181532510892707
    endloop
  endfacet
  facet normal 0 0 1
    outer loop
      vertex 3.5240487771431375 -7.392374227344041 6.181532510892707
      vertex 5.185762199281151 -14.740627602550195 6.181532510892707
      vertex 5.7593723974498054 -15.31423780071885 6.181532510892707
    endloop
  endfacet
  facet normal 0 0 1
    outer loop
      vertex 4.555335705266667 -14.230118293594156 6.181532510892707
      vertex 3.5240487771431375 -7.392374227344041 6.181532510892707
      vertex 3.2647876494248864 -7.811095325633005 6.181532510892707
    endloop
  endfacet
  facet normal 0 0 1
    outer loop
      vertex 7.303741464481668 -17.93071660264232 6.181532510892707
      vertex 7.3432372542187885 -17.809161060780646 6.181532510892707
      vertex 7.079977296730156 -17.34779101616255 6.181532510892707
    endloop
  endfacet
  facet normal 0 0 1
    outer loop
      vertex 3.5240487771431375 -7.392374227344041 6.181532510892707
      vertex 5.7593723974498054 -15.31423780071885 6.181532510892707
      vertex 6.269881706405843 -15.944664294733332 6.181532510892707
    endloop
  endfacet
  facet normal 0 0 1
    outer loop
      vertex 3.5240487771431375 -7.392374227344041 6.181532510892707
      vertex 6.269881706405843 -15.944664294733332 6.181532510892707
      vertex 6.711696879329399 -16.625 6.181532510892707
    endloop
  endfacet
  facet normal 0 0 1
    outer loop
      vertex 3.5240487771431375 -7.392374227344041 6.181532510892707
      vertex 12.68176274578121 -17.536707612778635 6.181532510892707
      vertex 3.729888917617423 -6.944966664748613 6.181532510892707
    endloop
  endfacet
  facet normal 0 0 1
    outer loop
      vertex 3.729888917617423 -6.944966664748613 6.181532510892707
      vertex 12.68176274578121 -17.536707612778635 6.181532510892707
      vertex 3.879187744140038 -6.475654880433509 6.181532510892707
    endloop
  endfacet
  facet normal 0 0 1
    outer loop
      vertex 3.879187744140038 -6.475654880433509 6.181532510892707
      vertex 12.68176274578121 -17.536707612778635 6.181532510892707
      vertex 3.969682038687743 -5.991553162658857 6.181532510892707
    endloop
  endfacet
  facet normal 0 0 1
    outer loop
      vertex 3.969682038687743 -5.991553162658857 6.181532510892707
      vertex 12.68176274578121 -17.536707612778635 6.181532510892707
      vertex 4 -5.5 6.181532510892707
    endloop
  endfacet
  facet normal 0 0 1
    outer loop
      vertex 7.079977296730156 -17.34779101616255 6.181532510892707
      vertex 7.3432372542187885 -17.809161060780646 6.181532510892707
      vertex 7.7182372542187885 -17.536707612778635 6.181532510892707
    endloop
  endfacet
  facet normal 0 0 1
    outer loop
      vertex 3.5240487771431375 -7.392374227344041 6.181532510892707
      vertex 6.711696879329399 -16.625 6.181532510892707
      vertex 12.68176274578121 -17.536707612778635 6.181532510892707
    endloop
  endfacet
  facet normal 0 0 1
    outer loop
      vertex 7.079977296730156 -17.34779101616255 6.181532510892707
      vertex 12.68176274578121 -17.536707612778635 6.181532510892707
      vertex 6.711696879329399 -16.625 6.181532510892707
    endloop
  endfacet
  facet normal 0 0 1
    outer loop
      vertex 7.079977296730156 -17.34779101616255 6.181532510892707
      vertex 7.7182372542187885 -17.536707612778635 6.181532510892707
      vertex 12.68176274578121 -17.536707612778635 6.181532510892707
    endloop
  endfacet
  facet normal 0 0 1
    outer loop
      vertex 4 -5.5 6.181532510892707
      vertex 12.1 6.499999999999998 6.181532510892707
      vertex 3.969682038687743 -5.008446837341143 6.181532510892707
    endloop
  endfacet
  facet normal 0 0 1
    outer loop
      vertex 3.524048777143138 -3.6076257726559597 6.181532510892707
      vertex 12.1 6.499999999999998 6.181532510892707
      vertex 3.264787649424887 -3.1889046743669955 6.181532510892707
    endloop
  endfacet
  facet normal 0 0 1
    outer loop
      vertex 3.969682038687743 -5.008446837341143 6.181532510892707
      vertex 12.1 6.499999999999998 6.181532510892707
      vertex 3.879187744140038 -4.524345119566491 6.181532510892707
    endloop
  endfacet
  facet normal 0 0 1
    outer loop
      vertex 3.7298889176174232 -4.055033335251388 6.181532510892707
      vertex 3.879187744140038 -4.524345119566491 6.181532510892707
      vertex 12.1 6.499999999999998 6.181532510892707
    endloop
  endfacet
  facet normal 0 0 1
    outer loop
      vertex 3.524048777143138 -3.6076257726559597 6.181532510892707
      vertex 3.7298889176174232 -4.055033335251388 6.181532510892707
      vertex 12.1 6.499999999999998 6.181532510892707
    endloop
  endfacet
  facet normal 0 0 1
    outer loop
      vertex 4 -5.5 6.181532510892707
      vertex 12.68176274578121 -17.536707612778635 6.181532510892707
      vertex 12.1 6.499999999999998 6.181532510892707
    endloop
  endfacet
  facet normal 0.08257837814921408 -0.9965728191526538 -0.004840205406519638
    outer loop
      vertex 17.37181254431719 -36.496700181165025 0
      vertex 18.363694730151426 -36.436198010057154 4.465348302439654
      vertex 17.8776560149545 -36.47647232624091 4.465348302439654
    endloop
  endfacet
  facet normal 0.4012702799151963 -0.9148040942791624 -0.0459959949002239
    outer loop
      vertex 18.303918991574527 -36.23790210000355 0
      vertex 18.81032147803126 -36.24028935457549 4.465348302439654
      vertex 18.363694730151426 -36.436198010057154 4.465348302439654
    endloop
  endfacet
  facet normal 0.6760205194907644 -0.7343540428852318 -0.06099505656651589
    outer loop
      vertex 18.706619140759113 -35.96486462403718 0
      vertex 19.16913732033319 -35.90997610245334 4.465348302439654
      vertex 18.81032147803126 -36.24028935457549 4.465348302439654
    endloop
  endfacet
  facet normal 0.8782859062574356 -0.4753045634971839 -0.051956123684377895
    outer loop
      vertex 19.29204469425965 -35.1947504785106 0
      vertex 19.401258992942356 -35.48105281989634 4.465348302439654
      vertex 19.16913732033319 -35.90997610245334 4.465348302439654
    endloop
  endfacet
  facet normal 0.9862127590860458 -0.16456980261838267 -0.01735436204634151
    outer loop
      vertex 19.447396250347694 -34.7336834904748 0
      vertex 19.481532510892706 -35 4.465348302439654
      vertex 19.401258992942356 -35.48105281989634 4.465348302439654
    endloop
  endfacet
  facet normal 0.039956434339659556 -0.9992014228146698 0
    outer loop
      vertex 17.37181254431719 -36.496700181165025 0
      vertex 17.8776560149545 -36.47647232624091 4.934651697560346
      vertex 17.37181254431719 -36.496700181165025 4.7
    endloop
  endfacet
  facet normal 0.03995643433965956 -0.9992014228146697 0
    outer loop
      vertex 17.37181254431719 -36.496700181165025 0
      vertex 17.8776560149545 -36.47647232624091 4.465348302439654
      vertex 17.8776560149545 -36.47647232624091 4.934651697560346
    endloop
  endfacet
  facet normal 0.9996969838692268 -0.024615857546933437 0
    outer loop
      vertex 19.5 -34.25 0
      vertex 19.481532510892706 -35 4.934651697560346
      vertex 19.481532510892706 -35 4.465348302439654
    endloop
  endfacet
  facet normal 0.9996969838692268 -0.02461585754693342 0
    outer loop
      vertex 19.5 -34.25 0
      vertex 19.5 -34.25 4.7
      vertex 19.481532510892706 -35 4.934651697560346
    endloop
  endfacet
  facet normal 0 0 1
    outer loop
      vertex 10.67753777963343 -33.149902653561156 6.181532510892707
      vertex 11.05 -33.462435565298215 6.181532510892707
      vertex 10.434430330899728 -32.72882820065593 6.181532510892707
    endloop
  endfacet
  facet normal 0 0 1
    outer loop
      vertex 10.35 -32.25 6.181532510892707
      vertex 10.434430330899728 -32.72882820065593 6.181532510892707
      vertex 11.506892551266297 -33.62873085421709 6.181532510892707
    endloop
  endfacet
  facet normal 0 0 1
    outer loop
      vertex 10.434430330899728 -32.72882820065593 6.181532510892707
      vertex 11.05 -33.462435565298215 6.181532510892707
      vertex 11.506892551266297 -33.62873085421709 6.181532510892707
    endloop
  endfacet
  facet normal 0 0 1
    outer loop
      vertex 10.35 -32.25 6.181532510892707
      vertex 11.506892551266297 -33.62873085421709 6.181532510892707
      vertex 11.993107448733703 -33.62873085421709 6.181532510892707
    endloop
  endfacet
  facet normal 0 0 1
    outer loop
      vertex 10.35 -32.25 6.181532510892707
      vertex 13.065569669100272 -32.72882820065593 6.181532510892707
      vertex 10.434430330899728 -31.771171799344064 6.181532510892707
    endloop
  endfacet
  facet normal 0 0 1
    outer loop
      vertex 10.35 -32.25 6.181532510892707
      vertex 11.993107448733703 -33.62873085421709 6.181532510892707
      vertex 12.45 -33.462435565298215 6.181532510892707
    endloop
  endfacet
  facet normal 0 0 1
    outer loop
      vertex 10.35 -32.25 6.181532510892707
      vertex 12.45 -33.462435565298215 6.181532510892707
      vertex 12.82246222036657 -33.149902653561156 6.181532510892707
    endloop
  endfacet
  facet normal 0 0 1
    outer loop
      vertex 10.35 -32.25 6.181532510892707
      vertex 12.82246222036657 -33.149902653561156 6.181532510892707
      vertex 13.065569669100272 -32.72882820065593 6.181532510892707
    endloop
  endfacet
  facet normal 0 0 1
    outer loop
      vertex 6.269881706405843 -25.055335705266668 6.181532510892707
      vertex 11.255102693649249 -29.44329790391521 6.181532510892707
      vertex 11.75 -29.4 6.181532510892707
    endloop
  endfacet
  facet normal 0 0 1
    outer loop
      vertex 6.711696879329399 -24.375 6.181532510892707
      vertex 11.75 -29.4 6.181532510892707
      vertex 12.244897306350751 -29.44329790391521 6.181532510892707
    endloop
  endfacet
  facet normal 0 0 1
    outer loop
      vertex 6.711696879329399 -24.375 6.181532510892707
      vertex 12.244897306350751 -29.44329790391521 6.181532510892707
      vertex 12.724757408478157 -29.571876030760162 6.181532510892707
    endloop
  endfacet
  facet normal 0 0 1
    outer loop
      vertex 10.434430330899728 -31.771171799344064 6.181532510892707
      vertex 13.15 -32.25 6.181532510892707
      vertex 10.67753777963343 -31.350097346438844 6.181532510892707
    endloop
  endfacet
  facet normal 0 0 1
    outer loop
      vertex 10.67753777963343 -31.350097346438844 6.181532510892707
      vertex 13.15 -32.25 6.181532510892707
      vertex 11.05 -31.037564434701785 6.181532510892707
    endloop
  endfacet
  facet normal 0 0 1
    outer loop
      vertex 11.05 -31.037564434701785 6.181532510892707
      vertex 13.065569669100272 -31.771171799344064 6.181532510892707
      vertex 11.506892551266297 -30.871269145782907 6.181532510892707
    endloop
  endfacet
  facet normal 0 0 1
    outer loop
      vertex 11.506892551266297 -30.871269145782907 6.181532510892707
      vertex 12.82246222036657 -31.350097346438844 6.181532510892707
      vertex 11.993107448733703 -30.871269145782907 6.181532510892707
    endloop
  endfacet
  facet normal 0 0 1
    outer loop
      vertex 7.079977296730156 -23.65220898383745 6.181532510892707
      vertex 12.724757408478157 -29.571876030760162 6.181532510892707
      vertex 13.175 -29.78182759921435 6.181532510892707
    endloop
  endfacet
  facet normal 0 0 1
    outer loop
      vertex 7.7182372542187885 -23.463292387221365 6.181532510892707
      vertex 13.175 -29.78182759921435 6.181532510892707
      vertex 13.581944687606637 -30.066773337110913 6.181532510892707
    endloop
  endfacet
  facet normal 0 0 1
    outer loop
      vertex 7.7182372542187885 -23.463292387221365 6.181532510892707
      vertex 13.581944687606637 -30.066773337110913 6.181532510892707
      vertex 13.933226662889087 -30.418055312393363 6.181532510892707
    endloop
  endfacet
  facet normal 0 0 1
    outer loop
      vertex 10.434430330899728 -31.771171799344064 6.181532510892707
      vertex 13.065569669100272 -32.72882820065593 6.181532510892707
      vertex 13.15 -32.25 6.181532510892707
    endloop
  endfacet
  facet normal 0 0 1
    outer loop
      vertex 11.75 -35.1 6.181532510892707
      vertex 18.1851731601435 -35.14412605569578 6.181532510892707
      vertex 12.244897306350751 -35.05670209608479 6.181532510892707
    endloop
  endfacet
  facet normal 0 0 1
    outer loop
      vertex 12.244897306350751 -35.05670209608479 6.181532510892707
      vertex 18.1851731601435 -35.14412605569578 6.181532510892707
      vertex 12.724757408478157 -34.92812396923984 6.181532510892707
    endloop
  endfacet
  facet normal 0 0 1
    outer loop
      vertex 11.05 -31.037564434701785 6.181532510892707
      vertex 13.15 -32.25 6.181532510892707
      vertex 13.065569669100272 -31.771171799344064 6.181532510892707
    endloop
  endfacet
  facet normal 0 0 1
    outer loop
      vertex 11.506892551266297 -30.871269145782907 6.181532510892707
      vertex 13.065569669100272 -31.771171799344064 6.181532510892707
      vertex 12.82246222036657 -31.350097346438844 6.181532510892707
    endloop
  endfacet
  facet normal 0 0 1
    outer loop
      vertex 11.993107448733703 -30.871269145782907 6.181532510892707
      vertex 12.82246222036657 -31.350097346438844 6.181532510892707
      vertex 12.45 -31.037564434701785 6.181532510892707
    endloop
  endfacet
  facet normal 0 0 1
    outer loop
      vertex 7.7182372542187885 -23.463292387221365 6.181532510892707
      vertex 13.933226662889087 -30.418055312393363 6.181532510892707
      vertex 18.1851731601435 -35.14412605569578 6.181532510892707
    endloop
  endfacet
  facet normal 0 0 1
    outer loop
      vertex 7.7182372542187885 -23.463292387221365 6.181532510892707
      vertex 18.1851731601435 -35.14412605569578 6.181532510892707
      vertex 12.68176274578121 -23.463292387221365 6.181532510892707
    endloop
  endfacet
  facet normal 0.08257934547233672 -0.9965844930066695 0
    outer loop
      vertex 17.8776560149545 -36.47647232624091 4.465348302439654
      vertex 18.363694730151426 -36.436198010057154 4.465348302439654
      vertex 17.8776560149545 -36.47647232624091 4.934651697560346
    endloop
  endfacet
  facet normal 0.4016954246529715 -0.9157733266550566 0
    outer loop
      vertex 18.363694730151426 -36.436198010057154 4.465348302439654
      vertex 18.81032147803126 -36.24028935457549 4.465348302439654
      vertex 18.363694730151426 -36.436198010057154 4.934651697560346
    endloop
  endfacet
  facet normal 0.6772815716257415 -0.7357239106731313 0
    outer loop
      vertex 18.81032147803126 -36.24028935457549 4.465348302439654
      vertex 19.16913732033319 -35.90997610245334 4.465348302439654
      vertex 19.16913732033319 -35.90997610245334 4.934651697560346
    endloop
  endfacet
  facet normal 0.8794737512064885 -0.4759473930370745 0
    outer loop
      vertex 19.16913732033319 -35.90997610245334 4.465348302439654
      vertex 19.401258992942356 -35.48105281989634 4.465348302439654
      vertex 19.401258992942356 -35.48105281989634 4.934651697560346
    endloop
  endfacet
  facet normal 0.9863613034027229 -0.16459459028073076 0
    outer loop
      vertex 19.401258992942356 -35.48105281989634 4.465348302439654
      vertex 19.481532510892706 -35 4.465348302439654
      vertex 19.481532510892706 -35 4.934651697560346
    endloop
  endfacet
  facet normal 0.08257934547233672 -0.9965844930066695 0
    outer loop
      vertex 18.363694730151426 -36.436198010057154 4.465348302439654
      vertex 18.363694730151426 -36.436198010057154 4.934651697560346
      vertex 17.8776560149545 -36.47647232624091 4.934651697560346
    endloop
  endfacet
  facet normal 0.07863941043547495 -0.9490365481939385 0.30519743334191934
    outer loop
      vertex 17.8776560149545 -36.47647232624091 4.934651697560346
      vertex 18.363694730151426 -36.436198010057154 4.934651697560346
      vertex 18.32809375595402 -36.29561294225282 5.38098574960932
    endloop
  endfacet
  facet normal 0.4016954246529715 -0.9157733266550566 0
    outer loop
      vertex 18.81032147803126 -36.24028935457549 4.465348302439654
      vertex 18.81032147803126 -36.24028935457549 4.934651697560346
      vertex 18.363694730151426 -36.436198010057154 4.934651697560346
    endloop
  endfacet
  facet normal 0.6772815716257415 -0.7357239106731313 0
    outer loop
      vertex 18.81032147803126 -36.24028935457549 4.465348302439654
      vertex 19.16913732033319 -35.90997610245334 4.934651697560346
      vertex 18.81032147803126 -36.24028935457549 4.934651697560346
    endloop
  endfacet
  facet normal 0.8794737512064885 -0.4759473930370745 0
    outer loop
      vertex 19.16913732033319 -35.90997610245334 4.465348302439654
      vertex 19.401258992942356 -35.48105281989634 4.934651697560346
      vertex 19.16913732033319 -35.90997610245334 4.934651697560346
    endloop
  endfacet
  facet normal 0.9863613034027229 -0.16459459028073076 0
    outer loop
      vertex 19.401258992942356 -35.48105281989634 4.465348302439654
      vertex 19.481532510892706 -35 4.934651697560346
      vertex 19.401258992942356 -35.48105281989634 4.934651697560346
    endloop
  endfacet
  facet normal 0.382530173721461 -0.8720809554589178 0.3051974333419104
    outer loop
      vertex 18.363694730151426 -36.436198010057154 4.934651697560346
      vertex 18.81032147803126 -36.24028935457549 4.934651697560346
      vertex 18.73100156591984 -36.11888119094557 5.38098574960932
    endloop
  endfacet
  facet normal 0.6449678571175194 -0.7006218594696746 0.3051974333419113
    outer loop
      vertex 18.81032147803126 -36.24028935457549 4.934651697560346
      vertex 19.16913732033319 -35.90997610245334 4.934651697560346
      vertex 18.73100156591984 -36.11888119094557 5.38098574960932
    endloop
  endfacet
  facet normal 0.8375132654874602 -0.4532395137386371 0.30519743334191884
    outer loop
      vertex 19.16913732033319 -35.90997610245334 4.934651697560346
      vertex 19.401258992942356 -35.48105281989634 4.934651697560346
      vertex 19.264093999567667 -35.43396401819281 5.38098574960932
    endloop
  endfacet
  facet normal 0.9393011161845662 -0.15674163395835117 0.3051974333419174
    outer loop
      vertex 19.401258992942356 -35.48105281989634 4.934651697560346
      vertex 19.481532510892706 -35 4.934651697560346
      vertex 19.33650978628255 -35 5.38098574960932
    endloop
  endfacet
  facet normal 0 0 1
    outer loop
      vertex 12.724757408478157 -34.92812396923984 6.181532510892707
      vertex 18.1851731601435 -35.14412605569578 6.181532510892707
      vertex 13.175 -34.71817240078565 6.181532510892707
    endloop
  endfacet
  facet normal 0 0 1
    outer loop
      vertex 13.175 -34.71817240078565 6.181532510892707
      vertex 18.1851731601435 -35.14412605569578 6.181532510892707
      vertex 13.581944687606637 -34.43322666288909 6.181532510892707
    endloop
  endfacet
  facet normal 0 0 1
    outer loop
      vertex 13.581944687606637 -34.43322666288909 6.181532510892707
      vertex 18.1851731601435 -35.14412605569578 6.181532510892707
      vertex 13.933226662889087 -34.08194468760664 6.181532510892707
    endloop
  endfacet
  facet normal 0 0 1
    outer loop
      vertex 13.933226662889087 -34.08194468760664 6.181532510892707
      vertex 18.1851731601435 -35.14412605569578 6.181532510892707
      vertex 14.218172400785651 -33.675 6.181532510892707
    endloop
  endfacet
  facet normal 0 0 1
    outer loop
      vertex 14.218172400785651 -33.675 6.181532510892707
      vertex 18.1851731601435 -35.14412605569578 6.181532510892707
      vertex 14.42812396923984 -33.224757408478155 6.181532510892707
    endloop
  endfacet
  facet normal 0 0 1
    outer loop
      vertex 14.42812396923984 -33.224757408478155 6.181532510892707
      vertex 18.1851731601435 -35.14412605569578 6.181532510892707
      vertex 14.556702096084793 -32.74489730635075 6.181532510892707
    endloop
  endfacet
  facet normal 0 0 1
    outer loop
      vertex 14.556702096084793 -32.74489730635075 6.181532510892707
      vertex 18.1851731601435 -35.14412605569578 6.181532510892707
      vertex 14.6 -32.25 6.181532510892707
    endloop
  endfacet
  facet normal 0 0 1
    outer loop
      vertex 13.933226662889087 -30.418055312393363 6.181532510892707
      vertex 14.218172400785651 -30.825 6.181532510892707
      vertex 18.1851731601435 -35.14412605569578 6.181532510892707
    endloop
  endfacet
  facet normal 0 0 1
    outer loop
      vertex 14.6 -32.25 6.181532510892707
      vertex 18.1851731601435 -35.14412605569578 6.181532510892707
      vertex 14.556702096084793 -31.75510269364925 6.181532510892707
    endloop
  endfacet
  facet normal 0 0 1
    outer loop
      vertex 14.556702096084793 -31.75510269364925 6.181532510892707
      vertex 18.1851731601435 -35.14412605569578 6.181532510892707
      vertex 14.42812396923984 -31.275242591521845 6.181532510892707
    endloop
  endfacet
  facet normal 0 0 1
    outer loop
      vertex 14.218172400785651 -30.825 6.181532510892707
      vertex 14.42812396923984 -31.275242591521845 6.181532510892707
      vertex 18.1851731601435 -35.14412605569578 6.181532510892707
    endloop
  endfacet
  facet normal 0.07863941043547412 -0.9490365481939383 0.30519743334192007
    outer loop
      vertex 17.8776560149545 -36.47647232624091 4.934651697560346
      vertex 18.32809375595402 -36.29561294225282 5.38098574960932
      vertex 17.88963189663142 -36.33194492776085 5.38098574960932
    endloop
  endfacet
  facet normal 0.06712296252203276 -0.8100536906838907 0.5825010953737972
    outer loop
      vertex 17.88963189663142 -36.33194492776085 5.38098574960932
      vertex 18.32809375595402 -36.29561294225282 5.38098574960932
      vertex 17.91241137724585 -36.05703747954556 5.760660171779822
    endloop
  endfacet
  facet normal 0.06712296252204104 -0.8100536906838856 0.5825010953738031
    outer loop
      vertex 18.32809375595402 -36.29561294225282 5.38098574960932
      vertex 18.260376678960213 -36.02820425259461 5.760660171779822
      vertex 17.91241137724585 -36.05703747954556 5.760660171779822
    endloop
  endfacet
  facet normal 0.38253017372145265 -0.8720809554589187 0.305197433341918
    outer loop
      vertex 18.363694730151426 -36.436198010057154 4.934651697560346
      vertex 18.73100156591984 -36.11888119094557 5.38098574960932
      vertex 18.32809375595402 -36.29561294225282 5.38098574960932
    endloop
  endfacet
  facet normal 0.6449678571175231 -0.7006218594696686 0.30519743334191785
    outer loop
      vertex 19.16913732033319 -35.90997610245334 4.934651697560346
      vertex 19.05469401356028 -35.82090130136889 5.38098574960932
      vertex 18.73100156591984 -36.11888119094557 5.38098574960932
    endloop
  endfacet
  facet normal 0.837513265487462 -0.45323951373863525 0.3051974333419165
    outer loop
      vertex 19.16913732033319 -35.90997610245334 4.934651697560346
      vertex 19.264093999567667 -35.43396401819281 5.38098574960932
      vertex 19.05469401356028 -35.82090130136889 5.38098574960932
    endloop
  endfacet
  facet normal 0.9393011161845642 -0.1567416339583553 0.3051974333419215
    outer loop
      vertex 19.401258992942356 -35.48105281989634 4.934651697560346
      vertex 19.33650978628255 -35 5.38098574960932
      vertex 19.264093999567667 -35.43396401819281 5.38098574960932
    endloop
  endfacet
  facet normal 0.3265100586597094 -0.7443679570497064 0.5825010953738023
    outer loop
      vertex 18.32809375595402 -36.29561294225282 5.38098574960932
      vertex 18.73100156591984 -36.11888119094557 5.38098574960932
      vertex 18.58012612734879 -35.88794914064224 5.760660171779822
    endloop
  endfacet
  facet normal 0.5505147236160651 -0.5980184052102882 0.582501095373795
    outer loop
      vertex 18.73100156591984 -36.11888119094557 5.38098574960932
      vertex 19.05469401356028 -35.82090130136889 5.38098574960932
      vertex 18.837009908254796 -35.651470961350775 5.760660171779822
    endloop
  endfacet
  facet normal 0.3265100586597089 -0.7443679570497064 0.5825010953738027
    outer loop
      vertex 18.32809375595402 -36.29561294225282 5.38098574960932
      vertex 18.58012612734879 -35.88794914064224 5.760660171779822
      vertex 18.260376678960213 -36.02820425259461 5.760660171779822
    endloop
  endfacet
  facet normal 0.5505147236160546 -0.5980184052102914 0.5825010953738017
    outer loop
      vertex 18.73100156591984 -36.11888119094557 5.38098574960932
      vertex 18.837009908254796 -35.651470961350775 5.760660171779822
      vertex 18.58012612734879 -35.88794914064224 5.760660171779822
    endloop
  endfacet
  facet normal 0.7148625761525428 -0.386864279954712 0.5825010953737961
    outer loop
      vertex 19.05469401356028 -35.82090130136889 5.38098574960932
      vertex 19.264093999567667 -35.43396401819281 5.38098574960932
      vertex 19.003190678054512 -35.34439579478346 5.760660171779822
    endloop
  endfacet
  facet normal 0.714862576152543 -0.3868642799547119 0.582501095373796
    outer loop
      vertex 19.05469401356028 -35.82090130136889 5.38098574960932
      vertex 19.003190678054512 -35.34439579478346 5.760660171779822
      vertex 18.837009908254796 -35.651470961350775 5.760660171779822
    endloop
  endfacet
  facet normal 0.8017439763271543 -0.13378740714824697 0.5825010953737962
    outer loop
      vertex 19.264093999567667 -35.43396401819281 5.38098574960932
      vertex 19.33650978628255 -35 5.38098574960932
      vertex 19.060660171779823 -35 5.760660171779822
    endloop
  endfacet
  facet normal 0.801743976327154 -0.1337874071482477 0.5825010953737969
    outer loop
      vertex 19.264093999567667 -35.43396401819281 5.38098574960932
      vertex 19.060660171779823 -35 5.760660171779822
      vertex 19.003190678054512 -35.34439579478346 5.760660171779822
    endloop
  endfacet
  facet normal 0.048975065044064764 -0.5910411385284261 0.8051532870025132
    outer loop
      vertex 17.91241137724585 -36.05703747954556 5.760660171779822
      vertex 18.260376678960213 -36.02820425259461 5.760660171779822
      vertex 18.167172118478785 -35.66014776677217 6.0365097862825525
    endloop
  endfacet
  facet normal 0.048975065044057096 -0.5910411385284231 0.805153287002516
    outer loop
      vertex 17.91241137724585 -36.05703747954556 5.760660171779822
      vertex 18.167172118478785 -35.66014776677217 6.0365097862825525
      vertex 17.943764642521277 -35.67865983801917 6.0365097862825525
    endloop
  endfacet
  facet normal 0.23823220489038513 -0.5431147217504914 0.8051532870025135
    outer loop
      vertex 18.260376678960213 -36.02820425259461 5.760660171779822
      vertex 18.372463901456438 -35.570098441747405 6.0365097862825525
      vertex 18.167172118478785 -35.66014776677217 6.0365097862825525
    endloop
  endfacet
  facet normal 0.025836943715239456 -0.3118055405503325 0.9497945868563216
    outer loop
      vertex 17.943764642521277 -35.67865983801917 6.0365097862825525
      vertex 18.167172118478785 -35.66014776677217 6.0365097862825525
      vertex 17.980622616401494 -35.233850243046334 6.181532510892707
    endloop
  endfacet
  facet normal 0.025836943715255727 -0.31180554055032594 0.9497945868563231
    outer loop
      vertex 18.167172118478785 -35.66014776677217 6.0365097862825525
      vertex 18.057603586284017 -35.22747141801811 6.181532510892707
      vertex 17.980622616401494 -35.233850243046334 6.181532510892707
    endloop
  endfacet
  facet normal 0.1256801203504718 -0.28652181440008545 0.9497945868563235
    outer loop
      vertex 18.167172118478785 -35.66014776677217 6.0365097862825525
      vertex 18.128342313780934 -35.19644253526492 6.181532510892707
      vertex 18.057603586284017 -35.22747141801811 6.181532510892707
    endloop
  endfacet
  facet normal 0.1256801203504916 -0.2865218144000832 0.9497945868563213
    outer loop
      vertex 18.167172118478785 -35.66014776677217 6.0365097862825525
      vertex 18.372463901456438 -35.570098441747405 6.0365097862825525
      vertex 18.128342313780934 -35.19644253526492 6.181532510892707
    endloop
  endfacet
  facet normal 0.21190390581778232 -0.23018900381555707 0.9497945868563212
    outer loop
      vertex 18.128342313780934 -35.19644253526492 6.181532510892707
      vertex 18.372463901456438 -35.570098441747405 6.0365097862825525
      vertex 18.1851731601435 -35.14412605569578 6.181532510892707
    endloop
  endfacet
  facet normal 0 0 1
    outer loop
      vertex 17.980622616401494 -35.233850243046334 6.181532510892707
      vertex 18.057603586284017 -35.22747141801811 6.181532510892707
      vertex 18.128342313780934 -35.19644253526492 6.181532510892707
    endloop
  endfacet
  facet normal 0 0 1
    outer loop
      vertex 17.980622616401494 -35.233850243046334 6.181532510892707
      vertex 18.128342313780934 -35.19644253526492 6.181532510892707
      vertex 18.1851731601435 -35.14412605569578 6.181532510892707
    endloop
  endfacet
  facet normal 0 0 1
    outer loop
      vertex 18.1851731601435 -35.14412605569578 6.181532510892707
      vertex 18.2219376213469 -35.07619128164582 6.181532510892707
      vertex 18.234651697560345 -35 6.181532510892707
    endloop
  endfacet
  facet normal 0.238232204890387 -0.5431147217504915 0.805153287002513
    outer loop
      vertex 18.260376678960213 -36.02820425259461 5.760660171779822
      vertex 18.58012612734879 -35.88794914064224 5.760660171779822
      vertex 18.372463901456438 -35.570098441747405 6.0365097862825525
    endloop
  endfacet
  facet normal 0.4016731887833205 -0.43633339757768547 0.8051532870025138
    outer loop
      vertex 18.58012612734879 -35.88794914064224 5.760660171779822
      vertex 18.837009908254796 -35.651470961350775 5.760660171779822
      vertex 18.372463901456438 -35.570098441747405 6.0365097862825525
    endloop
  endfacet
  facet normal 0.5215866500698899 -0.2822685793670925 0.8051532870025147
    outer loop
      vertex 18.837009908254796 -35.651470961350775 5.760660171779822
      vertex 19.003190678054512 -35.34439579478346 5.760660171779822
      vertex 18.644088063332926 -35.2211157114341 6.0365097862825525
    endloop
  endfacet
  facet normal 0.5849781045706309 -0.09761558073380004 0.8051532870025153
    outer loop
      vertex 19.003190678054512 -35.34439579478346 5.760660171779822
      vertex 19.060660171779823 -35 5.760660171779822
      vertex 18.68098574960932 -35 6.0365097862825525
    endloop
  endfacet
  facet normal 0.4016731887833243 -0.4363333975776754 0.8051532870025173
    outer loop
      vertex 18.837009908254796 -35.651470961350775 5.760660171779822
      vertex 18.537393441338384 -35.418270104570546 6.0365097862825525
      vertex 18.372463901456438 -35.570098441747405 6.0365097862825525
    endloop
  endfacet
  facet normal 0.5215866500698849 -0.28226857936709604 0.8051532870025165
    outer loop
      vertex 18.837009908254796 -35.651470961350775 5.760660171779822
      vertex 18.644088063332926 -35.2211157114341 6.0365097862825525
      vertex 18.537393441338384 -35.418270104570546 6.0365097862825525
    endloop
  endfacet
  facet normal 0.21190390581778054 -0.23018900381555787 0.9497945868563215
    outer loop
      vertex 18.1851731601435 -35.14412605569578 6.181532510892707
      vertex 18.372463901456438 -35.570098441747405 6.0365097862825525
      vertex 18.537393441338384 -35.418270104570546 6.0365097862825525
    endloop
  endfacet
  facet normal 0.5849781045706329 -0.09761558073379734 0.8051532870025143
    outer loop
      vertex 19.003190678054512 -35.34439579478346 5.760660171779822
      vertex 18.68098574960932 -35 6.0365097862825525
      vertex 18.644088063332926 -35.2211157114341 6.0365097862825525
    endloop
  endfacet
  facet normal 0.27516461506182827 -0.14891164291721512 0.9497945868563222
    outer loop
      vertex 18.1851731601435 -35.14412605569578 6.181532510892707
      vertex 18.644088063332926 -35.2211157114341 6.0365097862825525
      vertex 18.2219376213469 -35.07619128164582 6.181532510892707
    endloop
  endfacet
  facet normal 0.30860696864501264 -0.05149739490657708 0.9497945868563225
    outer loop
      vertex 18.2219376213469 -35.07619128164582 6.181532510892707
      vertex 18.68098574960932 -35 6.0365097862825525
      vertex 18.234651697560345 -35 6.181532510892707
    endloop
  endfacet
  facet normal 0.27516461506182727 -0.1489116429172203 0.9497945868563217
    outer loop
      vertex 18.1851731601435 -35.14412605569578 6.181532510892707
      vertex 18.537393441338384 -35.418270104570546 6.0365097862825525
      vertex 18.644088063332926 -35.2211157114341 6.0365097862825525
    endloop
  endfacet
  facet normal 0.30860696864501386 -0.0514973949065856 0.9497945868563216
    outer loop
      vertex 18.2219376213469 -35.07619128164582 6.181532510892707
      vertex 18.644088063332926 -35.2211157114341 6.0365097862825525
      vertex 18.68098574960932 -35 6.0365097862825525
    endloop
  endfacet
  facet normal 0 0 1
    outer loop
      vertex 12.68176274578121 -23.463292387221365 6.181532510892707
      vertex 18.1851731601435 -35.14412605569578 6.181532510892707
      vertex 13.05676274578121 -23.190838939219354 6.181532510892707
    endloop
  endfacet
  facet normal 0 0 1
    outer loop
      vertex 13.05676274578121 -23.190838939219354 6.181532510892707
      vertex 18.1851731601435 -35.14412605569578 6.181532510892707
      vertex 13.2 -22.75 6.181532510892707
    endloop
  endfacet
  facet normal 0 0 1
    outer loop
      vertex 13.2 -22.75 6.181532510892707
      vertex 18.1851731601435 -35.14412605569578 6.181532510892707
      vertex 13.2 -18.25 6.181532510892707
    endloop
  endfacet
  facet normal 1 0 0
    outer loop
      vertex 19.5 -34.25 0
      vertex 19.5 34.25 4.7
      vertex 19.5 -34.25 4.7
    endloop
  endfacet
  facet normal 0 0 1
    outer loop
      vertex 13.2 -18.25 6.181532510892707
      vertex 18.1851731601435 -35.14412605569578 6.181532510892707
      vertex 12.1 6.499999999999998 6.181532510892707
    endloop
  endfacet
  facet normal 0 0 1
    outer loop
      vertex 13.2 -18.25 6.181532510892707
      vertex 12.1 6.499999999999998 6.181532510892707
      vertex 13.05676274578121 -17.809161060780646 6.181532510892707
    endloop
  endfacet
  facet normal 0 0 1
    outer loop
      vertex 12.68176274578121 -17.536707612778635 6.181532510892707
      vertex 13.05676274578121 -17.809161060780646 6.181532510892707
      vertex 12.1 6.499999999999998 6.181532510892707
    endloop
  endfacet
  facet normal 0 0 1
    outer loop
      vertex 18.1851731601435 -35.14412605569578 6.181532510892707
      vertex 12.1 20.099999999999998 6.181532510892707
      vertex 12.1 6.499999999999998 6.181532510892707
    endloop
  endfacet
  facet normal 0.9969173337331276 0 0.0784590957278495
    outer loop
      vertex 19.5 -34.25 4.7
      vertex 19.5 34.25 4.7
      vertex 19.481532510892706 -35 4.934651697560346
    endloop
  endfacet
  facet normal 0.9510565162951541 0 0.30901699437494584
    outer loop
      vertex 19.481532510892706 -35 4.934651697560346
      vertex 19.33650978628255 35 5.38098574960932
      vertex 19.33650978628255 -35 5.38098574960932
    endloop
  endfacet
  facet normal 0.8090169943749498 0 0.58778525229247
    outer loop
      vertex 19.33650978628255 -35 5.38098574960932
      vertex 19.33650978628255 35 5.38098574960932
      vertex 19.060660171779823 -35 5.760660171779822
    endloop
  endfacet
  facet normal 0 0 1
    outer loop
      vertex 18.1851731601435 -35.14412605569578 6.181532510892707
      vertex 18.234651697560345 -35 6.181532510892707
      vertex 18.2219376213469 35.07619128164582 6.181532510892707
    endloop
  endfacet
  facet normal 0.5877852522924716 0 0.8090169943749486
    outer loop
      vertex 19.060660171779823 -35 5.760660171779822
      vertex 18.68098574960932 35 6.0365097862825525
      vertex 18.68098574960932 -35 6.0365097862825525
    endloop
  endfacet
  facet normal 0.3090169943749453 0 0.9510565162951544
    outer loop
      vertex 18.234651697560345 -35 6.181532510892707
      vertex 18.68098574960932 -35 6.0365097862825525
      vertex 18.68098574960932 35 6.0365097862825525
    endloop
  endfacet
  facet normal 0 0 -1
    outer loop
      vertex 17.37181254431719 36.496700181165025 0
      vertex 16.37181254431719 35.496700181165025 0
      vertex -16.12818745568281 35.496700181165025 0
    endloop
  endfacet
  facet normal 0 1 0
    outer loop
      vertex -17.12818745568281 36.496700181165025 0
      vertex 17.37181254431719 36.496700181165025 4.7
      vertex 17.37181254431719 36.496700181165025 0
    endloop
  endfacet
  facet normal 0 0 -1
    outer loop
      vertex 19.5 -34.25 0
      vertex 18.5 33.25 0
      vertex 19.29204469425965 35.19475047851059 0
    endloop
  endfacet
  facet normal 0 0 -1
    outer loop
      vertex 19.5 -34.25 0
      vertex 19.29204469425965 35.19475047851059 0
      vertex 19.5 34.25 0
    endloop
  endfacet
  facet normal 1 0 0
    outer loop
      vertex 19.5 -34.25 0
      vertex 19.5 34.25 0
      vertex 19.5 34.25 4.7
    endloop
  endfacet
  facet normal 0 0 -1
    outer loop
      vertex 17.37181254431719 36.496700181165025 0
      vertex 16.851938761690747 35.417987483168254 0
      vertex 16.37181254431719 35.496700181165025 0
    endloop
  endfacet
  facet normal 0 0 -1
    outer loop
      vertex 19.29204469425965 35.19475047851059 0
      vertex 17.303918991574527 35.23790210000355 0
      vertex 16.851938761690747 35.417987483168254 0
    endloop
  endfacet
  facet normal 0 0 -1
    outer loop
      vertex 19.29204469425965 35.19475047851059 0
      vertex 17.706619140759113 34.96486462403718 0
      vertex 17.303918991574527 35.23790210000355 0
    endloop
  endfacet
  facet normal 0 0 -1
    outer loop
      vertex 17.37181254431719 36.496700181165025 0
      vertex 19.29204469425965 35.19475047851059 0
      vertex 16.851938761690747 35.417987483168254 0
    endloop
  endfacet
  facet normal 0 0 -1
    outer loop
      vertex 17.37181254431719 36.496700181165025 0
      vertex 17.851938761690747 36.417987483168254 0
      vertex 18.706619140759113 35.96486462403718 0
    endloop
  endfacet
  facet normal 0 0 -1
    outer loop
      vertex 19.29204469425965 35.19475047851059 0
      vertex 18.5 33.25 0
      vertex 18.447396250347694 33.7336834904748 0
    endloop
  endfacet
  facet normal 0 0 -1
    outer loop
      vertex 19.29204469425965 35.19475047851059 0
      vertex 18.29204469425965 34.19475047851059 0
      vertex 18.041209397837697 34.61164198418597 0
    endloop
  endfacet
  facet normal 0 0 -1
    outer loop
      vertex 19.29204469425965 35.19475047851059 0
      vertex 18.041209397837697 34.61164198418597 0
      vertex 17.706619140759113 34.96486462403718 0
    endloop
  endfacet
  facet normal 0 0 -1
    outer loop
      vertex 19.29204469425965 35.19475047851059 0
      vertex 18.447396250347694 33.7336834904748 0
      vertex 18.29204469425965 34.19475047851059 0
    endloop
  endfacet
  facet normal 0 0 -1
    outer loop
      vertex 17.37181254431719 36.496700181165025 0
      vertex 18.706619140759113 35.96486462403718 0
      vertex 19.29204469425965 35.19475047851059 0
    endloop
  endfacet
  facet normal 0 0 -1
    outer loop
      vertex 17.851938761690747 36.417987483168254 0
      vertex 18.303918991574527 36.23790210000355 0
      vertex 18.706619140759113 35.96486462403718 0
    endloop
  endfacet
  facet normal 0 0 -1
    outer loop
      vertex 19.5 34.25 0
      vertex 19.29204469425965 35.19475047851059 0
      vertex 19.447396250347694 34.7336834904748 0
    endloop
  endfacet
  facet normal 0 0 -1
    outer loop
      vertex 18.706619140759113 35.96486462403718 0
      vertex 19.041209397837697 35.61164198418597 0
      vertex 19.29204469425965 35.19475047851059 0
    endloop
  endfacet
  facet normal 0.1617408218503645 0.9865753679678391 -0.02255991724921575
    outer loop
      vertex 17.37181254431719 36.496700181165025 0
      vertex 18.363694730151426 36.436198010057154 4.465348302439654
      vertex 17.851938761690747 36.417987483168254 0
    endloop
  endfacet
  facet normal 0.36974362085050694 0.9279865129155563 -0.046159361858487555
    outer loop
      vertex 17.851938761690747 36.417987483168254 0
      vertex 18.363694730151426 36.436198010057154 4.465348302439654
      vertex 18.303918991574527 36.23790210000355 0
    endloop
  endfacet
  facet normal 0.5600382320693387 0.8259945958157533 -0.06395393892341508
    outer loop
      vertex 18.303918991574527 36.23790210000355 0
      vertex 18.81032147803126 36.24028935457549 4.465348302439654
      vertex 18.706619140759113 35.96486462403718 0
    endloop
  endfacet
  facet normal 0.9940398743845518 0.10810835127989267 -0.014046797396126326
    outer loop
      vertex 19.5 34.25 0
      vertex 19.447396250347694 34.7336834904748 0
      vertex 19.481532510892706 35 4.465348302439654
    endloop
  endfacet
  facet normal 0.946751651998168 0.3189977729557682 -0.04360883268329993
    outer loop
      vertex 19.447396250347694 34.7336834904748 0
      vertex 19.29204469425965 35.19475047851059 0
      vertex 19.401258992942356 35.48105281989634 4.465348302439654
    endloop
  endfacet
  facet normal 0.7243837620968507 0.6861727472668021 -0.06659674255353953
    outer loop
      vertex 18.706619140759113 35.96486462403718 0
      vertex 19.16913732033319 35.90997610245334 4.465348302439654
      vertex 19.041209397837697 35.61164198418597 0
    endloop
  endfacet
  facet normal 0.8553700621648439 0.5146590903693113 -0.05889038505854751
    outer loop
      vertex 19.29204469425965 35.19475047851059 0
      vertex 19.041209397837697 35.61164198418597 0
      vertex 19.16913732033319 35.90997610245334 4.465348302439654
    endloop
  endfacet
  facet normal 0 0 1
    outer loop
      vertex -3 3.699999999999998 6.181532510892707
      vertex 0.8557323328259901 -1.5926067289615973 6.181532510892707
      vertex 3 3.699999999999998 6.181532510892707
    endloop
  endfacet
  facet normal 0 0 1
    outer loop
      vertex -12.1 6.499999999999998 6.181532510892707
      vertex 3 5.6999999999999975 6.181532510892707
      vertex 12.1 6.499999999999998 6.181532510892707
    endloop
  endfacet
  facet normal 0 0 1
    outer loop
      vertex 0.8557323328259901 -1.5926067289615973 6.181532510892707
      vertex 1.3294191979186383 -1.7273822621148902 6.181532510892707
      vertex 12.1 6.499999999999998 6.181532510892707
    endloop
  endfacet
  facet normal 0 0 1
    outer loop
      vertex 1.3294191979186383 -1.7273822621148902 6.181532510892707
      vertex 1.7829534231061528 -1.9193468345797506 6.181532510892707
      vertex 12.1 6.499999999999998 6.181532510892707
    endloop
  endfacet
  facet normal 0 0 1
    outer loop
      vertex 1.7829534231061528 -1.9193468345797506 6.181532510892707
      vertex 2.209459891842023 -2.165590459115522 6.181532510892707
      vertex 12.1 6.499999999999998 6.181532510892707
    endloop
  endfacet
  facet normal 0 0 1
    outer loop
      vertex 2.209459891842023 -2.165590459115522 6.181532510892707
      vertex 2.602473200816968 -2.4623803333811716 6.181532510892707
      vertex 12.1 6.499999999999998 6.181532510892707
    endloop
  endfacet
  facet normal 0 0 1
    outer loop
      vertex 2.602473200816968 -2.4623803333811716 6.181532510892707
      vertex 2.9560356688826364 -2.805217425413771 6.181532510892707
      vertex 12.1 6.499999999999998 6.181532510892707
    endloop
  endfacet
  facet normal 0 0 1
    outer loop
      vertex 0.8557323328259901 -1.5926067289615973 6.181532510892707
      vertex 12.1 6.499999999999998 6.181532510892707
      vertex 3 3.699999999999998 6.181532510892707
    endloop
  endfacet
  facet normal 0 0 1
    outer loop
      vertex 2.9560356688826364 -2.805217425413771 6.181532510892707
      vertex 3.264787649424887 -3.1889046743669955 6.181532510892707
      vertex 12.1 6.499999999999998 6.181532510892707
    endloop
  endfacet
  facet normal 0 0 1
    outer loop
      vertex 3 3.699999999999998 6.181532510892707
      vertex 12.1 6.499999999999998 6.181532510892707
      vertex 3 5.6999999999999975 6.181532510892707
    endloop
  endfacet
  facet normal 0 0 1
    outer loop
      vertex -8.943297903915207 31.75510269364925 6.181532510892707
      vertex 6.5 23.299999999999997 6.181532510892707
      vertex 6.5 25.299999999999997 6.181532510892707
    endloop
  endfacet
  facet normal 0 0 1
    outer loop
      vertex -8.943297903915207 31.75510269364925 6.181532510892707
      vertex 12.1 20.099999999999998 6.181532510892707
      vertex 6.5 23.299999999999997 6.181532510892707
    endloop
  endfacet
  facet normal 0 0 1
    outer loop
      vertex -9.07187603076016 33.224757408478155 6.181532510892707
      vertex 6.5 25.299999999999997 6.181532510892707
      vertex 12.5 25.299999999999997 6.181532510892707
    endloop
  endfacet
  facet normal 0 0 1
    outer loop
      vertex -9.07187603076016 33.224757408478155 6.181532510892707
      vertex 9.281827599214349 30.825 6.181532510892707
      vertex 9.07187603076016 31.275242591521845 6.181532510892707
    endloop
  endfacet
  facet normal 0 0 1
    outer loop
      vertex -9.07187603076016 33.224757408478155 6.181532510892707
      vertex 9.566773337110913 30.418055312393363 6.181532510892707
      vertex 9.281827599214349 30.825 6.181532510892707
    endloop
  endfacet
  facet normal 0 0 1
    outer loop
      vertex -9.07187603076016 33.224757408478155 6.181532510892707
      vertex 9.918055312393363 30.066773337110913 6.181532510892707
      vertex 9.566773337110913 30.418055312393363 6.181532510892707
    endloop
  endfacet
  facet normal 0 0 1
    outer loop
      vertex -9.07187603076016 33.224757408478155 6.181532510892707
      vertex 12.5 25.299999999999997 6.181532510892707
      vertex 10.775242591521843 29.571876030760162 6.181532510892707
    endloop
  endfacet
  facet normal 0 0 1
    outer loop
      vertex -9.07187603076016 33.224757408478155 6.181532510892707
      vertex 10.325 29.78182759921435 6.181532510892707
      vertex 9.918055312393363 30.066773337110913 6.181532510892707
    endloop
  endfacet
  facet normal 0 0 1
    outer loop
      vertex -9.07187603076016 33.224757408478155 6.181532510892707
      vertex 10.775242591521843 29.571876030760162 6.181532510892707
      vertex 10.325 29.78182759921435 6.181532510892707
    endloop
  endfacet
  facet normal 0 0 1
    outer loop
      vertex -9.07187603076016 33.224757408478155 6.181532510892707
      vertex 9.07187603076016 31.275242591521845 6.181532510892707
      vertex 8.943297903915207 31.75510269364925 6.181532510892707
    endloop
  endfacet
  facet normal 0 0 1
    outer loop
      vertex -9.07187603076016 33.224757408478155 6.181532510892707
      vertex 8.943297903915207 31.75510269364925 6.181532510892707
      vertex 8.9 32.25 6.181532510892707
    endloop
  endfacet
  facet normal 0 0 1
    outer loop
      vertex -9.07187603076016 33.224757408478155 6.181532510892707
      vertex 8.9 32.25 6.181532510892707
      vertex 8.943297903915207 32.74489730635075 6.181532510892707
    endloop
  endfacet
  facet normal 0 0 1
    outer loop
      vertex -9.07187603076016 33.224757408478155 6.181532510892707
      vertex 8.943297903915207 32.74489730635075 6.181532510892707
      vertex 9.07187603076016 33.224757408478155 6.181532510892707
    endloop
  endfacet
  facet normal 0 0 1
    outer loop
      vertex -9.07187603076016 33.224757408478155 6.181532510892707
      vertex 9.07187603076016 33.224757408478155 6.181532510892707
      vertex 9.281827599214349 33.675 6.181532510892707
    endloop
  endfacet
  facet normal 0 0 1
    outer loop
      vertex -9.281827599214349 33.675 6.181532510892707
      vertex 9.281827599214349 33.675 6.181532510892707
      vertex 9.566773337110913 34.08194468760664 6.181532510892707
    endloop
  endfacet
  facet normal 0 0 1
    outer loop
      vertex -9.566773337110913 34.08194468760664 6.181532510892707
      vertex 9.566773337110913 34.08194468760664 6.181532510892707
      vertex 9.918055312393363 34.43322666288909 6.181532510892707
    endloop
  endfacet
  facet normal 0 0 1
    outer loop
      vertex -9.918055312393363 34.43322666288909 6.181532510892707
      vertex 9.918055312393363 34.43322666288909 6.181532510892707
      vertex 10.325 34.71817240078565 6.181532510892707
    endloop
  endfacet
  facet normal 0 0 1
    outer loop
      vertex -10.325 34.71817240078565 6.181532510892707
      vertex 10.325 34.71817240078565 6.181532510892707
      vertex 10.775242591521843 34.92812396923984 6.181532510892707
    endloop
  endfacet
  facet normal 0 0 1
    outer loop
      vertex -10.775242591521843 34.92812396923984 6.181532510892707
      vertex 10.775242591521843 34.92812396923984 6.181532510892707
      vertex 11.255102693649249 35.05670209608479 6.181532510892707
    endloop
  endfacet
  facet normal 0 0 1
    outer loop
      vertex -18.20637000868037 35.11168186372557 6.181532510892707
      vertex 11.75 35.1 6.181532510892707
      vertex 17.980622616401494 35.233850243046334 6.181532510892707
    endloop
  endfacet
  facet normal 0 0 1
    outer loop
      vertex -11.255102693649249 35.05670209608479 6.181532510892707
      vertex 11.255102693649249 35.05670209608479 6.181532510892707
      vertex 11.75 35.1 6.181532510892707
    endloop
  endfacet
  facet normal 0 0.9963050377189369 0.08588522466564076
    outer loop
      vertex -18.1223439850455 36.47647232624091 4.934651697560346
      vertex 17.8776560149545 36.47647232624091 4.934651697560346
      vertex 17.37181254431719 36.496700181165025 4.7
    endloop
  endfacet
  facet normal 0 0.9513663267719527 0.30806186437863786
    outer loop
      vertex -18.11036810336858 36.33194492776085 5.38098574960932
      vertex 17.88963189663142 36.33194492776085 5.38098574960932
      vertex 17.8776560149545 36.47647232624091 4.934651697560346
    endloop
  endfacet
  facet normal 0 0.809971714613853 0.5864689433597444
    outer loop
      vertex -18.11036810336858 36.33194492776085 5.38098574960932
      vertex 17.91241137724585 36.05703747954556 5.760660171779822
      vertex 17.88963189663142 36.33194492776085 5.38098574960932
    endloop
  endfacet
  facet normal 0 0.5891013969669263 0.8080591216560925
    outer loop
      vertex -18.08758862275415 36.05703747954556 5.760660171779822
      vertex 17.943764642521277 35.67865983801917 6.0365097862825525
      vertex 17.91241137724585 36.05703747954556 5.760660171779822
    endloop
  endfacet
  facet normal 0 0.30997445890081426 0.9507448841982519
    outer loop
      vertex -18.056235357478723 35.67865983801917 6.0365097862825525
      vertex 17.980622616401494 35.233850243046334 6.181532510892707
      vertex 17.943764642521277 35.67865983801917 6.0365097862825525
    endloop
  endfacet
  facet normal 0 0 1
    outer loop
      vertex 18.1851731601435 -35.14412605569578 6.181532510892707
      vertex 18.2219376213469 35.07619128164582 6.181532510892707
      vertex 12.1 20.099999999999998 6.181532510892707
    endloop
  endfacet
  facet normal 0.9969173337331275 0 0.07845909572784948
    outer loop
      vertex 19.481532510892706 -35 4.934651697560346
      vertex 19.5 34.25 4.7
      vertex 19.481532510892706 35 4.934651697560346
    endloop
  endfacet
  facet normal 0.9510565162951541 0 0.30901699437494584
    outer loop
      vertex 19.481532510892706 -35 4.934651697560346
      vertex 19.481532510892706 35 4.934651697560346
      vertex 19.33650978628255 35 5.38098574960932
    endloop
  endfacet
  facet normal 0.8090169943749498 0 0.58778525229247
    outer loop
      vertex 19.060660171779823 -35 5.760660171779822
      vertex 19.33650978628255 35 5.38098574960932
      vertex 19.060660171779823 35 5.760660171779822
    endloop
  endfacet
  facet normal 0 0 1
    outer loop
      vertex 18.234651697560345 -35 6.181532510892707
      vertex 18.234651697560345 35 6.181532510892707
      vertex 18.2219376213469 35.07619128164582 6.181532510892707
    endloop
  endfacet
  facet normal 0.5877852522924716 0 0.8090169943749486
    outer loop
      vertex 19.060660171779823 -35 5.760660171779822
      vertex 19.060660171779823 35 5.760660171779822
      vertex 18.68098574960932 35 6.0365097862825525
    endloop
  endfacet
  facet normal 0.3090169943749453 0 0.9510565162951544
    outer loop
      vertex 18.234651697560345 -35 6.181532510892707
      vertex 18.68098574960932 35 6.0365097862825525
      vertex 18.234651697560345 35 6.181532510892707
    endloop
  endfacet
  facet normal 0.08257837814921408 0.9965728191526538 -0.004840205406519638
    outer loop
      vertex 17.37181254431719 36.496700181165025 0
      vertex 17.8776560149545 36.47647232624091 4.465348302439654
      vertex 18.363694730151426 36.436198010057154 4.465348302439654
    endloop
  endfacet
  facet normal 0.4012702799151963 0.9148040942791624 -0.0459959949002239
    outer loop
      vertex 18.303918991574527 36.23790210000355 0
      vertex 18.363694730151426 36.436198010057154 4.465348302439654
      vertex 18.81032147803126 36.24028935457549 4.465348302439654
    endloop
  endfacet
  facet normal 0.9862127590860458 0.16456980261838267 -0.01735436204634151
    outer loop
      vertex 19.447396250347694 34.7336834904748 0
      vertex 19.401258992942356 35.48105281989634 4.465348302439654
      vertex 19.481532510892706 35 4.465348302439654
    endloop
  endfacet
  facet normal 0.6760205194907644 0.7343540428852318 -0.06099505656651589
    outer loop
      vertex 18.706619140759113 35.96486462403718 0
      vertex 18.81032147803126 36.24028935457549 4.465348302439654
      vertex 19.16913732033319 35.90997610245334 4.465348302439654
    endloop
  endfacet
  facet normal 0.8782859062574356 0.4753045634971839 -0.05195612368437865
    outer loop
      vertex 19.29204469425965 35.19475047851059 0
      vertex 19.16913732033319 35.90997610245334 4.465348302439654
      vertex 19.401258992942356 35.48105281989634 4.465348302439654
    endloop
  endfacet
  facet normal 0.039956434339659556 0.9992014228146698 0
    outer loop
      vertex 17.37181254431719 36.496700181165025 0
      vertex 17.37181254431719 36.496700181165025 4.7
      vertex 17.8776560149545 36.47647232624091 4.934651697560346
    endloop
  endfacet
  facet normal 0.03995643433965956 0.9992014228146697 0
    outer loop
      vertex 17.37181254431719 36.496700181165025 0
      vertex 17.8776560149545 36.47647232624091 4.934651697560346
      vertex 17.8776560149545 36.47647232624091 4.465348302439654
    endloop
  endfacet
  facet normal 0.9996969838692268 0.024615857546933437 0
    outer loop
      vertex 19.5 34.25 0
      vertex 19.481532510892706 35 4.465348302439654
      vertex 19.481532510892706 35 4.934651697560346
    endloop
  endfacet
  facet normal 0.9996969838692268 0.02461585754693342 0
    outer loop
      vertex 19.5 34.25 0
      vertex 19.481532510892706 35 4.934651697560346
      vertex 19.5 34.25 4.7
    endloop
  endfacet
  facet normal 0 0 1
    outer loop
      vertex 6.5 23.299999999999997 6.181532510892707
      vertex 12.1 20.099999999999998 6.181532510892707
      vertex 12.5 23.299999999999997 6.181532510892707
    endloop
  endfacet
  facet normal 0 0 1
    outer loop
      vertex 12.1 20.099999999999998 6.181532510892707
      vertex 13.581944687606637 30.066773337110913 6.181532510892707
      vertex 12.5 23.299999999999997 6.181532510892707
    endloop
  endfacet
  facet normal 0 0 1
    outer loop
      vertex 12.5 23.299999999999997 6.181532510892707
      vertex 13.175 29.78182759921435 6.181532510892707
      vertex 12.5 25.299999999999997 6.181532510892707
    endloop
  endfacet
  facet normal 0 0 1
    outer loop
      vertex 12.1 20.099999999999998 6.181532510892707
      vertex 13.933226662889087 30.418055312393363 6.181532510892707
      vertex 13.581944687606637 30.066773337110913 6.181532510892707
    endloop
  endfacet
  facet normal 0 0 1
    outer loop
      vertex 12.1 20.099999999999998 6.181532510892707
      vertex 14.218172400785651 30.825 6.181532510892707
      vertex 13.933226662889087 30.418055312393363 6.181532510892707
    endloop
  endfacet
  facet normal 0 0 1
    outer loop
      vertex 12.5 25.299999999999997 6.181532510892707
      vertex 11.255102693649249 29.44329790391521 6.181532510892707
      vertex 10.775242591521843 29.571876030760162 6.181532510892707
    endloop
  endfacet
  facet normal 0 0 1
    outer loop
      vertex 12.5 25.299999999999997 6.181532510892707
      vertex 11.75 29.4 6.181532510892707
      vertex 11.255102693649249 29.44329790391521 6.181532510892707
    endloop
  endfacet
  facet normal 0 0 1
    outer loop
      vertex 12.5 25.299999999999997 6.181532510892707
      vertex 12.244897306350751 29.44329790391521 6.181532510892707
      vertex 11.75 29.4 6.181532510892707
    endloop
  endfacet
  facet normal 0 0 1
    outer loop
      vertex 10.434430330899728 31.771171799344064 6.181532510892707
      vertex 10.67753777963343 31.350097346438844 6.181532510892707
      vertex 13.15 32.25 6.181532510892707
    endloop
  endfacet
  facet normal 0 0 1
    outer loop
      vertex 10.67753777963343 31.350097346438844 6.181532510892707
      vertex 11.05 31.037564434701785 6.181532510892707
      vertex 13.15 32.25 6.181532510892707
    endloop
  endfacet
  facet normal 0 0 1
    outer loop
      vertex 11.506892551266297 30.871269145782907 6.181532510892707
      vertex 11.993107448733703 30.871269145782907 6.181532510892707
      vertex 13.065569669100272 31.771171799344064 6.181532510892707
    endloop
  endfacet
  facet normal 0 0 1
    outer loop
      vertex 11.05 31.037564434701785 6.181532510892707
      vertex 11.506892551266297 30.871269145782907 6.181532510892707
      vertex 13.15 32.25 6.181532510892707
    endloop
  endfacet
  facet normal 0 0 1
    outer loop
      vertex 10.434430330899728 31.771171799344064 6.181532510892707
      vertex 13.065569669100272 32.72882820065593 6.181532510892707
      vertex 10.35 32.25 6.181532510892707
    endloop
  endfacet
  facet normal 0 0 1
    outer loop
      vertex 10.35 32.25 6.181532510892707
      vertex 13.065569669100272 32.72882820065593 6.181532510892707
      vertex 10.434430330899728 32.72882820065593 6.181532510892707
    endloop
  endfacet
  facet normal 0 0 1
    outer loop
      vertex 10.434430330899728 32.72882820065593 6.181532510892707
      vertex 13.065569669100272 32.72882820065593 6.181532510892707
      vertex 10.67753777963343 33.149902653561156 6.181532510892707
    endloop
  endfacet
  facet normal 0 0 1
    outer loop
      vertex 10.67753777963343 33.149902653561156 6.181532510892707
      vertex 13.065569669100272 32.72882820065593 6.181532510892707
      vertex 11.05 33.462435565298215 6.181532510892707
    endloop
  endfacet
  facet normal 0 0 1
    outer loop
      vertex 11.05 33.462435565298215 6.181532510892707
      vertex 13.065569669100272 32.72882820065593 6.181532510892707
      vertex 11.506892551266297 33.62873085421709 6.181532510892707
    endloop
  endfacet
  facet normal 0 0 1
    outer loop
      vertex 11.506892551266297 33.62873085421709 6.181532510892707
      vertex 13.065569669100272 32.72882820065593 6.181532510892707
      vertex 11.993107448733703 33.62873085421709 6.181532510892707
    endloop
  endfacet
  facet normal 0 0 1
    outer loop
      vertex 12.5 25.299999999999997 6.181532510892707
      vertex 12.724757408478157 29.571876030760162 6.181532510892707
      vertex 12.244897306350751 29.44329790391521 6.181532510892707
    endloop
  endfacet
  facet normal 0 0 1
    outer loop
      vertex 12.5 23.299999999999997 6.181532510892707
      vertex 13.581944687606637 30.066773337110913 6.181532510892707
      vertex 13.175 29.78182759921435 6.181532510892707
    endloop
  endfacet
  facet normal 0 0 1
    outer loop
      vertex 12.5 25.299999999999997 6.181532510892707
      vertex 13.175 29.78182759921435 6.181532510892707
      vertex 12.724757408478157 29.571876030760162 6.181532510892707
    endloop
  endfacet
  facet normal 0 0 1
    outer loop
      vertex 11.993107448733703 30.871269145782907 6.181532510892707
      vertex 12.45 31.037564434701785 6.181532510892707
      vertex 12.82246222036657 31.350097346438844 6.181532510892707
    endloop
  endfacet
  facet normal 0 0 1
    outer loop
      vertex 11.993107448733703 30.871269145782907 6.181532510892707
      vertex 12.82246222036657 31.350097346438844 6.181532510892707
      vertex 13.065569669100272 31.771171799344064 6.181532510892707
    endloop
  endfacet
  facet normal 0 0 1
    outer loop
      vertex 11.506892551266297 30.871269145782907 6.181532510892707
      vertex 13.065569669100272 31.771171799344064 6.181532510892707
      vertex 13.15 32.25 6.181532510892707
    endloop
  endfacet
  facet normal 0 0 1
    outer loop
      vertex 12.1 20.099999999999998 6.181532510892707
      vertex 14.42812396923984 31.275242591521845 6.181532510892707
      vertex 14.218172400785651 30.825 6.181532510892707
    endloop
  endfacet
  facet normal 0 0 1
    outer loop
      vertex 12.1 20.099999999999998 6.181532510892707
      vertex 14.556702096084793 31.75510269364925 6.181532510892707
      vertex 14.42812396923984 31.275242591521845 6.181532510892707
    endloop
  endfacet
  facet normal 0 0 1
    outer loop
      vertex 10.434430330899728 31.771171799344064 6.181532510892707
      vertex 13.15 32.25 6.181532510892707
      vertex 13.065569669100272 32.72882820065593 6.181532510892707
    endloop
  endfacet
  facet normal 0 0 1
    outer loop
      vertex 11.993107448733703 33.62873085421709 6.181532510892707
      vertex 12.82246222036657 33.149902653561156 6.181532510892707
      vertex 12.45 33.462435565298215 6.181532510892707
    endloop
  endfacet
  facet normal 0 0 1
    outer loop
      vertex 11.993107448733703 33.62873085421709 6.181532510892707
      vertex 13.065569669100272 32.72882820065593 6.181532510892707
      vertex 12.82246222036657 33.149902653561156 6.181532510892707
    endloop
  endfacet
  facet normal 0 0 1
    outer loop
      vertex 11.75 35.1 6.181532510892707
      vertex 12.244897306350751 35.05670209608479 6.181532510892707
      vertex 17.980622616401494 35.233850243046334 6.181532510892707
    endloop
  endfacet
  facet normal 0 0 1
    outer loop
      vertex 12.244897306350751 35.05670209608479 6.181532510892707
      vertex 12.724757408478157 34.92812396923984 6.181532510892707
      vertex 18.2219376213469 35.07619128164582 6.181532510892707
    endloop
  endfacet
  facet normal 0.08257934547233672 0.9965844930066695 0
    outer loop
      vertex 17.8776560149545 36.47647232624091 4.465348302439654
      vertex 18.363694730151426 36.436198010057154 4.934651697560346
      vertex 18.363694730151426 36.436198010057154 4.465348302439654
    endloop
  endfacet
  facet normal 0.4016954246529715 0.9157733266550566 0
    outer loop
      vertex 18.363694730151426 36.436198010057154 4.465348302439654
      vertex 18.363694730151426 36.436198010057154 4.934651697560346
      vertex 18.81032147803126 36.24028935457549 4.465348302439654
    endloop
  endfacet
  facet normal 0.9863613034027229 0.16459459028073076 0
    outer loop
      vertex 19.481532510892706 35 4.465348302439654
      vertex 19.401258992942356 35.48105281989634 4.465348302439654
      vertex 19.401258992942356 35.48105281989634 4.934651697560346
    endloop
  endfacet
  facet normal 0.6772815716257415 0.7357239106731313 0
    outer loop
      vertex 18.81032147803126 36.24028935457549 4.465348302439654
      vertex 19.16913732033319 35.90997610245334 4.934651697560346
      vertex 19.16913732033319 35.90997610245334 4.465348302439654
    endloop
  endfacet
  facet normal 0.8794737512064885 0.4759473930370745 0
    outer loop
      vertex 19.16913732033319 35.90997610245334 4.465348302439654
      vertex 19.16913732033319 35.90997610245334 4.934651697560346
      vertex 19.401258992942356 35.48105281989634 4.465348302439654
    endloop
  endfacet
  facet normal 0.08257934547233672 0.9965844930066695 0
    outer loop
      vertex 17.8776560149545 36.47647232624091 4.465348302439654
      vertex 17.8776560149545 36.47647232624091 4.934651697560346
      vertex 18.363694730151426 36.436198010057154 4.934651697560346
    endloop
  endfacet
  facet normal 0.07863941043547493 0.9490365481939382 0.30519743334192
    outer loop
      vertex 17.8776560149545 36.47647232624091 4.934651697560346
      vertex 17.88963189663142 36.33194492776085 5.38098574960932
      vertex 18.363694730151426 36.436198010057154 4.934651697560346
    endloop
  endfacet
  facet normal 0.4016954246529715 0.9157733266550566 0
    outer loop
      vertex 18.81032147803126 36.24028935457549 4.465348302439654
      vertex 18.363694730151426 36.436198010057154 4.934651697560346
      vertex 18.81032147803126 36.24028935457549 4.934651697560346
    endloop
  endfacet
  facet normal 0.9863613034027229 0.16459459028073076 0
    outer loop
      vertex 19.481532510892706 35 4.465348302439654
      vertex 19.401258992942356 35.48105281989634 4.934651697560346
      vertex 19.481532510892706 35 4.934651697560346
    endloop
  endfacet
  facet normal 0.6772815716257415 0.7357239106731313 0
    outer loop
      vertex 18.81032147803126 36.24028935457549 4.465348302439654
      vertex 18.81032147803126 36.24028935457549 4.934651697560346
      vertex 19.16913732033319 35.90997610245334 4.934651697560346
    endloop
  endfacet
  facet normal 0.8794737512064885 0.4759473930370745 0
    outer loop
      vertex 19.401258992942356 35.48105281989634 4.465348302439654
      vertex 19.16913732033319 35.90997610245334 4.934651697560346
      vertex 19.401258992942356 35.48105281989634 4.934651697560346
    endloop
  endfacet
  facet normal 0.382530173721461 0.8720809554589178 0.3051974333419104
    outer loop
      vertex 18.363694730151426 36.436198010057154 4.934651697560346
      vertex 18.73100156591984 36.11888119094557 5.38098574960932
      vertex 18.81032147803126 36.24028935457549 4.934651697560346
    endloop
  endfacet
  facet normal 0.9393011161845664 0.1567416339583512 0.3051974333419174
    outer loop
      vertex 19.481532510892706 35 4.934651697560346
      vertex 19.401258992942356 35.48105281989634 4.934651697560346
      vertex 19.33650978628255 35 5.38098574960932
    endloop
  endfacet
  facet normal 0.6449678571175194 0.7006218594696746 0.3051974333419113
    outer loop
      vertex 18.81032147803126 36.24028935457549 4.934651697560346
      vertex 18.73100156591984 36.11888119094557 5.38098574960932
      vertex 19.16913732033319 35.90997610245334 4.934651697560346
    endloop
  endfacet
  facet normal 0.8375132654874609 0.4532395137386374 0.3051974333419166
    outer loop
      vertex 19.16913732033319 35.90997610245334 4.934651697560346
      vertex 19.05469401356028 35.82090130136889 5.38098574960932
      vertex 19.401258992942356 35.48105281989634 4.934651697560346
    endloop
  endfacet
  facet normal 0 0 1
    outer loop
      vertex 12.1 20.099999999999998 6.181532510892707
      vertex 18.2219376213469 35.07619128164582 6.181532510892707
      vertex 14.556702096084793 31.75510269364925 6.181532510892707
    endloop
  endfacet
  facet normal 0 0 1
    outer loop
      vertex 14.556702096084793 31.75510269364925 6.181532510892707
      vertex 18.2219376213469 35.07619128164582 6.181532510892707
      vertex 14.6 32.25 6.181532510892707
    endloop
  endfacet
  facet normal 0 0 1
    outer loop
      vertex 14.6 32.25 6.181532510892707
      vertex 18.2219376213469 35.07619128164582 6.181532510892707
      vertex 14.556702096084793 32.74489730635075 6.181532510892707
    endloop
  endfacet
  facet normal 0 0 1
    outer loop
      vertex 14.218172400785651 33.675 6.181532510892707
      vertex 14.42812396923984 33.224757408478155 6.181532510892707
      vertex 18.2219376213469 35.07619128164582 6.181532510892707
    endloop
  endfacet
  facet normal 0 0 1
    outer loop
      vertex 14.556702096084793 32.74489730635075 6.181532510892707
      vertex 18.2219376213469 35.07619128164582 6.181532510892707
      vertex 14.42812396923984 33.224757408478155 6.181532510892707
    endloop
  endfacet
  facet normal 0 0 1
    outer loop
      vertex 12.724757408478157 34.92812396923984 6.181532510892707
      vertex 13.175 34.71817240078565 6.181532510892707
      vertex 18.2219376213469 35.07619128164582 6.181532510892707
    endloop
  endfacet
  facet normal 0 0 1
    outer loop
      vertex 13.175 34.71817240078565 6.181532510892707
      vertex 13.581944687606637 34.43322666288909 6.181532510892707
      vertex 18.2219376213469 35.07619128164582 6.181532510892707
    endloop
  endfacet
  facet normal 0 0 1
    outer loop
      vertex 13.933226662889087 34.08194468760664 6.181532510892707
      vertex 18.2219376213469 35.07619128164582 6.181532510892707
      vertex 13.581944687606637 34.43322666288909 6.181532510892707
    endloop
  endfacet
  facet normal 0 0 1
    outer loop
      vertex 13.933226662889087 34.08194468760664 6.181532510892707
      vertex 14.218172400785651 33.675 6.181532510892707
      vertex 18.2219376213469 35.07619128164582 6.181532510892707
    endloop
  endfacet
  facet normal 0 0 1
    outer loop
      vertex 12.244897306350751 35.05670209608479 6.181532510892707
      vertex 18.2219376213469 35.07619128164582 6.181532510892707
      vertex 17.980622616401494 35.233850243046334 6.181532510892707
    endloop
  endfacet
  facet normal 0.07863941043547415 0.9490365481939386 0.3051974333419193
    outer loop
      vertex 18.363694730151426 36.436198010057154 4.934651697560346
      vertex 17.88963189663142 36.33194492776085 5.38098574960932
      vertex 18.32809375595402 36.29561294225282 5.38098574960932
    endloop
  endfacet
  facet normal 0.06712296252203245 0.8100536906838869 0.5825010953738025
    outer loop
      vertex 17.88963189663142 36.33194492776085 5.38098574960932
      vertex 18.260376678960213 36.02820425259461 5.760660171779822
      vertex 18.32809375595402 36.29561294225282 5.38098574960932
    endloop
  endfacet
  facet normal 0.06712296252204143 0.8100536906838904 0.5825010953737966
    outer loop
      vertex 17.88963189663142 36.33194492776085 5.38098574960932
      vertex 17.91241137724585 36.05703747954556 5.760660171779822
      vertex 18.260376678960213 36.02820425259461 5.760660171779822
    endloop
  endfacet
  facet normal 0.38253017372145265 0.8720809554589187 0.305197433341918
    outer loop
      vertex 18.363694730151426 36.436198010057154 4.934651697560346
      vertex 18.32809375595402 36.29561294225282 5.38098574960932
      vertex 18.73100156591984 36.11888119094557 5.38098574960932
    endloop
  endfacet
  facet normal 0.9393011161845642 0.1567416339583553 0.3051974333419215
    outer loop
      vertex 19.401258992942356 35.48105281989634 4.934651697560346
      vertex 19.264093999567667 35.43396401819281 5.38098574960932
      vertex 19.33650978628255 35 5.38098574960932
    endloop
  endfacet
  facet normal 0.6449678571175231 0.7006218594696686 0.30519743334191785
    outer loop
      vertex 19.16913732033319 35.90997610245334 4.934651697560346
      vertex 18.73100156591984 36.11888119094557 5.38098574960932
      vertex 19.05469401356028 35.82090130136889 5.38098574960932
    endloop
  endfacet
  facet normal 0.8375132654874613 0.45323951373863486 0.305197433341919
    outer loop
      vertex 19.401258992942356 35.48105281989634 4.934651697560346
      vertex 19.05469401356028 35.82090130136889 5.38098574960932
      vertex 19.264093999567667 35.43396401819281 5.38098574960932
    endloop
  endfacet
  facet normal 0.3265100586597094 0.7443679570497064 0.5825010953738023
    outer loop
      vertex 18.32809375595402 36.29561294225282 5.38098574960932
      vertex 18.58012612734879 35.88794914064224 5.760660171779822
      vertex 18.73100156591984 36.11888119094557 5.38098574960932
    endloop
  endfacet
  facet normal 0.5505147236160651 0.5980184052102882 0.582501095373795
    outer loop
      vertex 18.73100156591984 36.11888119094557 5.38098574960932
      vertex 18.837009908254796 35.651470961350775 5.760660171779822
      vertex 19.05469401356028 35.82090130136889 5.38098574960932
    endloop
  endfacet
  facet normal 0.3265100586597089 0.7443679570497064 0.5825010953738027
    outer loop
      vertex 18.32809375595402 36.29561294225282 5.38098574960932
      vertex 18.260376678960213 36.02820425259461 5.760660171779822
      vertex 18.58012612734879 35.88794914064224 5.760660171779822
    endloop
  endfacet
  facet normal 0.5505147236160546 0.5980184052102914 0.5825010953738017
    outer loop
      vertex 18.73100156591984 36.11888119094557 5.38098574960932
      vertex 18.58012612734879 35.88794914064224 5.760660171779822
      vertex 18.837009908254796 35.651470961350775 5.760660171779822
    endloop
  endfacet
  facet normal 0.8017439763271541 0.1337874071482469 0.5825010953737967
    outer loop
      vertex 19.33650978628255 35 5.38098574960932
      vertex 19.264093999567667 35.43396401819281 5.38098574960932
      vertex 19.003190678054512 35.34439579478346 5.760660171779822
    endloop
  endfacet
  facet normal 0.8017439763271544 0.13378740714824763 0.5825010953737962
    outer loop
      vertex 19.33650978628255 35 5.38098574960932
      vertex 19.003190678054512 35.34439579478346 5.760660171779822
      vertex 19.060660171779823 35 5.760660171779822
    endloop
  endfacet
  facet normal 0.7148625761525428 0.386864279954712 0.5825010953737959
    outer loop
      vertex 19.05469401356028 35.82090130136889 5.38098574960932
      vertex 18.837009908254796 35.651470961350775 5.760660171779822
      vertex 19.264093999567667 35.43396401819281 5.38098574960932
    endloop
  endfacet
  facet normal 0.7148625761525428 0.38686427995471184 0.582501095373796
    outer loop
      vertex 19.264093999567667 35.43396401819281 5.38098574960932
      vertex 18.837009908254796 35.651470961350775 5.760660171779822
      vertex 19.003190678054512 35.34439579478346 5.760660171779822
    endloop
  endfacet
  facet normal 0.048975065044064764 0.5910411385284261 0.8051532870025132
    outer loop
      vertex 17.91241137724585 36.05703747954556 5.760660171779822
      vertex 18.167172118478785 35.66014776677217 6.0365097862825525
      vertex 18.260376678960213 36.02820425259461 5.760660171779822
    endloop
  endfacet
  facet normal 0 0 1
    outer loop
      vertex 17.980622616401494 35.233850243046334 6.181532510892707
      vertex 18.2219376213469 35.07619128164582 6.181532510892707
      vertex 18.128342313780934 35.19644253526492 6.181532510892707
    endloop
  endfacet
  facet normal 0 0 1
    outer loop
      vertex 17.980622616401494 35.233850243046334 6.181532510892707
      vertex 18.128342313780934 35.19644253526492 6.181532510892707
      vertex 18.057603586284017 35.22747141801811 6.181532510892707
    endloop
  endfacet
  facet normal 0 0 1
    outer loop
      vertex 18.128342313780934 35.19644253526492 6.181532510892707
      vertex 18.2219376213469 35.07619128164582 6.181532510892707
      vertex 18.1851731601435 35.14412605569578 6.181532510892707
    endloop
  endfacet
  facet normal 0.048975065044057096 0.5910411385284231 0.805153287002516
    outer loop
      vertex 17.91241137724585 36.05703747954556 5.760660171779822
      vertex 17.943764642521277 35.67865983801917 6.0365097862825525
      vertex 18.167172118478785 35.66014776677217 6.0365097862825525
    endloop
  endfacet
  facet normal 0.23823220489038513 0.5431147217504914 0.8051532870025135
    outer loop
      vertex 18.260376678960213 36.02820425259461 5.760660171779822
      vertex 18.167172118478785 35.66014776677217 6.0365097862825525
      vertex 18.372463901456438 35.570098441747405 6.0365097862825525
    endloop
  endfacet
  facet normal 0.025836943715239365 0.3118055405503325 0.9497945868563216
    outer loop
      vertex 17.980622616401494 35.233850243046334 6.181532510892707
      vertex 18.167172118478785 35.66014776677217 6.0365097862825525
      vertex 17.943764642521277 35.67865983801917 6.0365097862825525
    endloop
  endfacet
  facet normal 0.025836943715255755 0.31180554055032594 0.9497945868563231
    outer loop
      vertex 17.980622616401494 35.233850243046334 6.181532510892707
      vertex 18.057603586284017 35.22747141801811 6.181532510892707
      vertex 18.167172118478785 35.66014776677217 6.0365097862825525
    endloop
  endfacet
  facet normal 0.12568012035047182 0.28652181440008545 0.9497945868563235
    outer loop
      vertex 18.128342313780934 35.19644253526492 6.181532510892707
      vertex 18.167172118478785 35.66014776677217 6.0365097862825525
      vertex 18.057603586284017 35.22747141801811 6.181532510892707
    endloop
  endfacet
  facet normal 0.12568012035049164 0.28652181440008323 0.9497945868563215
    outer loop
      vertex 18.128342313780934 35.19644253526492 6.181532510892707
      vertex 18.372463901456438 35.570098441747405 6.0365097862825525
      vertex 18.167172118478785 35.66014776677217 6.0365097862825525
    endloop
  endfacet
  facet normal 0.238232204890387 0.5431147217504915 0.805153287002513
    outer loop
      vertex 18.260376678960213 36.02820425259461 5.760660171779822
      vertex 18.372463901456438 35.570098441747405 6.0365097862825525
      vertex 18.58012612734879 35.88794914064224 5.760660171779822
    endloop
  endfacet
  facet normal 0.4016731887833205 0.43633339757768547 0.8051532870025138
    outer loop
      vertex 18.58012612734879 35.88794914064224 5.760660171779822
      vertex 18.372463901456438 35.570098441747405 6.0365097862825525
      vertex 18.837009908254796 35.651470961350775 5.760660171779822
    endloop
  endfacet
  facet normal 0.521586650069888 0.2822685793670915 0.8051532870025162
    outer loop
      vertex 18.837009908254796 35.651470961350775 5.760660171779822
      vertex 18.537393441338384 35.418270104570546 6.0365097862825525
      vertex 19.003190678054512 35.34439579478346 5.760660171779822
    endloop
  endfacet
  facet normal 0.584978104570632 0.09761558073380024 0.8051532870025144
    outer loop
      vertex 19.003190678054512 35.34439579478346 5.760660171779822
      vertex 18.644088063332926 35.2211157114341 6.0365097862825525
      vertex 19.060660171779823 35 5.760660171779822
    endloop
  endfacet
  facet normal 0.5215866500698878 0.2822685793670976 0.8051532870025141
    outer loop
      vertex 19.003190678054512 35.34439579478346 5.760660171779822
      vertex 18.537393441338384 35.418270104570546 6.0365097862825525
      vertex 18.644088063332926 35.2211157114341 6.0365097862825525
    endloop
  endfacet
  facet normal 0.5849781045706312 0.09761558073379703 0.8051532870025155
    outer loop
      vertex 19.060660171779823 35 5.760660171779822
      vertex 18.644088063332926 35.2211157114341 6.0365097862825525
      vertex 18.68098574960932 35 6.0365097862825525
    endloop
  endfacet
  facet normal 0.3086069686450127 0.05149739490657709 0.9497945868563225
    outer loop
      vertex 18.234651697560345 35 6.181532510892707
      vertex 18.68098574960932 35 6.0365097862825525
      vertex 18.2219376213469 35.07619128164582 6.181532510892707
    endloop
  endfacet
  facet normal 0.27516461506182827 0.14891164291721512 0.9497945868563222
    outer loop
      vertex 18.1851731601435 35.14412605569578 6.181532510892707
      vertex 18.2219376213469 35.07619128164582 6.181532510892707
      vertex 18.644088063332926 35.2211157114341 6.0365097862825525
    endloop
  endfacet
  facet normal 0.21190390581778173 0.23018900381555646 0.9497945868563215
    outer loop
      vertex 18.128342313780934 35.19644253526492 6.181532510892707
      vertex 18.1851731601435 35.14412605569578 6.181532510892707
      vertex 18.537393441338384 35.418270104570546 6.0365097862825525
    endloop
  endfacet
  facet normal 0.27516461506182727 0.1489116429172203 0.9497945868563217
    outer loop
      vertex 18.1851731601435 35.14412605569578 6.181532510892707
      vertex 18.644088063332926 35.2211157114341 6.0365097862825525
      vertex 18.537393441338384 35.418270104570546 6.0365097862825525
    endloop
  endfacet
  facet normal 0.30860696864501386 0.0514973949065856 0.9497945868563216
    outer loop
      vertex 18.2219376213469 35.07619128164582 6.181532510892707
      vertex 18.68098574960932 35 6.0365097862825525
      vertex 18.644088063332926 35.2211157114341 6.0365097862825525
    endloop
  endfacet
  facet normal 0.4016731887833243 0.4363333975776754 0.8051532870025173
    outer loop
      vertex 18.837009908254796 35.651470961350775 5.760660171779822
      vertex 18.372463901456438 35.570098441747405 6.0365097862825525
      vertex 18.537393441338384 35.418270104570546 6.0365097862825525
    endloop
  endfacet
  facet normal 0.21190390581778076 0.23018900381555818 0.9497945868563213
    outer loop
      vertex 18.128342313780934 35.19644253526492 6.181532510892707
      vertex 18.537393441338384 35.418270104570546 6.0365097862825525
      vertex 18.372463901456438 35.570098441747405 6.0365097862825525
    endloop
  endfacet
  facet normal 0.6473862847818339 0.7621620551276311 -7.462800657367303e-14
    outer loop
      vertex -13.412670897065361 -34.512300245853005 0.010000000000000009
      vertex -13.783489856827046 -34.1973237824202 0
      vertex -13.781172238328535 -34.19929238531665 0.010000000000000009
    endloop
  endfacet
  facet normal 0.6473862847818328 0.762162055127632 0
    outer loop
      vertex -13.412670897065361 -34.512300245853005 0
      vertex -13.783489856827046 -34.1973237824202 0
      vertex -13.412670897065361 -34.512300245853005 0.010000000000000009
    endloop
  endfacet
  facet normal 0.9075754196709583 0.4198891015602618 0
    outer loop
      vertex -14.077928646377076 -33.8099961786483 0
      vertex -14.282219635161306 -33.36842844280595 0
      vertex -14.077928646377076 -33.8099961786483 0.010000000000000009
    endloop
  endfacet
  facet normal 0.9075754196709571 0.41988910156026443 1.4351539725706467e-13
    outer loop
      vertex -14.077928646377076 -33.8099961786483 0.010000000000000009
      vertex -14.282219635161306 -33.36842844280595 0
      vertex -14.280942816481405 -33.37118824115497 0.010000000000000009
    endloop
  endfacet
  facet normal 1 0 0
    outer loop
      vertex -14.386810403597309 -32.893267791453866 0.010000000000000009
      vertex -14.386810403597309 -32.893267791453866 0
      vertex -14.386810403597309 -32.88260140128285 0.010000000000000009
    endloop
  endfacet
  facet normal 0.7960930657056403 0.6051742151937695 1.980512482147512e-13
    outer loop
      vertex -13.783489856827046 -34.1973237824202 0.010000000000000009
      vertex -14.077928646377076 -33.8099961786483 0
      vertex -14.07608840394239 -33.812416976171875 0.010000000000000009
    endloop
  endfacet
  facet normal 0.7960930657056429 0.6051742151937661 0
    outer loop
      vertex -13.783489856827046 -34.1973237824202 0
      vertex -14.077928646377076 -33.8099961786483 0
      vertex -13.783489856827046 -34.1973237824202 0.010000000000000009
    endloop
  endfacet
  facet normal 0.2675283385292127 0.9635499925192252 1.8082940054390246e-13
    outer loop
      vertex -12.514009492243721 -34.87035967571843 0.010000000000000009
      vertex -12.982810849514808 -34.74019761958778 0
      vertex -12.979880841031862 -34.7410111324386 0.010000000000000009
    endloop
  endfacet
  facet normal 0.2675283385292163 0.9635499925192241 0
    outer loop
      vertex -12.514009492243721 -34.87035967571843 0
      vertex -12.982810849514808 -34.74019761958778 0
      vertex -12.514009492243721 -34.87035967571843 0.010000000000000009
    endloop
  endfacet
  facet normal 0.6473862847818339 0.7621620551276312 0
    outer loop
      vertex -13.412670897065361 -34.512300245853005 1.5999999999999996
      vertex -13.412670897065361 -34.512300245853005 0.010000000000000009
      vertex -13.781172238328535 -34.19929238531665 0.010000000000000009
    endloop
  endfacet
  facet normal 0.9766205557100869 0.21497044021102324 0
    outer loop
      vertex -14.282219635161306 -33.36842844280595 1.5999999999999996
      vertex -14.282219635161306 -33.36842844280595 0.010000000000000009
      vertex -14.386810403597309 -32.893267791453866 0.010000000000000009
    endloop
  endfacet
  facet normal 0.9075754196709571 0.4198891015602645 0
    outer loop
      vertex -14.077928646377076 -33.8099961786483 1.5999999999999996
      vertex -14.077928646377076 -33.8099961786483 0.010000000000000009
      vertex -14.280942816481405 -33.37118824115497 0.010000000000000009
    endloop
  endfacet
  facet normal 0.7960930657060373 0.6051742151932473 0
    outer loop
      vertex -14.077928646377076 -33.8099961786483 1.5999999999999996
      vertex -14.07608840394239 -33.812416976171875 0.010000000000000009
      vertex -14.077928646377076 -33.8099961786483 0.010000000000000009
    endloop
  endfacet
  facet normal 0.9075754196711561 0.41988910155983417 0
    outer loop
      vertex -14.282219635161306 -33.36842844280595 1.5999999999999996
      vertex -14.280942816481405 -33.37118824115497 0.010000000000000009
      vertex -14.282219635161306 -33.36842844280595 0.010000000000000009
    endloop
  endfacet
  facet normal 1 0 0
    outer loop
      vertex -14.386810403597309 -31.186645364090513 1.5999999999999996
      vertex -14.386810403597309 -32.893267791453866 0.010000000000000009
      vertex -14.386810403597309 -32.88260140128285 0.010000000000000009
    endloop
  endfacet
  facet normal 0.7960930657056404 0.6051742151937696 0
    outer loop
      vertex -13.783489856827046 -34.1973237824202 1.5999999999999996
      vertex -13.783489856827046 -34.1973237824202 0.010000000000000009
      vertex -14.07608840394239 -33.812416976171875 0.010000000000000009
    endloop
  endfacet
  facet normal 0.6473862847816525 0.7621620551277852 0
    outer loop
      vertex -13.783489856827046 -34.1973237824202 1.5999999999999996
      vertex -13.781172238328535 -34.19929238531665 0.010000000000000009
      vertex -13.783489856827046 -34.1973237824202 0.010000000000000009
    endloop
  endfacet
  facet normal 0.46840844069978976 0.8835120444460232 0
    outer loop
      vertex -12.982810849514808 -34.74019761958778 1.5999999999999996
      vertex -12.982810849514808 -34.74019761958778 0.010000000000000009
      vertex -13.412670897065361 -34.512300245853005 0.010000000000000009
    endloop
  endfacet
  facet normal 0.2675283385297839 0.9635499925190665 0
    outer loop
      vertex -12.982810849514808 -34.74019761958778 1.5999999999999996
      vertex -12.979880841031862 -34.7410111324386 0.010000000000000009
      vertex -12.982810849514808 -34.74019761958778 0.010000000000000009
    endloop
  endfacet
  facet normal 0.2675283385292127 0.9635499925192251 0
    outer loop
      vertex -12.514009492243721 -34.87035967571843 1.5999999999999996
      vertex -12.514009492243721 -34.87035967571843 0.010000000000000009
      vertex -12.979880841031862 -34.7410111324386 0.010000000000000009
    endloop
  endfacet
  facet normal 0.05413890858542325 0.9985334138511236 0
    outer loop
      vertex -12.02818745568281 -34.89670018116503 1.5999999999999996
      vertex -12.02818745568281 -34.89670018116503 0.010000000000000009
      vertex -12.514009492243721 -34.87035967571843 0.010000000000000009
    endloop
  endfacet
  facet normal 0.6473862847818327 0.762162055127632 4.664250410854572e-16
    outer loop
      vertex -13.412670897065361 -34.512300245853005 1.5999999999999996
      vertex -13.781172238328535 -34.19929238531665 0.010000000000000009
      vertex -13.783489856827046 -34.1973237824202 1.5999999999999996
    endloop
  endfacet
  facet normal 0.9075754196709583 0.4198891015602618 -8.969712328566494e-16
    outer loop
      vertex -14.077928646377076 -33.8099961786483 1.5999999999999996
      vertex -14.280942816481405 -33.37118824115497 0.010000000000000009
      vertex -14.282219635161306 -33.36842844280595 1.5999999999999996
    endloop
  endfacet
  facet normal 0.9766205557100869 0.21497044021102324 0
    outer loop
      vertex -14.282219635161306 -33.36842844280595 1.5999999999999996
      vertex -14.386810403597309 -32.893267791453866 0.010000000000000009
      vertex -14.386810403597309 -32.893267791453866 1.5999999999999996
    endloop
  endfacet
  facet normal 1 0 0
    outer loop
      vertex -14.386810403597309 -32.893267791453866 1.5999999999999996
      vertex -14.386810403597309 -32.893267791453866 0.010000000000000009
      vertex -14.386810403597309 -31.186645364090513 1.5999999999999996
    endloop
  endfacet
  facet normal 0.7960930657056429 0.6051742151937661 -1.2465097101604913e-15
    outer loop
      vertex -14.077928646377076 -33.8099961786483 1.5999999999999996
      vertex -13.783489856827046 -34.1973237824202 1.5999999999999996
      vertex -14.07608840394239 -33.812416976171875 0.010000000000000009
    endloop
  endfacet
  facet normal 0.46840844069978976 0.8835120444460232 0
    outer loop
      vertex -13.412670897065361 -34.512300245853005 1.5999999999999996
      vertex -12.982810849514808 -34.74019761958778 1.5999999999999996
      vertex -13.412670897065361 -34.512300245853005 0.010000000000000009
    endloop
  endfacet
  facet normal 0.26752833852921626 0.9635499925192241 -1.1266799595210421e-15
    outer loop
      vertex -12.982810849514808 -34.74019761958778 1.5999999999999996
      vertex -12.514009492243721 -34.87035967571843 1.5999999999999996
      vertex -12.979880841031862 -34.7410111324386 0.010000000000000009
    endloop
  endfacet
  facet normal 0.05413890858542325 0.9985334138511236 0
    outer loop
      vertex -12.514009492243721 -34.87035967571843 1.5999999999999996
      vertex -12.02818745568281 -34.89670018116503 1.5999999999999996
      vertex -12.514009492243721 -34.87035967571843 0.010000000000000009
    endloop
  endfacet
  facet normal 0 1 0
    outer loop
      vertex -12.02818745568281 -34.89670018116503 1.5999999999999996
      vertex -10.707854060526788 -34.89670018116503 1.5999999999999996
      vertex -12.02818745568281 -34.89670018116503 0.010000000000000009
    endloop
  endfacet
  facet normal 1 0 0
    outer loop
      vertex -14.386810403597309 -31.186645364090513 1.5999999999999996
      vertex -14.386810403597309 -32.88260140128285 0.010000000000000009
      vertex -14.386810403597309 -10.75 0.010000000000000009
    endloop
  endfacet
  facet normal 1 0 0
    outer loop
      vertex -14.386810403597309 -5.25 4.99
      vertex -14.386810403597309 -5.25 0.010000000000000009
      vertex -14.386810403597309 -5.022270966474434 0.010000000000000009
    endloop
  endfacet
  facet normal 0 1 0
    outer loop
      vertex -10.707854060526788 -34.89670018116503 1.5999999999999996
      vertex -5 -34.89670018116503 0.010000000000000009
      vertex -12.02818745568281 -34.89670018116503 0.010000000000000009
    endloop
  endfacet
  facet normal 1 0 0
    outer loop
      vertex -14.386810403597309 -31.186645364090513 1.5999999999999996
      vertex -14.386810403597309 -10.75 4.99
      vertex -14.386810403597309 -31.186645364090513 4.99
    endloop
  endfacet
  facet normal 0 0 -1
    outer loop
      vertex -12.82246222036657 -33.149902653561156 4.99
      vertex -13.065569669100272 -32.72882820065593 4.99
      vertex -10.67753777963343 -33.149902653561156 4.99
    endloop
  endfacet
  facet normal 0 0 -1
    outer loop
      vertex -13.15 -32.25 4.99
      vertex -10.67753777963343 -31.350097346438844 4.99
      vertex -13.065569669100272 -32.72882820065593 4.99
    endloop
  endfacet
  facet normal 0 0 -1
    outer loop
      vertex -14.386810403597309 -31.186645364090513 4.99
      vertex -13.2 -22.75 4.99
      vertex -14.218172400785651 -30.825 4.99
    endloop
  endfacet
  facet normal 0 0 -1
    outer loop
      vertex -14.218172400785651 -30.825 4.99
      vertex -13.05676274578121 -23.190838939219354 4.99
      vertex -13.933226662889087 -30.418055312393363 4.99
    endloop
  endfacet
  facet normal 0 0 -1
    outer loop
      vertex -13.933226662889087 -30.418055312393363 4.99
      vertex -12.68176274578121 -23.463292387221365 4.99
      vertex -13.581944687606637 -30.066773337110913 4.99
    endloop
  endfacet
  facet normal 0 0 -1
    outer loop
      vertex -13.065569669100272 -31.771171799344064 4.99
      vertex -12.82246222036657 -31.350097346438844 4.99
      vertex -12.45 -31.037564434701785 4.99
    endloop
  endfacet
  facet normal 0 0 -1
    outer loop
      vertex -13.15 -32.25 4.99
      vertex -13.065569669100272 -31.771171799344064 4.99
      vertex -11.506892551266297 -30.871269145782907 4.99
    endloop
  endfacet
  facet normal 0 0 -1
    outer loop
      vertex -13.065569669100272 -31.771171799344064 4.99
      vertex -12.45 -31.037564434701785 4.99
      vertex -11.993107448733703 -30.871269145782907 4.99
    endloop
  endfacet
  facet normal 0 0 -1
    outer loop
      vertex -13.065569669100272 -31.771171799344064 4.99
      vertex -11.993107448733703 -30.871269145782907 4.99
      vertex -11.506892551266297 -30.871269145782907 4.99
    endloop
  endfacet
  facet normal 0 0 -1
    outer loop
      vertex -13.581944687606637 -30.066773337110913 4.99
      vertex -12.68176274578121 -23.463292387221365 4.99
      vertex -13.175 -29.78182759921435 4.99
    endloop
  endfacet
  facet normal 0 0 -1
    outer loop
      vertex -13.175 -29.78182759921435 4.99
      vertex -12.68176274578121 -23.463292387221365 4.99
      vertex -12.724757408478157 -29.571876030760162 4.99
    endloop
  endfacet
  facet normal 0 0 -1
    outer loop
      vertex -12.724757408478157 -29.571876030760162 4.99
      vertex -12.68176274578121 -23.463292387221365 4.99
      vertex -12.244897306350751 -29.44329790391521 4.99
    endloop
  endfacet
  facet normal 0 0 -1
    outer loop
      vertex -12.244897306350751 -29.44329790391521 4.99
      vertex -12.68176274578121 -23.463292387221365 4.99
      vertex -11.75 -29.4 4.99
    endloop
  endfacet
  facet normal 0 0 -1
    outer loop
      vertex -12.82246222036657 -33.149902653561156 4.99
      vertex -11.05 -33.462435565298215 4.99
      vertex -12.45 -33.462435565298215 4.99
    endloop
  endfacet
  facet normal 0 0 -1
    outer loop
      vertex -12.45 -33.462435565298215 4.99
      vertex -11.506892551266297 -33.62873085421709 4.99
      vertex -11.993107448733703 -33.62873085421709 4.99
    endloop
  endfacet
  facet normal 0 0 -1
    outer loop
      vertex -12.45 -33.462435565298215 4.99
      vertex -11.05 -33.462435565298215 4.99
      vertex -11.506892551266297 -33.62873085421709 4.99
    endloop
  endfacet
  facet normal 0 0 -1
    outer loop
      vertex -12.82246222036657 -33.149902653561156 4.99
      vertex -10.67753777963343 -33.149902653561156 4.99
      vertex -11.05 -33.462435565298215 4.99
    endloop
  endfacet
  facet normal 0 0 -1
    outer loop
      vertex -13.065569669100272 -32.72882820065593 4.99
      vertex -10.434430330899728 -32.72882820065593 4.99
      vertex -10.67753777963343 -33.149902653561156 4.99
    endloop
  endfacet
  facet normal 0 0 -1
    outer loop
      vertex -13.065569669100272 -32.72882820065593 4.99
      vertex -10.35 -32.25 4.99
      vertex -10.434430330899728 -32.72882820065593 4.99
    endloop
  endfacet
  facet normal 0 0 -1
    outer loop
      vertex -13.065569669100272 -32.72882820065593 4.99
      vertex -10.434430330899728 -31.771171799344064 4.99
      vertex -10.35 -32.25 4.99
    endloop
  endfacet
  facet normal 0 0 -1
    outer loop
      vertex -13.065569669100272 -32.72882820065593 4.99
      vertex -10.67753777963343 -31.350097346438844 4.99
      vertex -10.434430330899728 -31.771171799344064 4.99
    endloop
  endfacet
  facet normal 0 0 -1
    outer loop
      vertex -13.15 -32.25 4.99
      vertex -11.506892551266297 -30.871269145782907 4.99
      vertex -11.05 -31.037564434701785 4.99
    endloop
  endfacet
  facet normal 0 0 -1
    outer loop
      vertex -13.15 -32.25 4.99
      vertex -11.05 -31.037564434701785 4.99
      vertex -10.67753777963343 -31.350097346438844 4.99
    endloop
  endfacet
  facet normal 0 0 -1
    outer loop
      vertex -11.75 -29.4 4.99
      vertex -6.711696879329399 -24.375 4.99
      vertex -11.255102693649249 -29.44329790391521 4.99
    endloop
  endfacet
  facet normal 0 0 -1
    outer loop
      vertex -14.218172400785651 -30.825 4.99
      vertex -13.2 -22.75 4.99
      vertex -13.05676274578121 -23.190838939219354 4.99
    endloop
  endfacet
  facet normal 0 0 -1
    outer loop
      vertex -13.933226662889087 -30.418055312393363 4.99
      vertex -13.05676274578121 -23.190838939219354 4.99
      vertex -12.68176274578121 -23.463292387221365 4.99
    endloop
  endfacet
  facet normal 0 0 -1
    outer loop
      vertex -14.386810403597309 -31.186645364090513 4.99
      vertex -14.319201592168831 -9.939140772159863 4.99
      vertex -13.2 -22.75 4.99
    endloop
  endfacet
  facet normal 0 0 -1
    outer loop
      vertex -11.75 -29.4 4.99
      vertex -12.68176274578121 -23.463292387221365 4.99
      vertex -7.7182372542187885 -23.463292387221365 4.99
    endloop
  endfacet
  facet normal 1 0 0
    outer loop
      vertex -14.386810403597309 -31.186645364090513 1.5999999999999996
      vertex -14.386810403597309 -10.75 0.010000000000000009
      vertex -14.386810403597309 -10.75 4.99
    endloop
  endfacet
  facet normal 0 0 -1
    outer loop
      vertex -14.386810403597309 -31.186645364090513 4.99
      vertex -14.386810403597309 -10.75 4.99
      vertex -14.319201592168831 -9.939140772159863 4.99
    endloop
  endfacet
  facet normal 0 0 -1
    outer loop
      vertex -13.2 -22.75 4.99
      vertex -14.319201592168831 -9.939140772159863 4.99
      vertex -13.2 -18.25 4.99
    endloop
  endfacet
  facet normal 0 0 -1
    outer loop
      vertex -13.2 -18.25 4.99
      vertex -14.319201592168831 -9.939140772159863 4.99
      vertex -13.05676274578121 -17.809161060780646 4.99
    endloop
  endfacet
  facet normal 0 0 -1
    outer loop
      vertex -13.05676274578121 -17.809161060780646 4.99
      vertex -12.1 6.499999999999998 4.99
      vertex -12.68176274578121 -17.536707612778635 4.99
    endloop
  endfacet
  facet normal 0 0 -1
    outer loop
      vertex -13.05676274578121 -17.809161060780646 4.99
      vertex -14.319201592168831 -9.939140772159863 4.99
      vertex -12.1 6.499999999999998 4.99
    endloop
  endfacet
  facet normal 0 1 0
    outer loop
      vertex -10.707854060526788 -34.89670018116503 1.5999999999999996
      vertex -10.707854060526788 -34.89670018116503 4.99
      vertex -5 -34.89670018116503 0.010000000000000009
    endloop
  endfacet
  facet normal 0 1 0
    outer loop
      vertex -10.707854060526788 -34.89670018116503 4.99
      vertex -5 -34.89670018116503 3.9400000000000004
      vertex -5 -34.89670018116503 0.010000000000000009
    endloop
  endfacet
  facet normal 0 0 -1
    outer loop
      vertex -11.255102693649249 -29.44329790391521 4.99
      vertex -6.269881706405843 -25.055335705266668 4.99
      vertex -10.775242591521843 -29.571876030760162 4.99
    endloop
  endfacet
  facet normal 0 0 -1
    outer loop
      vertex -10.325 -29.78182759921435 4.99
      vertex -10.775242591521843 -29.571876030760162 4.99
      vertex -6.269881706405843 -25.055335705266668 4.99
    endloop
  endfacet
  facet normal 0 0 -1
    outer loop
      vertex -10.325 -29.78182759921435 4.99
      vertex -5.185762199281151 -26.259372397449805 4.99
      vertex -9.918055312393363 -30.066773337110913 4.99
    endloop
  endfacet
  facet normal 0 0 -1
    outer loop
      vertex -9.918055312393363 -30.066773337110913 4.99
      vertex -4.555335705266667 -26.769881706405844 4.99
      vertex -9.566773337110913 -30.418055312393363 4.99
    endloop
  endfacet
  facet normal 0 0 -1
    outer loop
      vertex -9.281827599214349 -30.825 4.99
      vertex -9.566773337110913 -30.418055312393363 4.99
      vertex -3.1522089838374514 -27.579977296730156 4.99
    endloop
  endfacet
  facet normal 0 0 -1
    outer loop
      vertex -8.943297903915207 -31.75510269364925 4.99
      vertex -9.07187603076016 -31.275242591521845 4.99
      vertex -1.6113156038376348 -28.080643905686994 4.99
    endloop
  endfacet
  facet normal 0 0 -1
    outer loop
      vertex -8.9 -32.25 4.99
      vertex -8.943297903915207 -31.75510269364925 4.99
      vertex -1.6113156038376348 -28.080643905686994 4.99
    endloop
  endfacet
  facet normal 0 0 -1
    outer loop
      vertex -9.281827599214349 -30.825 4.99
      vertex -1.6113156038376348 -28.080643905686994 4.99
      vertex -9.07187603076016 -31.275242591521845 4.99
    endloop
  endfacet
  facet normal 0 0 -1
    outer loop
      vertex -9.918055312393363 -30.066773337110913 4.99
      vertex -5.185762199281151 -26.259372397449805 4.99
      vertex -4.555335705266667 -26.769881706405844 4.99
    endloop
  endfacet
  facet normal 0 0 -1
    outer loop
      vertex -9.566773337110913 -30.418055312393363 4.99
      vertex -4.555335705266667 -26.769881706405844 4.99
      vertex -3.875 -27.2116968793294 4.99
    endloop
  endfacet
  facet normal 0 0 -1
    outer loop
      vertex -9.566773337110913 -30.418055312393363 4.99
      vertex -3.875 -27.2116968793294 4.99
      vertex -3.1522089838374514 -27.579977296730156 4.99
    endloop
  endfacet
  facet normal 0 0 -1
    outer loop
      vertex -9.281827599214349 -30.825 4.99
      vertex -3.1522089838374514 -27.579977296730156 4.99
      vertex -2.3948817064058425 -27.87068800128744 4.99
    endloop
  endfacet
  facet normal 0 0 -1
    outer loop
      vertex -11.75 -29.4 4.99
      vertex -7.7182372542187885 -23.463292387221365 4.99
      vertex -7.079977296730156 -23.65220898383745 4.99
    endloop
  endfacet
  facet normal 0 0 -1
    outer loop
      vertex -11.255102693649249 -29.44329790391521 4.99
      vertex -6.711696879329399 -24.375 4.99
      vertex -6.269881706405843 -25.055335705266668 4.99
    endloop
  endfacet
  facet normal 0 0 -1
    outer loop
      vertex -11.75 -29.4 4.99
      vertex -7.079977296730156 -23.65220898383745 4.99
      vertex -6.711696879329399 -24.375 4.99
    endloop
  endfacet
  facet normal 0 0 -1
    outer loop
      vertex -10.325 -29.78182759921435 4.99
      vertex -6.269881706405843 -25.055335705266668 4.99
      vertex -5.7593723974498054 -25.68576219928115 4.99
    endloop
  endfacet
  facet normal 0 0 -1
    outer loop
      vertex -7.7182372542187885 -23.463292387221365 4.99
      vertex -7.3432372542187885 -23.190838939219354 4.99
      vertex -7.079977296730156 -23.65220898383745 4.99
    endloop
  endfacet
  facet normal 0 0 -1
    outer loop
      vertex -10.325 -29.78182759921435 4.99
      vertex -5.7593723974498054 -25.68576219928115 4.99
      vertex -5.185762199281151 -26.259372397449805 4.99
    endloop
  endfacet
  facet normal 0 0 -1
    outer loop
      vertex -7.3432372542187885 -23.190838939219354 4.99
      vertex -7.303741464481668 -23.06928339735768 4.99
      vertex -7.079977296730156 -23.65220898383745 4.99
    endloop
  endfacet
  facet normal 0 1 0
    outer loop
      vertex -10.707854060526788 -34.89670018116503 4.99
      vertex 5 -34.89670018116503 3.9400000000000004
      vertex -5 -34.89670018116503 3.9400000000000004
    endloop
  endfacet
  facet normal 0 0 -1
    outer loop
      vertex -10.707854060526788 -34.89670018116503 4.99
      vertex -10.325 -34.71817240078565 4.99
      vertex 9.566773337110913 -34.08194468760664 4.99
    endloop
  endfacet
  facet normal 0 0 -1
    outer loop
      vertex -10.325 -34.71817240078565 4.99
      vertex -9.918055312393363 -34.43322666288909 4.99
      vertex 9.566773337110913 -34.08194468760664 4.99
    endloop
  endfacet
  facet normal 0 0 -1
    outer loop
      vertex -9.918055312393363 -34.43322666288909 4.99
      vertex -9.566773337110913 -34.08194468760664 4.99
      vertex 9.566773337110913 -34.08194468760664 4.99
    endloop
  endfacet
  facet normal 0 0 -1
    outer loop
      vertex -9.566773337110913 -34.08194468760664 4.99
      vertex -9.281827599214349 -33.675 4.99
      vertex 9.566773337110913 -34.08194468760664 4.99
    endloop
  endfacet
  facet normal 0 0 -1
    outer loop
      vertex -9.281827599214349 -33.675 4.99
      vertex -9.07187603076016 -33.224757408478155 4.99
      vertex 9.281827599214349 -33.675 4.99
    endloop
  endfacet
  facet normal 0 0 -1
    outer loop
      vertex -9.07187603076016 -33.224757408478155 4.99
      vertex -8.943297903915207 -32.74489730635075 4.99
      vertex 9.07187603076016 -33.224757408478155 4.99
    endloop
  endfacet
  facet normal 0 0 -1
    outer loop
      vertex -8.943297903915207 -32.74489730635075 4.99
      vertex -8.9 -32.25 4.99
      vertex 8.943297903915207 -32.74489730635075 4.99
    endloop
  endfacet
  facet normal 0 0 -1
    outer loop
      vertex -9.281827599214349 -30.825 4.99
      vertex -2.3948817064058425 -27.87068800128744 4.99
      vertex -1.6113156038376348 -28.080643905686994 4.99
    endloop
  endfacet
  facet normal 0 0 -1
    outer loop
      vertex -8.9 -32.25 4.99
      vertex -1.6113156038376348 -28.080643905686994 4.99
      vertex 8.943297903915207 -32.74489730635075 4.99
    endloop
  endfacet
  facet normal 0 0 -1
    outer loop
      vertex -7.7182372542187885 -17.536707612778635 4.99
      vertex -7.079977296730156 -17.34779101616255 4.99
      vertex -7.3432372542187885 -17.809161060780646 4.99
    endloop
  endfacet
  facet normal 0 0 -1
    outer loop
      vertex -12.68176274578121 -17.536707612778635 4.99
      vertex -3.1163222981026824 -8.007695223576425 4.99
      vertex -7.7182372542187885 -17.536707612778635 4.99
    endloop
  endfacet
  facet normal 0 0 -1
    outer loop
      vertex -7.303741464481668 -17.93071660264232 4.99
      vertex -7.3432372542187885 -17.809161060780646 4.99
      vertex -7.079977296730156 -17.34779101616255 4.99
    endloop
  endfacet
  facet normal 0 0 -1
    outer loop
      vertex -7.7182372542187885 -17.536707612778635 4.99
      vertex -3.1163222981026824 -8.007695223576425 4.99
      vertex -7.079977296730156 -17.34779101616255 4.99
    endloop
  endfacet
  facet normal 0 0 -1
    outer loop
      vertex -7.079977296730156 -17.34779101616255 4.99
      vertex -3.1163222981026824 -8.007695223576425 4.99
      vertex -6.711696879329399 -16.625 4.99
    endloop
  endfacet
  facet normal 0 0 -1
    outer loop
      vertex -12.68176274578121 -17.536707612778635 4.99
      vertex -3.811768001708626 -6.712610696452174 4.99
      vertex -3.6338610872780945 -7.171841379547135 4.99
    endloop
  endfacet
  facet normal 0 0 -1
    outer loop
      vertex -12.68176274578121 -17.536707612778635 4.99
      vertex -3.9924133149481764 -5.746243624535771 4.99
      vertex -3.931892398735607 -6.234998071266282 4.99
    endloop
  endfacet
  facet normal 0 0 -1
    outer loop
      vertex -12.68176274578121 -17.536707612778635 4.99
      vertex -3.931892398735607 -6.234998071266282 4.99
      vertex -3.811768001708626 -6.712610696452174 4.99
    endloop
  endfacet
  facet normal 0 0 -1
    outer loop
      vertex -12.68176274578121 -17.536707612778635 4.99
      vertex -3.9924133149481764 -5.253756375464229 4.99
      vertex -3.9924133149481764 -5.746243624535771 4.99
    endloop
  endfacet
  facet normal 0 0 -1
    outer loop
      vertex -12.68176274578121 -17.536707612778635 4.99
      vertex -3.4008685429184573 -7.6057286515094225 4.99
      vertex -3.1163222981026824 -8.007695223576425 4.99
    endloop
  endfacet
  facet normal 0 0 -1
    outer loop
      vertex -12.68176274578121 -17.536707612778635 4.99
      vertex -3.6338610872780945 -7.171841379547135 4.99
      vertex -3.4008685429184573 -7.6057286515094225 4.99
    endloop
  endfacet
  facet normal 0 0 -1
    outer loop
      vertex -6.711696879329399 -16.625 4.99
      vertex -3.1163222981026824 -8.007695223576425 4.99
      vertex -6.269881706405843 -15.944664294733332 4.99
    endloop
  endfacet
  facet normal 0 0 -1
    outer loop
      vertex -6.269881706405843 -15.944664294733332 4.99
      vertex -3.1163222981026824 -8.007695223576425 4.99
      vertex -5.7593723974498054 -15.31423780071885 4.99
    endloop
  endfacet
  facet normal 0 0 -1
    outer loop
      vertex -12.68176274578121 -17.536707612778635 4.99
      vertex -12.1 6.499999999999998 4.99
      vertex -3.9924133149481764 -5.253756375464229 4.99
    endloop
  endfacet
  facet normal 0 0 -1
    outer loop
      vertex -3.9924133149481764 -5.253756375464229 4.99
      vertex -12.1 6.499999999999998 4.99
      vertex -3.931892398735607 -4.765001928733718 4.99
    endloop
  endfacet
  facet normal 0 0 -1
    outer loop
      vertex -3.931892398735607 -4.765001928733718 4.99
      vertex -12.1 6.499999999999998 4.99
      vertex -3.811768001708626 -4.287389303547826 4.99
    endloop
  endfacet
  facet normal 0 0 -1
    outer loop
      vertex -3.811768001708626 -4.287389303547826 4.99
      vertex -12.1 6.499999999999998 4.99
      vertex -3.6338610872780945 -3.8281586204528653 4.99
    endloop
  endfacet
  facet normal 0 0 -1
    outer loop
      vertex -3.6338610872780945 -3.8281586204528653 4.99
      vertex -12.1 6.499999999999998 4.99
      vertex -3.4008685429184573 -3.3942713484905775 4.99
    endloop
  endfacet
  facet normal 0 0 -1
    outer loop
      vertex -5.7593723974498054 -15.31423780071885 4.99
      vertex -3.1163222981026824 -8.007695223576425 4.99
      vertex -5.185762199281151 -14.740627602550195 4.99
    endloop
  endfacet
  facet normal 0 0 -1
    outer loop
      vertex -5.185762199281151 -14.740627602550195 4.99
      vertex -3.1163222981026824 -8.007695223576425 4.99
      vertex -4.555335705266667 -14.230118293594156 4.99
    endloop
  endfacet
  facet normal 0 0 -1
    outer loop
      vertex -4.555335705266667 -14.230118293594156 4.99
      vertex -3.1163222981026824 -8.007695223576425 4.99
      vertex -3.875 -13.788303120670601 4.99
    endloop
  endfacet
  facet normal 0 0 -1
    outer loop
      vertex -3.875 -13.788303120670601 4.99
      vertex -2.7845357838517066 -8.371647692257767 4.99
      vertex -3.1522089838374514 -13.420022703269844 4.99
    endloop
  endfacet
  facet normal 0 0 -1
    outer loop
      vertex -3.1522089838374514 -13.420022703269844 4.99
      vertex -2 -8.964101615137753 4.99
      vertex -2.3948817064058425 -13.12931199871256 4.99
    endloop
  endfacet
  facet normal 0 0 -1
    outer loop
      vertex -3.875 -13.788303120670601 4.99
      vertex -3.1163222981026824 -8.007695223576425 4.99
      vertex -2.7845357838517066 -8.371647692257767 4.99
    endloop
  endfacet
  facet normal 0 0 -1
    outer loop
      vertex -3.1522089838374514 -13.420022703269844 4.99
      vertex -2.4105385455170256 -8.692068909120959 4.99
      vertex -2 -8.964101615137753 4.99
    endloop
  endfacet
  facet normal 0 0 -1
    outer loop
      vertex -3.1522089838374514 -13.420022703269844 4.99
      vertex -2.7845357838517066 -8.371647692257767 4.99
      vertex -2.4105385455170256 -8.692068909120959 4.99
    endloop
  endfacet
  facet normal 0 0 -1
    outer loop
      vertex -2.3948817064058425 -13.12931199871256 4.99
      vertex -1.5591434931707173 -9.183622071779816 4.99
      vertex -1.6113156038376348 -12.919356094313006 4.99
    endloop
  endfacet
  facet normal 0 0 -1
    outer loop
      vertex -2.3948817064058425 -13.12931199871256 4.99
      vertex -2 -8.964101615137753 4.99
      vertex -1.5591434931707173 -9.183622071779816 4.99
    endloop
  endfacet
  facet normal 0 0 -1
    outer loop
      vertex -1.6113156038376348 -12.919356094313006 4.99
      vertex -1.5591434931707173 -9.183622071779816 4.99
      vertex -1.094651960288331 -9.347302572691277 4.99
    endloop
  endfacet
  facet normal 0 0 -1
    outer loop
      vertex -1.6113156038376348 -12.919356094313006 4.99
      vertex -0.6135666195147409 -9.452661888325038 4.99
      vertex -0.8100955903243144 -12.792455310895882 4.99
    endloop
  endfacet
  facet normal 0 0 -1
    outer loop
      vertex -0.8100955903243144 -12.792455310895882 4.99
      vertex -0.12318023422468048 -9.498102878853464 4.99
      vertex 0 -12.75 4.99
    endloop
  endfacet
  facet normal 0 0 -1
    outer loop
      vertex -1.6113156038376348 -12.919356094313006 4.99
      vertex -1.094651960288331 -9.347302572691277 4.99
      vertex -0.6135666195147409 -9.452661888325038 4.99
    endloop
  endfacet
  facet normal 0 0 -1
    outer loop
      vertex -0.8100955903243144 -12.792455310895882 4.99
      vertex -0.6135666195147409 -9.452661888325038 4.99
      vertex -0.12318023422468048 -9.498102878853464 4.99
    endloop
  endfacet
  facet normal 1 0 0
    outer loop
      vertex -14.386810403597309 -5.022270966474434 0.010000000000000009
      vertex -14.386810403597309 -5.25 0
      vertex -14.386810403597309 32.893267791453866 0
    endloop
  endfacet
  facet normal 1 0 0
    outer loop
      vertex -14.386810403597309 31.186645364090513 1.5999999999999996
      vertex -14.386810403597309 -5.022270966474434 0.010000000000000009
      vertex -14.386810403597309 32.893267791453866 0
    endloop
  endfacet
  facet normal 1 0 0
    outer loop
      vertex -14.386810403597309 31.186645364090513 1.5999999999999996
      vertex -14.386810403597309 32.893267791453866 0
      vertex -14.386810403597309 32.893267791453866 0.010000000000000009
    endloop
  endfacet
  facet normal 0.9766205557100869 -0.21497044021102324 0
    outer loop
      vertex -14.386810403597309 32.893267791453866 1.5999999999999996
      vertex -14.386810403597309 32.893267791453866 0.010000000000000009
      vertex -14.282219635161306 33.36842844280595 0.010000000000000009
    endloop
  endfacet
  facet normal 0.9075754196709583 -0.4198891015602618 0
    outer loop
      vertex -14.282219635161306 33.36842844280595 1.5999999999999996
      vertex -14.282219635161306 33.36842844280595 0.010000000000000009
      vertex -14.077928646377076 33.8099961786483 0.010000000000000009
    endloop
  endfacet
  facet normal 0.7960930657056429 -0.6051742151937661 0
    outer loop
      vertex -14.077928646377076 33.8099961786483 1.5999999999999996
      vertex -14.077928646377076 33.8099961786483 0.010000000000000009
      vertex -13.783489856827046 34.1973237824202 0.010000000000000009
    endloop
  endfacet
  facet normal 0.6473862847818327 -0.762162055127632 0
    outer loop
      vertex -13.783489856827046 34.1973237824202 1.5999999999999996
      vertex -13.783489856827046 34.1973237824202 0.010000000000000009
      vertex -13.412670897065361 34.512300245853005 0.010000000000000009
    endloop
  endfacet
  facet normal 0.46840844069978976 -0.8835120444460232 0
    outer loop
      vertex -13.412670897065361 34.512300245853005 1.5999999999999996
      vertex -13.412670897065361 34.512300245853005 0.010000000000000009
      vertex -12.982810849514808 34.74019761958778 0.010000000000000009
    endloop
  endfacet
  facet normal 0.26752833852921626 -0.9635499925192241 0
    outer loop
      vertex -12.982810849514808 34.74019761958778 1.5999999999999996
      vertex -12.982810849514808 34.74019761958778 0.010000000000000009
      vertex -12.514009492243721 34.87035967571843 0.010000000000000009
    endloop
  endfacet
  facet normal 0.05413890858542345 -0.9985334138511236 0
    outer loop
      vertex -12.514009492243721 34.87035967571843 1.5999999999999996
      vertex -12.514009492243721 34.87035967571843 0.010000000000000009
      vertex -12.028187455682811 34.89670018116503 0.010000000000000009
    endloop
  endfacet
  facet normal 1 0 0
    outer loop
      vertex -14.386810403597309 31.186645364090513 1.5999999999999996
      vertex -14.386810403597309 32.893267791453866 0.010000000000000009
      vertex -14.386810403597309 32.893267791453866 1.5999999999999996
    endloop
  endfacet
  facet normal 0.9766205557100869 -0.21497044021102324 0
    outer loop
      vertex -14.386810403597309 32.893267791453866 1.5999999999999996
      vertex -14.282219635161306 33.36842844280595 0.010000000000000009
      vertex -14.282219635161306 33.36842844280595 1.5999999999999996
    endloop
  endfacet
  facet normal 0.9075754196709583 -0.4198891015602618 0
    outer loop
      vertex -14.282219635161306 33.36842844280595 1.5999999999999996
      vertex -14.077928646377076 33.8099961786483 0.010000000000000009
      vertex -14.077928646377076 33.8099961786483 1.5999999999999996
    endloop
  endfacet
  facet normal 0.7960930657056429 -0.6051742151937661 0
    outer loop
      vertex -14.077928646377076 33.8099961786483 1.5999999999999996
      vertex -13.783489856827046 34.1973237824202 0.010000000000000009
      vertex -13.783489856827046 34.1973237824202 1.5999999999999996
    endloop
  endfacet
  facet normal 0.6473862847818327 -0.762162055127632 0
    outer loop
      vertex -13.783489856827046 34.1973237824202 1.5999999999999996
      vertex -13.412670897065361 34.512300245853005 0.010000000000000009
      vertex -13.412670897065361 34.512300245853005 1.5999999999999996
    endloop
  endfacet
  facet normal 0.46840844069978976 -0.8835120444460232 0
    outer loop
      vertex -13.412670897065361 34.512300245853005 1.5999999999999996
      vertex -12.982810849514808 34.74019761958778 0.010000000000000009
      vertex -12.982810849514808 34.74019761958778 1.5999999999999996
    endloop
  endfacet
  facet normal 0.26752833852921626 -0.9635499925192241 0
    outer loop
      vertex -12.982810849514808 34.74019761958778 1.5999999999999996
      vertex -12.514009492243721 34.87035967571843 0.010000000000000009
      vertex -12.514009492243721 34.87035967571843 1.5999999999999996
    endloop
  endfacet
  facet normal 0.05413890858542345 -0.9985334138511236 0
    outer loop
      vertex -12.514009492243721 34.87035967571843 1.5999999999999996
      vertex -12.028187455682811 34.89670018116503 0.010000000000000009
      vertex -12.028187455682811 34.89670018116503 1.5999999999999996
    endloop
  endfacet
  facet normal 0 -1 0
    outer loop
      vertex -12.028187455682811 34.89670018116503 1.5999999999999996
      vertex -12.028187455682811 34.89670018116503 0.010000000000000009
      vertex -10.707854060526788 34.89670018116503 1.5999999999999996
    endloop
  endfacet
  facet normal 1 0 0
    outer loop
      vertex -14.386810403597309 -5.25 4.99
      vertex -14.386810403597309 -5.022270966474434 0.010000000000000009
      vertex -14.386810403597309 31.186645364090513 4.99
    endloop
  endfacet
  facet normal 0 0 -1
    outer loop
      vertex -14.319201592168831 -9.939140772159863 4.99
      vertex -14.386810403597309 -5.25 4.99
      vertex -14.218172400785651 30.825 4.99
    endloop
  endfacet
  facet normal 0 0 -1
    outer loop
      vertex -14.319201592168831 -9.939140772159863 4.99
      vertex -12.1 20.099999999999998 4.99
      vertex -12.1 6.499999999999998 4.99
    endloop
  endfacet
  facet normal 0 0 -1
    outer loop
      vertex -14.319201592168831 -9.939140772159863 4.99
      vertex -14.218172400785651 30.825 4.99
      vertex -12.1 20.099999999999998 4.99
    endloop
  endfacet
  facet normal 1 0 0
    outer loop
      vertex -14.386810403597309 31.186645364090513 1.5999999999999996
      vertex -14.386810403597309 31.186645364090513 4.99
      vertex -14.386810403597309 -5.022270966474434 0.010000000000000009
    endloop
  endfacet
  facet normal 0 0 -1
    outer loop
      vertex -14.386810403597309 -5.25 4.99
      vertex -14.386810403597309 31.186645364090513 4.99
      vertex -14.218172400785651 30.825 4.99
    endloop
  endfacet
  facet normal 0 0 -1
    outer loop
      vertex -12.1 20.099999999999998 4.99
      vertex -14.218172400785651 30.825 4.99
      vertex -13.933226662889087 30.418055312393363 4.99
    endloop
  endfacet
  facet normal 0 0 -1
    outer loop
      vertex -12.5 23.299999999999997 4.99
      vertex -12.1 20.099999999999998 4.99
      vertex -13.581944687606637 30.066773337110913 4.99
    endloop
  endfacet
  facet normal 0 0 -1
    outer loop
      vertex -12.1 20.099999999999998 4.99
      vertex -13.933226662889087 30.418055312393363 4.99
      vertex -13.581944687606637 30.066773337110913 4.99
    endloop
  endfacet
  facet normal 0 0 -1
    outer loop
      vertex -12.5 23.299999999999997 4.99
      vertex -13.175 29.78182759921435 4.99
      vertex -12.5 25.299999999999997 4.99
    endloop
  endfacet
  facet normal 0 0 -1
    outer loop
      vertex -12.5 23.299999999999997 4.99
      vertex -6.5 23.299999999999997 4.99
      vertex -12.1 20.099999999999998 4.99
    endloop
  endfacet
  facet normal 0 0 -1
    outer loop
      vertex -12.5 25.299999999999997 4.99
      vertex -10.775242591521843 29.571876030760162 4.99
      vertex -6.5 25.299999999999997 4.99
    endloop
  endfacet
  facet normal 0 0 -1
    outer loop
      vertex -12.5 23.299999999999997 4.99
      vertex -13.581944687606637 30.066773337110913 4.99
      vertex -13.175 29.78182759921435 4.99
    endloop
  endfacet
  facet normal 0 0 -1
    outer loop
      vertex -12.5 25.299999999999997 4.99
      vertex -13.175 29.78182759921435 4.99
      vertex -12.724757408478157 29.571876030760162 4.99
    endloop
  endfacet
  facet normal 0 0 -1
    outer loop
      vertex -12.5 25.299999999999997 4.99
      vertex -12.724757408478157 29.571876030760162 4.99
      vertex -12.244897306350751 29.44329790391521 4.99
    endloop
  endfacet
  facet normal 0 0 -1
    outer loop
      vertex -12.82246222036657 31.350097346438844 4.99
      vertex -13.065569669100272 31.771171799344064 4.99
      vertex -10.67753777963343 33.149902653561156 4.99
    endloop
  endfacet
  facet normal 0 0 -1
    outer loop
      vertex -13.065569669100272 31.771171799344064 4.99
      vertex -13.15 32.25 4.99
      vertex -10.67753777963343 33.149902653561156 4.99
    endloop
  endfacet
  facet normal 0 0 -1
    outer loop
      vertex -13.15 32.25 4.99
      vertex -13.065569669100272 32.72882820065593 4.99
      vertex -10.67753777963343 33.149902653561156 4.99
    endloop
  endfacet
  facet normal 0 0 -1
    outer loop
      vertex -13.065569669100272 32.72882820065593 4.99
      vertex -12.82246222036657 33.149902653561156 4.99
      vertex -10.67753777963343 33.149902653561156 4.99
    endloop
  endfacet
  facet normal 0 0 -1
    outer loop
      vertex -12.5 25.299999999999997 4.99
      vertex -12.244897306350751 29.44329790391521 4.99
      vertex -11.75 29.4 4.99
    endloop
  endfacet
  facet normal 0 0 -1
    outer loop
      vertex -12.5 25.299999999999997 4.99
      vertex -11.75 29.4 4.99
      vertex -11.255102693649249 29.44329790391521 4.99
    endloop
  endfacet
  facet normal 0 0 -1
    outer loop
      vertex -12.5 25.299999999999997 4.99
      vertex -11.255102693649249 29.44329790391521 4.99
      vertex -10.775242591521843 29.571876030760162 4.99
    endloop
  endfacet
  facet normal 0 0 -1
    outer loop
      vertex -12.45 31.037564434701785 4.99
      vertex -11.506892551266297 30.871269145782907 4.99
      vertex -11.993107448733703 30.871269145782907 4.99
    endloop
  endfacet
  facet normal 0 0 -1
    outer loop
      vertex -12.82246222036657 31.350097346438844 4.99
      vertex -10.67753777963343 31.350097346438844 4.99
      vertex -12.45 31.037564434701785 4.99
    endloop
  endfacet
  facet normal 0 0 -1
    outer loop
      vertex -12.45 31.037564434701785 4.99
      vertex -11.05 31.037564434701785 4.99
      vertex -11.506892551266297 30.871269145782907 4.99
    endloop
  endfacet
  facet normal 0 0 -1
    outer loop
      vertex -12.45 31.037564434701785 4.99
      vertex -10.67753777963343 31.350097346438844 4.99
      vertex -11.05 31.037564434701785 4.99
    endloop
  endfacet
  facet normal 0 0 -1
    outer loop
      vertex -12.82246222036657 31.350097346438844 4.99
      vertex -10.434430330899728 31.771171799344064 4.99
      vertex -10.67753777963343 31.350097346438844 4.99
    endloop
  endfacet
  facet normal 0 0 -1
    outer loop
      vertex -12.82246222036657 31.350097346438844 4.99
      vertex -10.35 32.25 4.99
      vertex -10.434430330899728 31.771171799344064 4.99
    endloop
  endfacet
  facet normal 0 0 -1
    outer loop
      vertex -12.82246222036657 33.149902653561156 4.99
      vertex -12.45 33.462435565298215 4.99
      vertex -10.67753777963343 33.149902653561156 4.99
    endloop
  endfacet
  facet normal 0 0 -1
    outer loop
      vertex -12.45 33.462435565298215 4.99
      vertex -11.993107448733703 33.62873085421709 4.99
      vertex -11.05 33.462435565298215 4.99
    endloop
  endfacet
  facet normal 0 0 -1
    outer loop
      vertex -12.82246222036657 31.350097346438844 4.99
      vertex -10.67753777963343 33.149902653561156 4.99
      vertex -10.434430330899728 32.72882820065593 4.99
    endloop
  endfacet
  facet normal 0 0 -1
    outer loop
      vertex -12.82246222036657 31.350097346438844 4.99
      vertex -10.434430330899728 32.72882820065593 4.99
      vertex -10.35 32.25 4.99
    endloop
  endfacet
  facet normal 0 0 -1
    outer loop
      vertex -11.993107448733703 33.62873085421709 4.99
      vertex -11.506892551266297 33.62873085421709 4.99
      vertex -11.05 33.462435565298215 4.99
    endloop
  endfacet
  facet normal 0 0 -1
    outer loop
      vertex -12.45 33.462435565298215 4.99
      vertex -11.05 33.462435565298215 4.99
      vertex -10.67753777963343 33.149902653561156 4.99
    endloop
  endfacet
  facet normal 0 0 -1
    outer loop
      vertex -3.4008685429184573 -3.3942713484905775 4.99
      vertex -12.1 6.499999999999998 4.99
      vertex -3.1163222981026824 -2.9923047764235746 4.99
    endloop
  endfacet
  facet normal 0 0 -1
    outer loop
      vertex -3.1163222981026824 -2.9923047764235746 4.99
      vertex -12.1 6.499999999999998 4.99
      vertex -2.7845357838517066 -2.6283523077422326 4.99
    endloop
  endfacet
  facet normal 0 0 -1
    outer loop
      vertex -2.7845357838517066 -2.6283523077422326 4.99
      vertex -12.1 6.499999999999998 4.99
      vertex -2.4105385455170256 -2.307931090879042 4.99
    endloop
  endfacet
  facet normal 0 0 -1
    outer loop
      vertex -2.4105385455170256 -2.307931090879042 4.99
      vertex -12.1 6.499999999999998 4.99
      vertex -2 -2.0358983848622456 4.99
    endloop
  endfacet
  facet normal 0 0 -1
    outer loop
      vertex -2 -2.0358983848622456 4.99
      vertex -12.1 6.499999999999998 4.99
      vertex -1.5591434931707173 -1.8163779282201853 4.99
    endloop
  endfacet
  facet normal 0 0 -1
    outer loop
      vertex -1.5591434931707173 -1.8163779282201853 4.99
      vertex -12.1 6.499999999999998 4.99
      vertex -1.094651960288331 -1.6526974273087234 4.99
    endloop
  endfacet
  facet normal 0 0 -1
    outer loop
      vertex -1.094651960288331 -1.6526974273087234 4.99
      vertex -12.1 6.499999999999998 4.99
      vertex -3 3.699999999999998 4.99
    endloop
  endfacet
  facet normal 0 0 -1
    outer loop
      vertex -12.1 6.499999999999998 4.99
      vertex -3 5.6999999999999975 4.99
      vertex -3 3.699999999999998 4.99
    endloop
  endfacet
  facet normal 0 0 -1
    outer loop
      vertex -1.094651960288331 -1.6526974273087234 4.99
      vertex -3 3.699999999999998 4.99
      vertex 3 3.699999999999998 4.99
    endloop
  endfacet
  facet normal 0 0 -1
    outer loop
      vertex -12.1 6.499999999999998 4.99
      vertex 12.1 6.499999999999998 4.99
      vertex -3 5.6999999999999975 4.99
    endloop
  endfacet
  facet normal 0 -1 0
    outer loop
      vertex -10.707854060526788 34.89670018116503 1.5999999999999996
      vertex -12.028187455682811 34.89670018116503 0.010000000000000009
      vertex 10.707854060526788 34.89670018116503 4.99
    endloop
  endfacet
  facet normal 0 -1 0
    outer loop
      vertex -10.707854060526788 34.89670018116503 1.5999999999999996
      vertex 10.707854060526788 34.89670018116503 4.99
      vertex -10.707854060526788 34.89670018116503 4.99
    endloop
  endfacet
  facet normal 0 0 -1
    outer loop
      vertex -12.1 20.099999999999998 4.99
      vertex -6.5 23.299999999999997 4.99
      vertex 9.281827599214349 30.825 4.99
    endloop
  endfacet
  facet normal 0 0 -1
    outer loop
      vertex -6.5 23.299999999999997 4.99
      vertex -6.5 25.299999999999997 4.99
      vertex 9.281827599214349 30.825 4.99
    endloop
  endfacet
  facet normal 0 0 -1
    outer loop
      vertex -10.775242591521843 29.571876030760162 4.99
      vertex -10.325 29.78182759921435 4.99
      vertex 9.281827599214349 30.825 4.99
    endloop
  endfacet
  facet normal 0 0 -1
    outer loop
      vertex -10.325 29.78182759921435 4.99
      vertex -9.918055312393363 30.066773337110913 4.99
      vertex 9.281827599214349 30.825 4.99
    endloop
  endfacet
  facet normal 0 0 -1
    outer loop
      vertex -10.775242591521843 29.571876030760162 4.99
      vertex 9.281827599214349 30.825 4.99
      vertex -6.5 25.299999999999997 4.99
    endloop
  endfacet
  facet normal 0 0 -1
    outer loop
      vertex -9.918055312393363 30.066773337110913 4.99
      vertex -9.566773337110913 30.418055312393363 4.99
      vertex 9.281827599214349 30.825 4.99
    endloop
  endfacet
  facet normal 0 0 -1
    outer loop
      vertex -9.566773337110913 30.418055312393363 4.99
      vertex -9.281827599214349 30.825 4.99
      vertex 9.281827599214349 30.825 4.99
    endloop
  endfacet
  facet normal 0 0 -1
    outer loop
      vertex -9.281827599214349 30.825 4.99
      vertex -9.07187603076016 31.275242591521845 4.99
      vertex 9.281827599214349 30.825 4.99
    endloop
  endfacet
  facet normal 0 0 -1
    outer loop
      vertex -9.07187603076016 31.275242591521845 4.99
      vertex -8.943297903915207 31.75510269364925 4.99
      vertex 9.07187603076016 31.275242591521845 4.99
    endloop
  endfacet
  facet normal 0 0 -1
    outer loop
      vertex -8.943297903915207 31.75510269364925 4.99
      vertex -8.9 32.25 4.99
      vertex 8.943297903915207 31.75510269364925 4.99
    endloop
  endfacet
  facet normal 0 0 -1
    outer loop
      vertex -10.707854060526788 34.89670018116503 4.99
      vertex 9.281827599214349 33.675 4.99
      vertex -10.325 34.71817240078565 4.99
    endloop
  endfacet
  facet normal 0 0 -1
    outer loop
      vertex -10.325 34.71817240078565 4.99
      vertex 9.281827599214349 33.675 4.99
      vertex -9.918055312393363 34.43322666288909 4.99
    endloop
  endfacet
  facet normal 0 0 -1
    outer loop
      vertex -9.918055312393363 34.43322666288909 4.99
      vertex 9.281827599214349 33.675 4.99
      vertex -9.566773337110913 34.08194468760664 4.99
    endloop
  endfacet
  facet normal 0 0 -1
    outer loop
      vertex -9.281827599214349 33.675 4.99
      vertex 9.07187603076016 33.224757408478155 4.99
      vertex -9.07187603076016 33.224757408478155 4.99
    endloop
  endfacet
  facet normal 0 0 -1
    outer loop
      vertex -9.566773337110913 34.08194468760664 4.99
      vertex 9.281827599214349 33.675 4.99
      vertex -9.281827599214349 33.675 4.99
    endloop
  endfacet
  facet normal 0 0 -1
    outer loop
      vertex -8.9 32.25 4.99
      vertex -8.943297903915207 32.74489730635075 4.99
      vertex 8.9 32.25 4.99
    endloop
  endfacet
  facet normal 0 0 -1
    outer loop
      vertex -8.943297903915207 32.74489730635075 4.99
      vertex -9.07187603076016 33.224757408478155 4.99
      vertex 8.943297903915207 32.74489730635075 4.99
    endloop
  endfacet
  facet normal 0 1 0
    outer loop
      vertex 10.707854060526788 -34.89670018116503 1.5999999999999996
      vertex 12.271812544317191 -34.89670018116503 1.5999999999999996
      vertex 5 -34.89670018116503 0.010000000000000009
    endloop
  endfacet
  facet normal 0 1 0
    outer loop
      vertex 10.707854060526788 -34.89670018116503 1.5999999999999996
      vertex 5 -34.89670018116503 0.010000000000000009
      vertex 5 -34.89670018116503 3.9400000000000004
    endloop
  endfacet
  facet normal 0 1 0
    outer loop
      vertex 12.271812544317191 -34.89670018116503 1.5999999999999996
      vertex 12.271812544317191 -34.89670018116503 0.010000000000000009
      vertex 5 -34.89670018116503 0.010000000000000009
    endloop
  endfacet
  facet normal -0.16178199655276723 0.9868265225415257 0
    outer loop
      vertex 12.751938761690747 -34.81798748316825 1.5999999999999996
      vertex 12.751938761690747 -34.81798748316825 0.010000000000000009
      vertex 12.271812544317191 -34.89670018116503 0.010000000000000009
    endloop
  endfacet
  facet normal -0.37013815533991784 0.9289767198167901 0
    outer loop
      vertex 13.203918991574527 -34.63790210000355 1.5999999999999996
      vertex 13.203918991574527 -34.63790210000355 0.010000000000000009
      vertex 12.751938761690747 -34.81798748316825 0.010000000000000009
    endloop
  endfacet
  facet normal -0.56118706536238 0.8276889981568921 0
    outer loop
      vertex 13.606619140759113 -34.36486462403718 1.5999999999999996
      vertex 13.606619140759113 -34.36486462403718 0.010000000000000009
      vertex 13.203918991574527 -34.63790210000355 0.010000000000000009
    endloop
  endfacet
  facet normal -0.7259954919231311 0.687699458853423 0
    outer loop
      vertex 13.9412093978377 -34.01164198418597 1.5999999999999996
      vertex 13.9412093978377 -34.01164198418597 0.010000000000000009
      vertex 13.606619140759113 -34.36486462403718 0.010000000000000009
    endloop
  endfacet
  facet normal -0.8568571761675884 0.5155538571770232 0
    outer loop
      vertex 14.192044694259653 -33.5947504785106 1.5999999999999996
      vertex 14.192044694259653 -33.5947504785106 0.010000000000000009
      vertex 13.9412093978377 -34.01164198418597 0.010000000000000009
    endloop
  endfacet
  facet normal -0.9476531711828028 0.31930153013597895 0
    outer loop
      vertex 14.347396250347696 -33.1336834904748 1.5999999999999996
      vertex 14.347396250347696 -33.1336834904748 0.010000000000000009
      vertex 14.192044694259653 -33.5947504785106 0.010000000000000009
    endloop
  endfacet
  facet normal -0.9941379571543597 0.10811901842394041 0
    outer loop
      vertex 14.4 -32.65 1.5999999999999996
      vertex 14.4 -32.65 0.010000000000000009
      vertex 14.347396250347696 -33.1336834904748 0.010000000000000009
    endloop
  endfacet
  facet normal -1 0 0
    outer loop
      vertex 14.4 -31.214930544854813 1.5999999999999996
      vertex 14.4 -32.65 0
      vertex 14.4 -32.65 0.010000000000000009
    endloop
  endfacet
  facet normal -1 0 0
    outer loop
      vertex 14.4 -31.214930544854813 1.5999999999999996
      vertex 14.4 -32.323499999999996 0
      vertex 14.4 -32.65 0
    endloop
  endfacet
  facet normal -0.16178199655276723 0.9868265225415257 0
    outer loop
      vertex 12.271812544317191 -34.89670018116503 1.5999999999999996
      vertex 12.751938761690747 -34.81798748316825 1.5999999999999996
      vertex 12.271812544317191 -34.89670018116503 0.010000000000000009
    endloop
  endfacet
  facet normal -0.37013815533991784 0.9289767198167901 0
    outer loop
      vertex 12.751938761690747 -34.81798748316825 1.5999999999999996
      vertex 13.203918991574527 -34.63790210000355 1.5999999999999996
      vertex 12.751938761690747 -34.81798748316825 0.010000000000000009
    endloop
  endfacet
  facet normal -0.56118706536238 0.8276889981568921 0
    outer loop
      vertex 13.203918991574527 -34.63790210000355 1.5999999999999996
      vertex 13.606619140759113 -34.36486462403718 1.5999999999999996
      vertex 13.203918991574527 -34.63790210000355 0.010000000000000009
    endloop
  endfacet
  facet normal -0.7259954919231311 0.687699458853423 0
    outer loop
      vertex 13.606619140759113 -34.36486462403718 1.5999999999999996
      vertex 13.9412093978377 -34.01164198418597 1.5999999999999996
      vertex 13.606619140759113 -34.36486462403718 0.010000000000000009
    endloop
  endfacet
  facet normal -0.8568571761675884 0.5155538571770232 0
    outer loop
      vertex 13.9412093978377 -34.01164198418597 1.5999999999999996
      vertex 14.192044694259653 -33.5947504785106 1.5999999999999996
      vertex 13.9412093978377 -34.01164198418597 0.010000000000000009
    endloop
  endfacet
  facet normal -0.9476531711828028 0.31930153013597895 0
    outer loop
      vertex 14.192044694259653 -33.5947504785106 1.5999999999999996
      vertex 14.347396250347696 -33.1336834904748 1.5999999999999996
      vertex 14.192044694259653 -33.5947504785106 0.010000000000000009
    endloop
  endfacet
  facet normal -0.9941379571543597 0.10811901842394041 0
    outer loop
      vertex 14.347396250347696 -33.1336834904748 1.5999999999999996
      vertex 14.4 -32.65 1.5999999999999996
      vertex 14.347396250347696 -33.1336834904748 0.010000000000000009
    endloop
  endfacet
  facet normal -1 0 0
    outer loop
      vertex 14.4 -32.65 1.5999999999999996
      vertex 14.4 -31.214930544854813 1.5999999999999996
      vertex 14.4 -32.65 0.010000000000000009
    endloop
  endfacet
  facet normal -1 0 0
    outer loop
      vertex 14.4 -31.214930544854813 1.5999999999999996
      vertex 14.4 -32.241875 0.010000000000000009
      vertex 14.4 -32.323499999999996 0
    endloop
  endfacet
  facet normal -1 0 0
    outer loop
      vertex 14.4 -31.214930544854813 1.5999999999999996
      vertex 14.4 32.52201416724478 0.010000000000000009
      vertex 14.4 -32.241875 0.010000000000000009
    endloop
  endfacet
  facet normal 0 1 0
    outer loop
      vertex 10.707854060526788 -34.89670018116503 1.5999999999999996
      vertex 5 -34.89670018116503 3.9400000000000004
      vertex 10.707854060526788 -34.89670018116503 4.99
    endloop
  endfacet
  facet normal 0 1 0
    outer loop
      vertex -10.707854060526788 -34.89670018116503 4.99
      vertex 10.707854060526788 -34.89670018116503 4.99
      vertex 5 -34.89670018116503 3.9400000000000004
    endloop
  endfacet
  facet normal 0 0 -1
    outer loop
      vertex -1.6113156038376348 -28.080643905686994 4.99
      vertex -0.8100955903243144 -28.207544689104118 4.99
      vertex 8.9 -32.25 4.99
    endloop
  endfacet
  facet normal 0 0 -1
    outer loop
      vertex -10.707854060526788 -34.89670018116503 4.99
      vertex 9.566773337110913 -34.08194468760664 4.99
      vertex 9.918055312393363 -34.43322666288909 4.99
    endloop
  endfacet
  facet normal 0 0 -1
    outer loop
      vertex -10.707854060526788 -34.89670018116503 4.99
      vertex 9.918055312393363 -34.43322666288909 4.99
      vertex 10.325 -34.71817240078565 4.99
    endloop
  endfacet
  facet normal 0 0 -1
    outer loop
      vertex -10.707854060526788 -34.89670018116503 4.99
      vertex 10.325 -34.71817240078565 4.99
      vertex 10.707854060526788 -34.89670018116503 4.99
    endloop
  endfacet
  facet normal 0 0 -1
    outer loop
      vertex -8.943297903915207 -32.74489730635075 4.99
      vertex 8.943297903915207 -32.74489730635075 4.99
      vertex 9.07187603076016 -33.224757408478155 4.99
    endloop
  endfacet
  facet normal 0 0 -1
    outer loop
      vertex -9.281827599214349 -33.675 4.99
      vertex 9.281827599214349 -33.675 4.99
      vertex 9.566773337110913 -34.08194468760664 4.99
    endloop
  endfacet
  facet normal 0 0 -1
    outer loop
      vertex -9.07187603076016 -33.224757408478155 4.99
      vertex 9.07187603076016 -33.224757408478155 4.99
      vertex 9.281827599214349 -33.675 4.99
    endloop
  endfacet
  facet normal 0 0 -1
    outer loop
      vertex -0.8100955903243144 -28.207544689104118 4.99
      vertex 0 -28.25 4.99
      vertex 8.943297903915207 -31.75510269364925 4.99
    endloop
  endfacet
  facet normal 0 0 -1
    outer loop
      vertex 0 -28.25 4.99
      vertex 0.8100955903243144 -28.207544689104118 4.99
      vertex 8.943297903915207 -31.75510269364925 4.99
    endloop
  endfacet
  facet normal 0 0 -1
    outer loop
      vertex 0.8100955903243144 -28.207544689104118 4.99
      vertex 1.6113156038376348 -28.080643905686994 4.99
      vertex 8.943297903915207 -31.75510269364925 4.99
    endloop
  endfacet
  facet normal 0 0 -1
    outer loop
      vertex 1.6113156038376348 -28.080643905686994 4.99
      vertex 2.3948817064058425 -27.87068800128744 4.99
      vertex 8.943297903915207 -31.75510269364925 4.99
    endloop
  endfacet
  facet normal 0 0 -1
    outer loop
      vertex 2.3948817064058425 -27.87068800128744 4.99
      vertex 3.1522089838374514 -27.579977296730156 4.99
      vertex 9.07187603076016 -31.275242591521845 4.99
    endloop
  endfacet
  facet normal 0 0 -1
    outer loop
      vertex -1.6113156038376348 -28.080643905686994 4.99
      vertex 8.9 -32.25 4.99
      vertex 8.943297903915207 -32.74489730635075 4.99
    endloop
  endfacet
  facet normal 0 0 -1
    outer loop
      vertex -0.8100955903243144 -28.207544689104118 4.99
      vertex 8.943297903915207 -31.75510269364925 4.99
      vertex 8.9 -32.25 4.99
    endloop
  endfacet
  facet normal 0 0 -1
    outer loop
      vertex 3.1522089838374514 -27.579977296730156 4.99
      vertex 3.875 -27.2116968793294 4.99
      vertex 9.07187603076016 -31.275242591521845 4.99
    endloop
  endfacet
  facet normal 0 0 -1
    outer loop
      vertex 3.875 -27.2116968793294 4.99
      vertex 4.555335705266667 -26.769881706405844 4.99
      vertex 9.281827599214349 -30.825 4.99
    endloop
  endfacet
  facet normal 0 0 -1
    outer loop
      vertex 2.3948817064058425 -27.87068800128744 4.99
      vertex 9.07187603076016 -31.275242591521845 4.99
      vertex 8.943297903915207 -31.75510269364925 4.99
    endloop
  endfacet
  facet normal 0 0 -1
    outer loop
      vertex 4.555335705266667 -26.769881706405844 4.99
      vertex 5.185762199281151 -26.259372397449805 4.99
      vertex 9.566773337110913 -30.418055312393363 4.99
    endloop
  endfacet
  facet normal 0 0 -1
    outer loop
      vertex 9.566773337110913 -30.418055312393363 4.99
      vertex 5.185762199281151 -26.259372397449805 4.99
      vertex 5.7593723974498054 -25.68576219928115 4.99
    endloop
  endfacet
  facet normal 0 0 -1
    outer loop
      vertex 3.875 -27.2116968793294 4.99
      vertex 9.281827599214349 -30.825 4.99
      vertex 9.07187603076016 -31.275242591521845 4.99
    endloop
  endfacet
  facet normal 0 0 -1
    outer loop
      vertex 4.555335705266667 -26.769881706405844 4.99
      vertex 9.566773337110913 -30.418055312393363 4.99
      vertex 9.281827599214349 -30.825 4.99
    endloop
  endfacet
  facet normal 0 0 -1
    outer loop
      vertex 9.566773337110913 -30.418055312393363 4.99
      vertex 5.7593723974498054 -25.68576219928115 4.99
      vertex 9.918055312393363 -30.066773337110913 4.99
    endloop
  endfacet
  facet normal 0 0 -1
    outer loop
      vertex 5.7593723974498054 -25.68576219928115 4.99
      vertex 10.325 -29.78182759921435 4.99
      vertex 9.918055312393363 -30.066773337110913 4.99
    endloop
  endfacet
  facet normal 0 0 -1
    outer loop
      vertex 6.269881706405843 -25.055335705266668 4.99
      vertex 10.775242591521843 -29.571876030760162 4.99
      vertex 10.325 -29.78182759921435 4.99
    endloop
  endfacet
  facet normal 0 0 -1
    outer loop
      vertex 7.079977296730156 -23.65220898383745 4.99
      vertex 7.303741464481668 -23.06928339735768 4.99
      vertex 7.3432372542187885 -23.190838939219354 4.99
    endloop
  endfacet
  facet normal 0 0 -1
    outer loop
      vertex 5.7593723974498054 -25.68576219928115 4.99
      vertex 6.269881706405843 -25.055335705266668 4.99
      vertex 10.325 -29.78182759921435 4.99
    endloop
  endfacet
  facet normal 0 0 -1
    outer loop
      vertex 6.269881706405843 -25.055335705266668 4.99
      vertex 6.711696879329399 -24.375 4.99
      vertex 10.775242591521843 -29.571876030760162 4.99
    endloop
  endfacet
  facet normal 0 0 -1
    outer loop
      vertex 6.711696879329399 -24.375 4.99
      vertex 7.079977296730156 -23.65220898383745 4.99
      vertex 10.775242591521843 -29.571876030760162 4.99
    endloop
  endfacet
  facet normal 0 0 -1
    outer loop
      vertex 7.079977296730156 -23.65220898383745 4.99
      vertex 7.7182372542187885 -23.463292387221365 4.99
      vertex 10.775242591521843 -29.571876030760162 4.99
    endloop
  endfacet
  facet normal 0 0 -1
    outer loop
      vertex 7.079977296730156 -23.65220898383745 4.99
      vertex 7.3432372542187885 -23.190838939219354 4.99
      vertex 7.7182372542187885 -23.463292387221365 4.99
    endloop
  endfacet
  facet normal 0 0 -1
    outer loop
      vertex 0 -12.75 4.99
      vertex 0.3690734378532091 -9.482936705180137 4.99
      vertex 0.8100955903243144 -12.792455310895882 4.99
    endloop
  endfacet
  facet normal 0 0 -1
    outer loop
      vertex 0 -12.75 4.99
      vertex -0.12318023422468048 -9.498102878853464 4.99
      vertex 0.3690734378532091 -9.482936705180137 4.99
    endloop
  endfacet
  facet normal 0 0 -1
    outer loop
      vertex 0.8100955903243144 -12.792455310895882 4.99
      vertex 0.3690734378532091 -9.482936705180137 4.99
      vertex 0.8557323328259911 -9.407393271038403 4.99
    endloop
  endfacet
  facet normal 0 0 -1
    outer loop
      vertex 0.8100955903243144 -12.792455310895882 4.99
      vertex 0.8557323328259911 -9.407393271038403 4.99
      vertex 1.3294191979186403 -9.27261773788511 4.99
    endloop
  endfacet
  facet normal 0 0 -1
    outer loop
      vertex 0.8100955903243144 -12.792455310895882 4.99
      vertex 1.3294191979186403 -9.27261773788511 4.99
      vertex 1.6113156038376348 -12.919356094313006 4.99
    endloop
  endfacet
  facet normal 0 0 -1
    outer loop
      vertex 1.6113156038376348 -12.919356094313006 4.99
      vertex 1.7829534231061548 -9.080653165420248 4.99
      vertex 2.3948817064058425 -13.12931199871256 4.99
    endloop
  endfacet
  facet normal 0 0 -1
    outer loop
      vertex 1.6113156038376348 -12.919356094313006 4.99
      vertex 1.3294191979186403 -9.27261773788511 4.99
      vertex 1.7829534231061548 -9.080653165420248 4.99
    endloop
  endfacet
  facet normal 0 0 -1
    outer loop
      vertex 2.3948817064058425 -13.12931199871256 4.99
      vertex 1.7829534231061548 -9.080653165420248 4.99
      vertex 2.209459891842022 -8.83440954088448 4.99
    endloop
  endfacet
  facet normal 0 0 -1
    outer loop
      vertex 2.3948817064058425 -13.12931199871256 4.99
      vertex 2.209459891842022 -8.83440954088448 4.99
      vertex 3.1522089838374514 -13.420022703269844 4.99
    endloop
  endfacet
  facet normal 0 0 -1
    outer loop
      vertex 3.875 -13.788303120670601 4.99
      vertex 3.1522089838374514 -13.420022703269844 4.99
      vertex 2.9560356688826355 -8.19478257458623 4.99
    endloop
  endfacet
  facet normal 0 0 -1
    outer loop
      vertex 3.1522089838374514 -13.420022703269844 4.99
      vertex 2.209459891842022 -8.83440954088448 4.99
      vertex 2.6024732008169673 -8.537619666618829 4.99
    endloop
  endfacet
  facet normal 0 0 -1
    outer loop
      vertex 3.1522089838374514 -13.420022703269844 4.99
      vertex 2.6024732008169673 -8.537619666618829 4.99
      vertex 2.9560356688826355 -8.19478257458623 4.99
    endloop
  endfacet
  facet normal 0 0 -1
    outer loop
      vertex 3.875 -13.788303120670601 4.99
      vertex 2.9560356688826355 -8.19478257458623 4.99
      vertex 3.2647876494248864 -7.811095325633005 4.99
    endloop
  endfacet
  facet normal 0 0 -1
    outer loop
      vertex 3.875 -13.788303120670601 4.99
      vertex 3.2647876494248864 -7.811095325633005 4.99
      vertex 4.555335705266667 -14.230118293594156 4.99
    endloop
  endfacet
  facet normal 0 0 -1
    outer loop
      vertex 4.555335705266667 -14.230118293594156 4.99
      vertex 3.5240487771431375 -7.392374227344041 4.99
      vertex 5.185762199281151 -14.740627602550195 4.99
    endloop
  endfacet
  facet normal 0 0 -1
    outer loop
      vertex 4.555335705266667 -14.230118293594156 4.99
      vertex 3.2647876494248864 -7.811095325633005 4.99
      vertex 3.5240487771431375 -7.392374227344041 4.99
    endloop
  endfacet
  facet normal 0 0 -1
    outer loop
      vertex 3.5240487771431375 -7.392374227344041 4.99
      vertex 3.729888917617423 -6.944966664748613 4.99
      vertex 5.185762199281151 -14.740627602550195 4.99
    endloop
  endfacet
  facet normal 0 0 -1
    outer loop
      vertex 3.729888917617423 -6.944966664748613 4.99
      vertex 3.879187744140038 -6.475654880433509 4.99
      vertex 5.7593723974498054 -15.31423780071885 4.99
    endloop
  endfacet
  facet normal 0 0 -1
    outer loop
      vertex 5.7593723974498054 -15.31423780071885 4.99
      vertex 7.7182372542187885 -17.536707612778635 4.99
      vertex 6.269881706405843 -15.944664294733332 4.99
    endloop
  endfacet
  facet normal 0 0 -1
    outer loop
      vertex 7.303741464481668 -17.93071660264232 4.99
      vertex 7.079977296730156 -17.34779101616255 4.99
      vertex 7.3432372542187885 -17.809161060780646 4.99
    endloop
  endfacet
  facet normal 0 0 -1
    outer loop
      vertex 7.079977296730156 -17.34779101616255 4.99
      vertex 6.711696879329399 -16.625 4.99
      vertex 7.7182372542187885 -17.536707612778635 4.99
    endloop
  endfacet
  facet normal 0 0 -1
    outer loop
      vertex 6.711696879329399 -16.625 4.99
      vertex 6.269881706405843 -15.944664294733332 4.99
      vertex 7.7182372542187885 -17.536707612778635 4.99
    endloop
  endfacet
  facet normal 0 0 -1
    outer loop
      vertex 3.729888917617423 -6.944966664748613 4.99
      vertex 5.7593723974498054 -15.31423780071885 4.99
      vertex 5.185762199281151 -14.740627602550195 4.99
    endloop
  endfacet
  facet normal 0 0 -1
    outer loop
      vertex 3.879187744140038 -6.475654880433509 4.99
      vertex 7.7182372542187885 -17.536707612778635 4.99
      vertex 5.7593723974498054 -15.31423780071885 4.99
    endloop
  endfacet
  facet normal 0 0 -1
    outer loop
      vertex 3.879187744140038 -6.475654880433509 4.99
      vertex 3.969682038687743 -5.991553162658857 4.99
      vertex 12.68176274578121 -17.536707612778635 4.99
    endloop
  endfacet
  facet normal 0 0 -1
    outer loop
      vertex 7.079977296730156 -17.34779101616255 4.99
      vertex 7.7182372542187885 -17.536707612778635 4.99
      vertex 7.3432372542187885 -17.809161060780646 4.99
    endloop
  endfacet
  facet normal 0 0 -1
    outer loop
      vertex 3.879187744140038 -6.475654880433509 4.99
      vertex 12.68176274578121 -17.536707612778635 4.99
      vertex 7.7182372542187885 -17.536707612778635 4.99
    endloop
  endfacet
  facet normal 0 0 -1
    outer loop
      vertex 3.969682038687743 -5.991553162658857 4.99
      vertex 4 -5.5 4.99
      vertex 12.1 6.499999999999998 4.99
    endloop
  endfacet
  facet normal 0 0 -1
    outer loop
      vertex 4 -5.5 4.99
      vertex 3.969682038687743 -5.008446837341143 4.99
      vertex 12.1 6.499999999999998 4.99
    endloop
  endfacet
  facet normal 0 0 -1
    outer loop
      vertex 3.524048777143138 -3.6076257726559597 4.99
      vertex 3.264787649424887 -3.1889046743669955 4.99
      vertex 12.1 6.499999999999998 4.99
    endloop
  endfacet
  facet normal 0 0 -1
    outer loop
      vertex 3.969682038687743 -5.008446837341143 4.99
      vertex 3.879187744140038 -4.524345119566491 4.99
      vertex 12.1 6.499999999999998 4.99
    endloop
  endfacet
  facet normal 0 0 -1
    outer loop
      vertex 3.7298889176174232 -4.055033335251388 4.99
      vertex 12.1 6.499999999999998 4.99
      vertex 3.879187744140038 -4.524345119566491 4.99
    endloop
  endfacet
  facet normal 0 0 -1
    outer loop
      vertex 3.524048777143138 -3.6076257726559597 4.99
      vertex 12.1 6.499999999999998 4.99
      vertex 3.7298889176174232 -4.055033335251388 4.99
    endloop
  endfacet
  facet normal 0 0 -1
    outer loop
      vertex 3.969682038687743 -5.991553162658857 4.99
      vertex 12.1 6.499999999999998 4.99
      vertex 12.68176274578121 -17.536707612778635 4.99
    endloop
  endfacet
  facet normal 0 0 -1
    outer loop
      vertex 10.35 -32.25 4.99
      vertex 11.993107448733703 -33.62873085421709 4.99
      vertex 10.434430330899728 -32.72882820065593 4.99
    endloop
  endfacet
  facet normal 0 0 -1
    outer loop
      vertex 10.67753777963343 -33.149902653561156 4.99
      vertex 10.434430330899728 -32.72882820065593 4.99
      vertex 11.993107448733703 -33.62873085421709 4.99
    endloop
  endfacet
  facet normal 0 0 -1
    outer loop
      vertex 10.67753777963343 -33.149902653561156 4.99
      vertex 11.993107448733703 -33.62873085421709 4.99
      vertex 11.05 -33.462435565298215 4.99
    endloop
  endfacet
  facet normal 0 0 -1
    outer loop
      vertex 11.05 -33.462435565298215 4.99
      vertex 11.993107448733703 -33.62873085421709 4.99
      vertex 11.506892551266297 -33.62873085421709 4.99
    endloop
  endfacet
  facet normal 0 0 -1
    outer loop
      vertex 10.35 -32.25 4.99
      vertex 10.434430330899728 -31.771171799344064 4.99
      vertex 12.82246222036657 -33.149902653561156 4.99
    endloop
  endfacet
  facet normal 0 0 -1
    outer loop
      vertex 10.434430330899728 -31.771171799344064 4.99
      vertex 10.67753777963343 -31.350097346438844 4.99
      vertex 12.82246222036657 -33.149902653561156 4.99
    endloop
  endfacet
  facet normal 0 0 -1
    outer loop
      vertex 10.35 -32.25 4.99
      vertex 12.45 -33.462435565298215 4.99
      vertex 11.993107448733703 -33.62873085421709 4.99
    endloop
  endfacet
  facet normal 0 0 -1
    outer loop
      vertex 10.35 -32.25 4.99
      vertex 12.82246222036657 -33.149902653561156 4.99
      vertex 12.45 -33.462435565298215 4.99
    endloop
  endfacet
  facet normal 0 0 -1
    outer loop
      vertex 7.7182372542187885 -23.463292387221365 4.99
      vertex 11.255102693649249 -29.44329790391521 4.99
      vertex 10.775242591521843 -29.571876030760162 4.99
    endloop
  endfacet
  facet normal 0 0 -1
    outer loop
      vertex 10.67753777963343 -31.350097346438844 4.99
      vertex 11.05 -31.037564434701785 4.99
      vertex 12.82246222036657 -33.149902653561156 4.99
    endloop
  endfacet
  facet normal 0 0 -1
    outer loop
      vertex 11.05 -31.037564434701785 4.99
      vertex 11.506892551266297 -30.871269145782907 4.99
      vertex 13.065569669100272 -32.72882820065593 4.99
    endloop
  endfacet
  facet normal 0 0 -1
    outer loop
      vertex 11.506892551266297 -30.871269145782907 4.99
      vertex 11.993107448733703 -30.871269145782907 4.99
      vertex 13.065569669100272 -32.72882820065593 4.99
    endloop
  endfacet
  facet normal 0 0 -1
    outer loop
      vertex 11.255102693649249 -29.44329790391521 4.99
      vertex 12.68176274578121 -23.463292387221365 4.99
      vertex 11.75 -29.4 4.99
    endloop
  endfacet
  facet normal 0 0 -1
    outer loop
      vertex 11.05 -31.037564434701785 4.99
      vertex 13.065569669100272 -32.72882820065593 4.99
      vertex 12.82246222036657 -33.149902653561156 4.99
    endloop
  endfacet
  facet normal 0 0 -1
    outer loop
      vertex 13.065569669100272 -32.72882820065593 4.99
      vertex 12.45 -31.037564434701785 4.99
      vertex 13.15 -32.25 4.99
    endloop
  endfacet
  facet normal 0 0 -1
    outer loop
      vertex 11.993107448733703 -30.871269145782907 4.99
      vertex 12.45 -31.037564434701785 4.99
      vertex 13.065569669100272 -32.72882820065593 4.99
    endloop
  endfacet
  facet normal 0 0 -1
    outer loop
      vertex 13.15 -32.25 4.99
      vertex 12.45 -31.037564434701785 4.99
      vertex 12.82246222036657 -31.350097346438844 4.99
    endloop
  endfacet
  facet normal 0 0 -1
    outer loop
      vertex 13.15 -32.25 4.99
      vertex 12.82246222036657 -31.350097346438844 4.99
      vertex 13.065569669100272 -31.771171799344064 4.99
    endloop
  endfacet
  facet normal 0 0 -1
    outer loop
      vertex 11.75 -29.4 4.99
      vertex 12.68176274578121 -23.463292387221365 4.99
      vertex 12.244897306350751 -29.44329790391521 4.99
    endloop
  endfacet
  facet normal 0 0 -1
    outer loop
      vertex 12.244897306350751 -29.44329790391521 4.99
      vertex 12.68176274578121 -23.463292387221365 4.99
      vertex 12.724757408478157 -29.571876030760162 4.99
    endloop
  endfacet
  facet normal 0 0 -1
    outer loop
      vertex 13.175 -29.78182759921435 4.99
      vertex 12.724757408478157 -29.571876030760162 4.99
      vertex 12.68176274578121 -23.463292387221365 4.99
    endloop
  endfacet
  facet normal 0 0 -1
    outer loop
      vertex 13.175 -29.78182759921435 4.99
      vertex 12.68176274578121 -23.463292387221365 4.99
      vertex 13.581944687606637 -30.066773337110913 4.99
    endloop
  endfacet
  facet normal 0 0 -1
    outer loop
      vertex 13.581944687606637 -30.066773337110913 4.99
      vertex 13.2 -22.75 4.99
      vertex 13.933226662889087 -30.418055312393363 4.99
    endloop
  endfacet
  facet normal 0 0 -1
    outer loop
      vertex 7.7182372542187885 -23.463292387221365 4.99
      vertex 12.68176274578121 -23.463292387221365 4.99
      vertex 11.255102693649249 -29.44329790391521 4.99
    endloop
  endfacet
  facet normal 0 0 -1
    outer loop
      vertex 13.581944687606637 -30.066773337110913 4.99
      vertex 12.68176274578121 -23.463292387221365 4.99
      vertex 13.05676274578121 -23.190838939219354 4.99
    endloop
  endfacet
  facet normal 0 0 -1
    outer loop
      vertex 13.581944687606637 -30.066773337110913 4.99
      vertex 13.05676274578121 -23.190838939219354 4.99
      vertex 13.2 -22.75 4.99
    endloop
  endfacet
  facet normal 0 0 -1
    outer loop
      vertex 13.933226662889087 -30.418055312393363 4.99
      vertex 13.2 -22.75 4.99
      vertex 13.2 -18.25 4.99
    endloop
  endfacet
  facet normal -1 0 0
    outer loop
      vertex 14.4 -31.214930544854813 1.5999999999999996
      vertex 14.4 -31.214930544854813 4.99
      vertex 14.4 32.52201416724478 0.010000000000000009
    endloop
  endfacet
  facet normal 0 0 -1
    outer loop
      vertex 13.933226662889087 -30.418055312393363 4.99
      vertex 13.2 -18.25 4.99
      vertex 12.1 6.499999999999998 4.99
    endloop
  endfacet
  facet normal 0 0 -1
    outer loop
      vertex 13.2 -18.25 4.99
      vertex 13.05676274578121 -17.809161060780646 4.99
      vertex 12.1 6.499999999999998 4.99
    endloop
  endfacet
  facet normal 0 0 -1
    outer loop
      vertex 12.68176274578121 -17.536707612778635 4.99
      vertex 12.1 6.499999999999998 4.99
      vertex 13.05676274578121 -17.809161060780646 4.99
    endloop
  endfacet
  facet normal 0 0 -1
    outer loop
      vertex 14.218172400785651 -30.825 4.99
      vertex 14.218172400785651 30.825 4.99
      vertex 14.4 -31.214930544854813 4.99
    endloop
  endfacet
  facet normal 0 0 -1
    outer loop
      vertex 13.933226662889087 -30.418055312393363 4.99
      vertex 14.218172400785651 30.825 4.99
      vertex 14.218172400785651 -30.825 4.99
    endloop
  endfacet
  facet normal 0 0 -1
    outer loop
      vertex 13.933226662889087 -30.418055312393363 4.99
      vertex 12.1 6.499999999999998 4.99
      vertex 12.1 20.099999999999998 4.99
    endloop
  endfacet
  facet normal 0 -1 0
    outer loop
      vertex 10.707854060526788 34.89670018116503 1.5999999999999996
      vertex -12.028187455682811 34.89670018116503 0.010000000000000009
      vertex 12.27181254431719 34.89670018116503 0.010000000000000009
    endloop
  endfacet
  facet normal -0.16178199655276668 -0.9868265225415259 0
    outer loop
      vertex 12.27181254431719 34.89670018116503 0
      vertex 12.751938761690747 34.81798748316825 0
      vertex 12.27181254431719 34.89670018116503 0.010000000000000009
    endloop
  endfacet
  facet normal -0.16178199655276443 -0.9868265225415263 1.1050685588793968e-13
    outer loop
      vertex 12.27181254431719 34.89670018116503 0.010000000000000009
      vertex 12.751938761690747 34.81798748316825 0
      vertex 12.748937972832163 34.81847943753073 0.010000000000000009
    endloop
  endfacet
  facet normal -0.37013815533991656 -0.9289767198167905 0
    outer loop
      vertex 12.751938761690747 34.81798748316825 0
      vertex 13.203918991574529 34.63790210000355 0
      vertex 12.751938761690747 34.81798748316825 0.010000000000000009
    endloop
  endfacet
  facet normal -0.3701381553399128 -0.928976719816792 1.9805124821474935e-13
    outer loop
      vertex 12.751938761690747 34.81798748316825 0.010000000000000009
      vertex 13.203918991574529 34.63790210000355 0
      vertex 13.201094115137755 34.63902763364833 0.010000000000000009
    endloop
  endfacet
  facet normal -0.5611870653623818 -0.8276889981568909 0
    outer loop
      vertex 13.203918991574529 34.63790210000355 0
      vertex 13.606619140759113 34.36486462403718 0
      vertex 13.203918991574529 34.63790210000355 0.010000000000000009
    endloop
  endfacet
  facet normal -0.99413795715436 -0.10811901842393783 -9.740497271727044e-14
    outer loop
      vertex 14.399853878473188 32.65134356525132 0.004444444444444448
      vertex 14.347396250347696 33.1336834904748 0.010000000000000009
      vertex 14.399736981251738 32.652418417452374 0
    endloop
  endfacet
  facet normal -0.9941379571543596 -0.10811901842394163 2.350782207070718e-13
    outer loop
      vertex 14.347396250347696 33.1336834904748 0.010000000000000009
      vertex 14.399853878473188 32.65134356525132 0.004444444444444448
      vertex 14.399671226564674 32.653023021815464 0.010000000000000009
    endloop
  endfacet
  facet normal -0.9941379571543598 -0.10811901842393984 0
    outer loop
      vertex 14.347396250347696 33.1336834904748 0
      vertex 14.399736981251738 32.652418417452374 0
      vertex 14.347396250347696 33.1336834904748 0.010000000000000009
    endloop
  endfacet
  facet normal -0.9476531711828016 -0.3193015301359827 -3.444369534169558e-14
    outer loop
      vertex 14.192044694259653 33.59475047851059 0.010000000000000009
      vertex 14.347396250347696 33.1336834904748 0
      vertex 14.346425303122146 33.136565159150024 0.010000000000000009
    endloop
  endfacet
  facet normal -0.9476531711828012 -0.3193015301359833 0
    outer loop
      vertex 14.192044694259653 33.59475047851059 0
      vertex 14.347396250347696 33.1336834904748 0
      vertex 14.192044694259653 33.59475047851059 0.010000000000000009
    endloop
  endfacet
  facet normal -0.561187065362381 -0.8276889981568915 4.018431123197824e-14
    outer loop
      vertex 13.203918991574529 34.63790210000355 0.010000000000000009
      vertex 13.606619140759113 34.36486462403718 0
      vertex 13.60410226482671 34.36657110826197 0.010000000000000009
    endloop
  endfacet
  facet normal 0 -1 0
    outer loop
      vertex 10.707854060526788 34.89670018116503 1.5999999999999996
      vertex 12.27181254431719 34.89670018116503 0.010000000000000009
      vertex 12.27181254431719 34.89670018116503 1.5999999999999996
    endloop
  endfacet
  facet normal -0.1617819965527644 -0.9868265225415261 0
    outer loop
      vertex 12.27181254431719 34.89670018116503 1.5999999999999996
      vertex 12.27181254431719 34.89670018116503 0.010000000000000009
      vertex 12.748937972832163 34.81847943753073 0.010000000000000009
    endloop
  endfacet
  facet normal -0.1617819965531233 -0.9868265225414675 0
    outer loop
      vertex 12.751938761690747 34.81798748316825 1.5999999999999996
      vertex 12.748937972832163 34.81847943753073 0.010000000000000009
      vertex 12.751938761690747 34.81798748316825 0.010000000000000009
    endloop
  endfacet
  facet normal -0.37013815533991284 -0.9289767198167921 0
    outer loop
      vertex 12.751938761690747 34.81798748316825 1.5999999999999996
      vertex 12.751938761690747 34.81798748316825 0.010000000000000009
      vertex 13.201094115137755 34.63902763364833 0.010000000000000009
    endloop
  endfacet
  facet normal -0.3701381553405206 -0.92897671981655 0
    outer loop
      vertex 13.203918991574529 34.63790210000355 1.5999999999999996
      vertex 13.201094115137755 34.63902763364833 0.010000000000000009
      vertex 13.203918991574529 34.63790210000355 0.010000000000000009
    endloop
  endfacet
  facet normal -0.5611870653623812 -0.8276889981568913 0
    outer loop
      vertex 13.203918991574529 34.63790210000355 1.5999999999999996
      vertex 13.203918991574529 34.63790210000355 0.010000000000000009
      vertex 13.60410226482671 34.36657110826197 0.010000000000000009
    endloop
  endfacet
  facet normal -1 0 0
    outer loop
      vertex 14.4 31.214930544854813 1.5999999999999996
      vertex 14.4 32.65 0
      vertex 14.4 32.52201416724478 0.010000000000000009
    endloop
  endfacet
  facet normal -1 0 0
    outer loop
      vertex 14.4 31.214930544854813 1.5999999999999996
      vertex 14.4 32.65 0.010000000000000009
      vertex 14.4 32.65 0
    endloop
  endfacet
  facet normal -0.9941379571543805 -0.10811901842375019 0
    outer loop
      vertex 14.4 32.65 1.5999999999999996
      vertex 14.399671226564674 32.653023021815464 0.010000000000000009
      vertex 14.4 32.65 0.010000000000000009
    endloop
  endfacet
  facet normal -0.9941379571543597 -0.10811901842394164 0
    outer loop
      vertex 14.347396250347696 33.1336834904748 1.5999999999999996
      vertex 14.347396250347696 33.1336834904748 0.010000000000000009
      vertex 14.399671226564674 32.653023021815464 0.010000000000000009
    endloop
  endfacet
  facet normal -0.9476531711828015 -0.3193015301359826 0
    outer loop
      vertex 14.192044694259653 33.59475047851059 1.5999999999999996
      vertex 14.192044694259653 33.59475047851059 0.010000000000000009
      vertex 14.346425303122146 33.136565159150024 0.010000000000000009
    endloop
  endfacet
  facet normal -0.8568571761675923 -0.5155538571770166 0
    outer loop
      vertex 13.9412093978377 34.01164198418597 1.5999999999999996
      vertex 13.9412093978377 34.01164198418597 0.010000000000000009
      vertex 14.192044694259653 33.59475047851059 0.010000000000000009
    endloop
  endfacet
  facet normal -0.9476531711827654 -0.3193015301360898 0
    outer loop
      vertex 14.347396250347696 33.1336834904748 1.5999999999999996
      vertex 14.346425303122146 33.136565159150024 0.010000000000000009
      vertex 14.347396250347696 33.1336834904748 0.010000000000000009
    endloop
  endfacet
  facet normal -0.561187065362493 -0.8276889981568155 0
    outer loop
      vertex 13.606619140759113 34.36486462403718 1.5999999999999996
      vertex 13.60410226482671 34.36657110826197 0.010000000000000009
      vertex 13.606619140759113 34.36486462403718 0.010000000000000009
    endloop
  endfacet
  facet normal -0.7259954919231311 -0.687699458853423 0
    outer loop
      vertex 13.606619140759113 34.36486462403718 1.5999999999999996
      vertex 13.606619140759113 34.36486462403718 0.010000000000000009
      vertex 13.9412093978377 34.01164198418597 0.010000000000000009
    endloop
  endfacet
  facet normal -0.16178199655276665 -0.9868265225415257 -6.906678492996247e-16
    outer loop
      vertex 12.27181254431719 34.89670018116503 1.5999999999999996
      vertex 12.748937972832163 34.81847943753073 0.010000000000000009
      vertex 12.751938761690747 34.81798748316825 1.5999999999999996
    endloop
  endfacet
  facet normal -0.3701381553399166 -0.9289767198167905 -1.2378203013421814e-15
    outer loop
      vertex 12.751938761690747 34.81798748316825 1.5999999999999996
      vertex 13.201094115137755 34.63902763364833 0.010000000000000009
      vertex 13.203918991574529 34.63790210000355 1.5999999999999996
    endloop
  endfacet
  facet normal -0.7259954919231311 -0.687699458853423 0
    outer loop
      vertex 13.9412093978377 34.01164198418597 1.5999999999999996
      vertex 13.606619140759113 34.36486462403718 1.5999999999999996
      vertex 13.9412093978377 34.01164198418597 0.010000000000000009
    endloop
  endfacet
  facet normal -1 0 0
    outer loop
      vertex 14.4 31.214930544854813 1.5999999999999996
      vertex 14.4 32.65 1.5999999999999996
      vertex 14.4 32.65 0.010000000000000009
    endloop
  endfacet
  facet normal -0.9941379571543597 -0.10811901842394041 -3.6604134647084016e-16
    outer loop
      vertex 14.4 32.65 1.5999999999999996
      vertex 14.347396250347696 33.1336834904748 1.5999999999999996
      vertex 14.399671226564674 32.653023021815464 0.010000000000000009
    endloop
  endfacet
  facet normal -0.9476531711828012 -0.31930153013598334 2.1527309588559823e-16
    outer loop
      vertex 14.192044694259653 33.59475047851059 1.5999999999999996
      vertex 14.346425303122146 33.136565159150024 0.010000000000000009
      vertex 14.347396250347696 33.1336834904748 1.5999999999999996
    endloop
  endfacet
  facet normal -0.8568571761675923 -0.5155538571770166 0
    outer loop
      vertex 13.9412093978377 34.01164198418597 1.5999999999999996
      vertex 14.192044694259653 33.59475047851059 0.010000000000000009
      vertex 14.192044694259653 33.59475047851059 1.5999999999999996
    endloop
  endfacet
  facet normal -0.5611870653623818 -0.8276889981568909 -2.51151945199864e-16
    outer loop
      vertex 13.203918991574529 34.63790210000355 1.5999999999999996
      vertex 13.60410226482671 34.36657110826197 0.010000000000000009
      vertex 13.606619140759113 34.36486462403718 1.5999999999999996
    endloop
  endfacet
  facet normal 0 0 -1
    outer loop
      vertex -1.094651960288331 -1.6526974273087234 4.99
      vertex 12.1 6.499999999999998 4.99
      vertex -0.6135666195147417 -1.5473381116749625 4.99
    endloop
  endfacet
  facet normal 0 0 -1
    outer loop
      vertex -0.6135666195147417 -1.5473381116749625 4.99
      vertex 12.1 6.499999999999998 4.99
      vertex -0.12318023422468147 -1.5018971211465364 4.99
    endloop
  endfacet
  facet normal 0 0 -1
    outer loop
      vertex -0.12318023422468147 -1.5018971211465364 4.99
      vertex 12.1 6.499999999999998 4.99
      vertex 0.3690734378532081 -1.5170632948198621 4.99
    endloop
  endfacet
  facet normal 0 0 -1
    outer loop
      vertex 0.3690734378532081 -1.5170632948198621 4.99
      vertex 12.1 6.499999999999998 4.99
      vertex 0.8557323328259901 -1.5926067289615973 4.99
    endloop
  endfacet
  facet normal 0 0 -1
    outer loop
      vertex 0.8557323328259901 -1.5926067289615973 4.99
      vertex 12.1 6.499999999999998 4.99
      vertex 1.3294191979186383 -1.7273822621148902 4.99
    endloop
  endfacet
  facet normal 0 0 -1
    outer loop
      vertex -1.094651960288331 -1.6526974273087234 4.99
      vertex 3 3.699999999999998 4.99
      vertex 12.1 6.499999999999998 4.99
    endloop
  endfacet
  facet normal 0 0 -1
    outer loop
      vertex -3 5.6999999999999975 4.99
      vertex 12.1 6.499999999999998 4.99
      vertex 3 5.6999999999999975 4.99
    endloop
  endfacet
  facet normal 0 0 -1
    outer loop
      vertex 1.3294191979186383 -1.7273822621148902 4.99
      vertex 12.1 6.499999999999998 4.99
      vertex 1.7829534231061528 -1.9193468345797506 4.99
    endloop
  endfacet
  facet normal 0 0 -1
    outer loop
      vertex 1.7829534231061528 -1.9193468345797506 4.99
      vertex 12.1 6.499999999999998 4.99
      vertex 2.209459891842023 -2.165590459115522 4.99
    endloop
  endfacet
  facet normal 0 0 -1
    outer loop
      vertex 2.209459891842023 -2.165590459115522 4.99
      vertex 12.1 6.499999999999998 4.99
      vertex 2.602473200816968 -2.4623803333811716 4.99
    endloop
  endfacet
  facet normal 0 0 -1
    outer loop
      vertex 2.602473200816968 -2.4623803333811716 4.99
      vertex 12.1 6.499999999999998 4.99
      vertex 2.9560356688826364 -2.805217425413771 4.99
    endloop
  endfacet
  facet normal 0 0 -1
    outer loop
      vertex 2.9560356688826364 -2.805217425413771 4.99
      vertex 12.1 6.499999999999998 4.99
      vertex 3.264787649424887 -3.1889046743669955 4.99
    endloop
  endfacet
  facet normal 0 0 -1
    outer loop
      vertex 3 3.699999999999998 4.99
      vertex 3 5.6999999999999975 4.99
      vertex 12.1 6.499999999999998 4.99
    endloop
  endfacet
  facet normal 0 -1 0
    outer loop
      vertex 10.707854060526788 34.89670018116503 1.5999999999999996
      vertex 10.707854060526788 34.89670018116503 4.99
      vertex -12.028187455682811 34.89670018116503 0.010000000000000009
    endloop
  endfacet
  facet normal 0 0 -1
    outer loop
      vertex -12.1 20.099999999999998 4.99
      vertex 6.5 23.299999999999997 4.99
      vertex 12.1 20.099999999999998 4.99
    endloop
  endfacet
  facet normal 0 0 -1
    outer loop
      vertex -12.1 20.099999999999998 4.99
      vertex 6.5 25.299999999999997 4.99
      vertex 6.5 23.299999999999997 4.99
    endloop
  endfacet
  facet normal 0 0 -1
    outer loop
      vertex -12.1 20.099999999999998 4.99
      vertex 11.255102693649249 29.44329790391521 4.99
      vertex 6.5 25.299999999999997 4.99
    endloop
  endfacet
  facet normal 0 0 -1
    outer loop
      vertex -12.1 20.099999999999998 4.99
      vertex 9.281827599214349 30.825 4.99
      vertex 9.566773337110913 30.418055312393363 4.99
    endloop
  endfacet
  facet normal 0 0 -1
    outer loop
      vertex -12.1 20.099999999999998 4.99
      vertex 9.918055312393363 30.066773337110913 4.99
      vertex 10.325 29.78182759921435 4.99
    endloop
  endfacet
  facet normal 0 0 -1
    outer loop
      vertex -12.1 20.099999999999998 4.99
      vertex 9.566773337110913 30.418055312393363 4.99
      vertex 9.918055312393363 30.066773337110913 4.99
    endloop
  endfacet
  facet normal 0 0 -1
    outer loop
      vertex -12.1 20.099999999999998 4.99
      vertex 10.325 29.78182759921435 4.99
      vertex 10.775242591521843 29.571876030760162 4.99
    endloop
  endfacet
  facet normal 0 0 -1
    outer loop
      vertex -12.1 20.099999999999998 4.99
      vertex 10.775242591521843 29.571876030760162 4.99
      vertex 11.255102693649249 29.44329790391521 4.99
    endloop
  endfacet
  facet normal 0 0 -1
    outer loop
      vertex -8.943297903915207 31.75510269364925 4.99
      vertex 8.943297903915207 31.75510269364925 4.99
      vertex 9.07187603076016 31.275242591521845 4.99
    endloop
  endfacet
  facet normal 0 0 -1
    outer loop
      vertex -9.07187603076016 31.275242591521845 4.99
      vertex 9.07187603076016 31.275242591521845 4.99
      vertex 9.281827599214349 30.825 4.99
    endloop
  endfacet
  facet normal 0 0 -1
    outer loop
      vertex -8.9 32.25 4.99
      vertex 8.9 32.25 4.99
      vertex 8.943297903915207 31.75510269364925 4.99
    endloop
  endfacet
  facet normal 0 0 -1
    outer loop
      vertex -8.943297903915207 32.74489730635075 4.99
      vertex 8.943297903915207 32.74489730635075 4.99
      vertex 8.9 32.25 4.99
    endloop
  endfacet
  facet normal 0 0 -1
    outer loop
      vertex -9.07187603076016 33.224757408478155 4.99
      vertex 9.07187603076016 33.224757408478155 4.99
      vertex 8.943297903915207 32.74489730635075 4.99
    endloop
  endfacet
  facet normal 0 0 -1
    outer loop
      vertex -9.281827599214349 33.675 4.99
      vertex 9.281827599214349 33.675 4.99
      vertex 9.07187603076016 33.224757408478155 4.99
    endloop
  endfacet
  facet normal 0 0 -1
    outer loop
      vertex -10.707854060526788 34.89670018116503 4.99
      vertex 9.566773337110913 34.08194468760664 4.99
      vertex 9.281827599214349 33.675 4.99
    endloop
  endfacet
  facet normal 0 0 -1
    outer loop
      vertex -10.707854060526788 34.89670018116503 4.99
      vertex 9.918055312393363 34.43322666288909 4.99
      vertex 9.566773337110913 34.08194468760664 4.99
    endloop
  endfacet
  facet normal 0 0 -1
    outer loop
      vertex -10.707854060526788 34.89670018116503 4.99
      vertex 10.325 34.71817240078565 4.99
      vertex 9.918055312393363 34.43322666288909 4.99
    endloop
  endfacet
  facet normal 0 0 -1
    outer loop
      vertex -10.707854060526788 34.89670018116503 4.99
      vertex 10.707854060526788 34.89670018116503 4.99
      vertex 10.325 34.71817240078565 4.99
    endloop
  endfacet
  facet normal -1 0 0
    outer loop
      vertex 14.4 -31.214930544854813 4.99
      vertex 14.4 31.214930544854813 1.5999999999999996
      vertex 14.4 32.52201416724478 0.010000000000000009
    endloop
  endfacet
  facet normal -1 0 0
    outer loop
      vertex 14.4 -31.214930544854813 4.99
      vertex 14.4 31.214930544854813 4.99
      vertex 14.4 31.214930544854813 1.5999999999999996
    endloop
  endfacet
  facet normal 0 0 -1
    outer loop
      vertex 13.933226662889087 -30.418055312393363 4.99
      vertex 12.1 20.099999999999998 4.99
      vertex 13.933226662889087 30.418055312393363 4.99
    endloop
  endfacet
  facet normal 0 0 -1
    outer loop
      vertex 13.933226662889087 -30.418055312393363 4.99
      vertex 13.933226662889087 30.418055312393363 4.99
      vertex 14.218172400785651 30.825 4.99
    endloop
  endfacet
  facet normal 0 0 -1
    outer loop
      vertex 14.4 -31.214930544854813 4.99
      vertex 14.218172400785651 30.825 4.99
      vertex 14.4 31.214930544854813 4.99
    endloop
  endfacet
  facet normal 0 0 -1
    outer loop
      vertex 6.5 23.299999999999997 4.99
      vertex 12.5 23.299999999999997 4.99
      vertex 12.1 20.099999999999998 4.99
    endloop
  endfacet
  facet normal 0 0 -1
    outer loop
      vertex 6.5 25.299999999999997 4.99
      vertex 12.724757408478157 29.571876030760162 4.99
      vertex 12.5 25.299999999999997 4.99
    endloop
  endfacet
  facet normal 0 0 -1
    outer loop
      vertex 12.1 20.099999999999998 4.99
      vertex 12.5 23.299999999999997 4.99
      vertex 13.581944687606637 30.066773337110913 4.99
    endloop
  endfacet
  facet normal 0 0 -1
    outer loop
      vertex 12.5 23.299999999999997 4.99
      vertex 12.5 25.299999999999997 4.99
      vertex 13.581944687606637 30.066773337110913 4.99
    endloop
  endfacet
  facet normal 0 0 -1
    outer loop
      vertex 12.1 20.099999999999998 4.99
      vertex 13.581944687606637 30.066773337110913 4.99
      vertex 13.933226662889087 30.418055312393363 4.99
    endloop
  endfacet
  facet normal 0 0 -1
    outer loop
      vertex 6.5 25.299999999999997 4.99
      vertex 11.255102693649249 29.44329790391521 4.99
      vertex 11.75 29.4 4.99
    endloop
  endfacet
  facet normal 0 0 -1
    outer loop
      vertex 6.5 25.299999999999997 4.99
      vertex 11.75 29.4 4.99
      vertex 12.244897306350751 29.44329790391521 4.99
    endloop
  endfacet
  facet normal 0 0 -1
    outer loop
      vertex 6.5 25.299999999999997 4.99
      vertex 12.244897306350751 29.44329790391521 4.99
      vertex 12.724757408478157 29.571876030760162 4.99
    endloop
  endfacet
  facet normal 0 0 -1
    outer loop
      vertex 10.434430330899728 31.771171799344064 4.99
      vertex 11.993107448733703 30.871269145782907 4.99
      vertex 10.67753777963343 31.350097346438844 4.99
    endloop
  endfacet
  facet normal 0 0 -1
    outer loop
      vertex 10.67753777963343 31.350097346438844 4.99
      vertex 11.506892551266297 30.871269145782907 4.99
      vertex 11.05 31.037564434701785 4.99
    endloop
  endfacet
  facet normal 0 0 -1
    outer loop
      vertex 10.67753777963343 31.350097346438844 4.99
      vertex 11.993107448733703 30.871269145782907 4.99
      vertex 11.506892551266297 30.871269145782907 4.99
    endloop
  endfacet
  facet normal 0 0 -1
    outer loop
      vertex 10.434430330899728 31.771171799344064 4.99
      vertex 12.45 31.037564434701785 4.99
      vertex 11.993107448733703 30.871269145782907 4.99
    endloop
  endfacet
  facet normal 0 0 -1
    outer loop
      vertex 10.434430330899728 31.771171799344064 4.99
      vertex 12.82246222036657 31.350097346438844 4.99
      vertex 12.45 31.037564434701785 4.99
    endloop
  endfacet
  facet normal 0 0 -1
    outer loop
      vertex 10.434430330899728 31.771171799344064 4.99
      vertex 13.065569669100272 31.771171799344064 4.99
      vertex 12.82246222036657 31.350097346438844 4.99
    endloop
  endfacet
  facet normal 0 0 -1
    outer loop
      vertex 10.434430330899728 31.771171799344064 4.99
      vertex 10.35 32.25 4.99
      vertex 12.82246222036657 33.149902653561156 4.99
    endloop
  endfacet
  facet normal 0 0 -1
    outer loop
      vertex 10.35 32.25 4.99
      vertex 10.434430330899728 32.72882820065593 4.99
      vertex 12.82246222036657 33.149902653561156 4.99
    endloop
  endfacet
  facet normal 0 0 -1
    outer loop
      vertex 10.434430330899728 32.72882820065593 4.99
      vertex 10.67753777963343 33.149902653561156 4.99
      vertex 12.82246222036657 33.149902653561156 4.99
    endloop
  endfacet
  facet normal 0 0 -1
    outer loop
      vertex 10.67753777963343 33.149902653561156 4.99
      vertex 11.05 33.462435565298215 4.99
      vertex 12.82246222036657 33.149902653561156 4.99
    endloop
  endfacet
  facet normal 0 0 -1
    outer loop
      vertex 10.434430330899728 31.771171799344064 4.99
      vertex 12.82246222036657 33.149902653561156 4.99
      vertex 13.065569669100272 32.72882820065593 4.99
    endloop
  endfacet
  facet normal 0 0 -1
    outer loop
      vertex 11.05 33.462435565298215 4.99
      vertex 11.506892551266297 33.62873085421709 4.99
      vertex 12.45 33.462435565298215 4.99
    endloop
  endfacet
  facet normal 0 0 -1
    outer loop
      vertex 11.506892551266297 33.62873085421709 4.99
      vertex 11.993107448733703 33.62873085421709 4.99
      vertex 12.45 33.462435565298215 4.99
    endloop
  endfacet
  facet normal 0 0 -1
    outer loop
      vertex 11.05 33.462435565298215 4.99
      vertex 12.45 33.462435565298215 4.99
      vertex 12.82246222036657 33.149902653561156 4.99
    endloop
  endfacet
  facet normal 0 0 -1
    outer loop
      vertex 12.5 25.299999999999997 4.99
      vertex 12.724757408478157 29.571876030760162 4.99
      vertex 13.175 29.78182759921435 4.99
    endloop
  endfacet
  facet normal 0 0 -1
    outer loop
      vertex 12.5 25.299999999999997 4.99
      vertex 13.175 29.78182759921435 4.99
      vertex 13.581944687606637 30.066773337110913 4.99
    endloop
  endfacet
  facet normal 0 0 -1
    outer loop
      vertex 10.434430330899728 31.771171799344064 4.99
      vertex 13.15 32.25 4.99
      vertex 13.065569669100272 31.771171799344064 4.99
    endloop
  endfacet
  facet normal 0 0 -1
    outer loop
      vertex 10.434430330899728 31.771171799344064 4.99
      vertex 13.065569669100272 32.72882820065593 4.99
      vertex 13.15 32.25 4.99
    endloop
  endfacet
  facet normal 0.6473862847818328 0.762162055127632 0
    outer loop
      vertex -13.412670897065361 -34.512300245853005 -1.99
      vertex -13.783489856827046 -34.1973237824202 -1.99
      vertex -13.783489856827046 -34.1973237824202 0
    endloop
  endfacet
  facet normal 0.9075754196709582 0.4198891015602618 0
    outer loop
      vertex -14.282219635161306 -33.36842844280595 -1.99
      vertex -14.282219635161306 -33.36842844280595 0
      vertex -14.077928646377076 -33.8099961786483 -1.99
    endloop
  endfacet
  facet normal 0.976620555710087 0.21497044021102327 0
    outer loop
      vertex -14.282219635161306 -33.36842844280595 -1.99
      vertex -14.386810403597309 -32.893267791453866 -1.99
      vertex -14.386810403597309 -32.893267791453866 0
    endloop
  endfacet
  facet normal 0.796093065705643 0.6051742151937662 0
    outer loop
      vertex -14.077928646377076 -33.8099961786483 -1.99
      vertex -14.077928646377076 -33.8099961786483 0
      vertex -13.783489856827046 -34.1973237824202 -1.99
    endloop
  endfacet
  facet normal 0.4684084406997897 0.8835120444460232 0
    outer loop
      vertex -13.412670897065361 -34.512300245853005 -1.99
      vertex -13.412670897065361 -34.512300245853005 0
      vertex -12.982810849514808 -34.74019761958778 -1.99
    endloop
  endfacet
  facet normal 0.2675283385292163 0.9635499925192242 0
    outer loop
      vertex -12.982810849514808 -34.74019761958778 -1.99
      vertex -12.982810849514808 -34.74019761958778 0
      vertex -12.514009492243721 -34.87035967571843 -1.99
    endloop
  endfacet
  facet normal 0.05413890858542325 0.9985334138511236 0
    outer loop
      vertex -12.514009492243721 -34.87035967571843 -1.99
      vertex -12.514009492243721 -34.87035967571843 0
      vertex -12.02818745568281 -34.89670018116503 -1.99
    endloop
  endfacet
  facet normal 0.6473862847818328 0.762162055127632 0
    outer loop
      vertex -13.412670897065361 -34.512300245853005 -1.99
      vertex -13.783489856827046 -34.1973237824202 0
      vertex -13.412670897065361 -34.512300245853005 0
    endloop
  endfacet
  facet normal 0.976620555710087 0.21497044021102327 0
    outer loop
      vertex -14.282219635161306 -33.36842844280595 -1.99
      vertex -14.386810403597309 -32.893267791453866 0.010000000000000009
      vertex -14.282219635161306 -33.36842844280595 0
    endloop
  endfacet
  facet normal 0.9075754196709582 0.4198891015602618 0
    outer loop
      vertex -14.077928646377076 -33.8099961786483 -1.99
      vertex -14.282219635161306 -33.36842844280595 0
      vertex -14.077928646377076 -33.8099961786483 0
    endloop
  endfacet
  facet normal 0.9766205557100865 0.21497044021102454 0
    outer loop
      vertex -14.282219635161306 -33.36842844280595 -1.99
      vertex -14.386810403597309 -32.893267791453866 0
      vertex -14.386810403597309 -32.893267791453866 0.010000000000000009
    endloop
  endfacet
  facet normal 0.796093065705643 0.6051742151937662 0
    outer loop
      vertex -13.783489856827046 -34.1973237824202 -1.99
      vertex -14.077928646377076 -33.8099961786483 0
      vertex -13.783489856827046 -34.1973237824202 0
    endloop
  endfacet
  facet normal 0.4684084406997896 0.883512044446023 0
    outer loop
      vertex -13.412670897065361 -34.512300245853005 0
      vertex -13.412670897065361 -34.512300245853005 0.010000000000000009
      vertex -12.982810849514808 -34.74019761958778 -1.99
    endloop
  endfacet
  facet normal 0.4684084406997897 0.8835120444460232 0
    outer loop
      vertex -12.982810849514808 -34.74019761958778 -1.99
      vertex -13.412670897065361 -34.512300245853005 0.010000000000000009
      vertex -12.982810849514808 -34.74019761958778 0
    endloop
  endfacet
  facet normal 0.2675283385292163 0.9635499925192242 0
    outer loop
      vertex -12.514009492243721 -34.87035967571843 -1.99
      vertex -12.982810849514808 -34.74019761958778 0
      vertex -12.514009492243721 -34.87035967571843 0
    endloop
  endfacet
  facet normal 0.05413890858542324 0.9985334138511235 0
    outer loop
      vertex -12.514009492243721 -34.87035967571843 0
      vertex -12.514009492243721 -34.87035967571843 0.010000000000000009
      vertex -12.02818745568281 -34.89670018116503 -1.99
    endloop
  endfacet
  facet normal 0.05413890858542325 0.9985334138511236 0
    outer loop
      vertex -12.02818745568281 -34.89670018116503 -1.99
      vertex -12.514009492243721 -34.87035967571843 0.010000000000000009
      vertex -12.02818745568281 -34.89670018116503 0.010000000000000009
    endloop
  endfacet
  facet normal 0.9766205557100869 0.2149704402110233 0
    outer loop
      vertex -14.282219635161306 -33.36842844280595 0
      vertex -14.386810403597309 -32.893267791453866 0.010000000000000009
      vertex -14.282219635161306 -33.36842844280595 0.010000000000000009
    endloop
  endfacet
  facet normal 0.7960930657060373 0.6051742151932473 0
    outer loop
      vertex -14.077928646377076 -33.8099961786483 0
      vertex -14.077928646377076 -33.8099961786483 0.010000000000000009
      vertex -14.07608840394239 -33.812416976171875 0.010000000000000009
    endloop
  endfacet
  facet normal 0.9075754196711562 0.41988910155983417 0
    outer loop
      vertex -14.282219635161306 -33.36842844280595 0
      vertex -14.282219635161306 -33.36842844280595 0.010000000000000009
      vertex -14.280942816481405 -33.37118824115497 0.010000000000000009
    endloop
  endfacet
  facet normal 0.6473862847816525 0.7621620551277852 0
    outer loop
      vertex -13.783489856827046 -34.1973237824202 0
      vertex -13.783489856827046 -34.1973237824202 0.010000000000000009
      vertex -13.781172238328535 -34.19929238531665 0.010000000000000009
    endloop
  endfacet
  facet normal 0.4684084406997896 0.883512044446023 0
    outer loop
      vertex -12.982810849514808 -34.74019761958778 0
      vertex -13.412670897065361 -34.512300245853005 0.010000000000000009
      vertex -12.982810849514808 -34.74019761958778 0.010000000000000009
    endloop
  endfacet
  facet normal 0.2675283385297839 0.9635499925190666 0
    outer loop
      vertex -12.982810849514808 -34.74019761958778 0
      vertex -12.982810849514808 -34.74019761958778 0.010000000000000009
      vertex -12.979880841031862 -34.7410111324386 0.010000000000000009
    endloop
  endfacet
  facet normal 1 0 0
    outer loop
      vertex -14.386810403597309 -32.893267791453866 -1.99
      vertex -14.386810403597309 -10.75 0.010000000000000009
      vertex -14.386810403597309 -32.893267791453866 0
    endloop
  endfacet
  facet normal 1 0 0
    outer loop
      vertex -14.386810403597309 -10.75 0.010000000000000009
      vertex -14.386810403597309 -32.88260140128285 0.010000000000000009
      vertex -14.386810403597309 -32.893267791453866 0
    endloop
  endfacet
  facet normal 1 0 0
    outer loop
      vertex -14.386810403597309 -32.893267791453866 -1.99
      vertex -14.386810403597309 -10.75 -1.99
      vertex -14.386810403597309 -10.75 0.010000000000000009
    endloop
  endfacet
  facet normal 1 0 0
    outer loop
      vertex -14.386810403597309 -5.25 0.010000000000000009
      vertex -14.386810403597309 -5.25 0
      vertex -14.386810403597309 -5.022270966474434 0.010000000000000009
    endloop
  endfacet
  facet normal 0 1 0
    outer loop
      vertex -12.02818745568281 -34.89670018116503 -1.99
      vertex -12.02818745568281 -34.89670018116503 0.010000000000000009
      vertex -5 -34.89670018116503 -1.99
    endloop
  endfacet
  facet normal 0 1 0
    outer loop
      vertex -5 -34.89670018116503 -1.99
      vertex -12.02818745568281 -34.89670018116503 0.010000000000000009
      vertex -5 -34.89670018116503 0.010000000000000009
    endloop
  endfacet
  facet normal 1 0 0
    outer loop
      vertex -14.386810403597309 -5.25 -1.99
      vertex -14.386810403597309 32.893267791453866 0
      vertex -14.386810403597309 -5.25 0
    endloop
  endfacet
  facet normal 1 0 0
    outer loop
      vertex -14.386810403597309 -5.25 -1.99
      vertex -14.386810403597309 32.893267791453866 -1.99
      vertex -14.386810403597309 32.893267791453866 0
    endloop
  endfacet
  facet normal 0.9766205557100869 -0.21497044021102327 0
    outer loop
      vertex -14.386810403597309 32.893267791453866 -1.99
      vertex -14.282219635161306 33.36842844280595 -1.99
      vertex -14.282219635161306 33.36842844280595 0.010000000000000009
    endloop
  endfacet
  facet normal 0.9075754196709584 -0.4198891015602618 0
    outer loop
      vertex -14.077928646377076 33.8099961786483 -1.99
      vertex -14.077928646377076 33.8099961786483 0.010000000000000009
      vertex -14.282219635161306 33.36842844280595 -1.99
    endloop
  endfacet
  facet normal 0.7960930657056429 -0.6051742151937662 0
    outer loop
      vertex -14.077928646377076 33.8099961786483 -1.99
      vertex -13.783489856827046 34.1973237824202 -1.99
      vertex -13.783489856827046 34.1973237824202 0.010000000000000009
    endloop
  endfacet
  facet normal 0.6473862847818327 -0.762162055127632 0
    outer loop
      vertex -13.783489856827046 34.1973237824202 -1.99
      vertex -13.412670897065361 34.512300245853005 -1.99
      vertex -13.412670897065361 34.512300245853005 0.010000000000000009
    endloop
  endfacet
  facet normal 0.4684084406997897 -0.8835120444460232 0
    outer loop
      vertex -13.412670897065361 34.512300245853005 -1.99
      vertex -12.982810849514808 34.74019761958778 -1.99
      vertex -12.982810849514808 34.74019761958778 0.010000000000000009
    endloop
  endfacet
  facet normal 0.2675283385292163 -0.9635499925192242 0
    outer loop
      vertex -12.982810849514808 34.74019761958778 -1.99
      vertex -12.514009492243721 34.87035967571843 -1.99
      vertex -12.514009492243721 34.87035967571843 0.010000000000000009
    endloop
  endfacet
  facet normal 0.054138908585423445 -0.9985334138511236 0
    outer loop
      vertex -12.514009492243721 34.87035967571843 -1.99
      vertex -12.028187455682811 34.89670018116503 -1.99
      vertex -12.028187455682811 34.89670018116503 0.010000000000000009
    endloop
  endfacet
  facet normal 0.976620555710087 -0.21497044021102327 0
    outer loop
      vertex -14.386810403597309 32.893267791453866 -1.99
      vertex -14.282219635161306 33.36842844280595 0.010000000000000009
      vertex -14.386810403597309 32.893267791453866 0
    endloop
  endfacet
  facet normal 0.9075754196709584 -0.4198891015602618 0
    outer loop
      vertex -14.282219635161306 33.36842844280595 -1.99
      vertex -14.077928646377076 33.8099961786483 0.010000000000000009
      vertex -14.282219635161306 33.36842844280595 0.010000000000000009
    endloop
  endfacet
  facet normal 0.7960930657056429 -0.6051742151937662 0
    outer loop
      vertex -14.077928646377076 33.8099961786483 -1.99
      vertex -13.783489856827046 34.1973237824202 0.010000000000000009
      vertex -14.077928646377076 33.8099961786483 0.010000000000000009
    endloop
  endfacet
  facet normal 0.6473862847818327 -0.762162055127632 0
    outer loop
      vertex -13.783489856827046 34.1973237824202 -1.99
      vertex -13.412670897065361 34.512300245853005 0.010000000000000009
      vertex -13.783489856827046 34.1973237824202 0.010000000000000009
    endloop
  endfacet
  facet normal 0.4684084406997897 -0.8835120444460232 0
    outer loop
      vertex -13.412670897065361 34.512300245853005 -1.99
      vertex -12.982810849514808 34.74019761958778 0.010000000000000009
      vertex -13.412670897065361 34.512300245853005 0.010000000000000009
    endloop
  endfacet
  facet normal 0.2675283385292163 -0.9635499925192242 0
    outer loop
      vertex -12.982810849514808 34.74019761958778 -1.99
      vertex -12.514009492243721 34.87035967571843 0.010000000000000009
      vertex -12.982810849514808 34.74019761958778 0.010000000000000009
    endloop
  endfacet
  facet normal 0.054138908585423445 -0.9985334138511236 0
    outer loop
      vertex -12.514009492243721 34.87035967571843 -1.99
      vertex -12.028187455682811 34.89670018116503 0.010000000000000009
      vertex -12.514009492243721 34.87035967571843 0.010000000000000009
    endloop
  endfacet
  facet normal 0.9766205557100869 -0.2149704402110233 0
    outer loop
      vertex -14.386810403597309 32.893267791453866 0
      vertex -14.282219635161306 33.36842844280595 0.010000000000000009
      vertex -14.386810403597309 32.893267791453866 0.010000000000000009
    endloop
  endfacet
  facet normal 0 -1 0
    outer loop
      vertex -12.028187455682811 34.89670018116503 -1.99
      vertex 12.27181254431719 34.89670018116503 0.010000000000000009
      vertex -12.028187455682811 34.89670018116503 0.010000000000000009
    endloop
  endfacet
  facet normal 0 1 0
    outer loop
      vertex 5 -34.89670018116503 -1.99
      vertex 5 -34.89670018116503 0.010000000000000009
      vertex 12.271812544317191 -34.89670018116503 -1.99
    endloop
  endfacet
  facet normal -0.16178199655276726 0.9868265225415257 0
    outer loop
      vertex 12.271812544317191 -34.89670018116503 -1.99
      vertex 12.271812544317191 -34.89670018116503 0.010000000000000009
      vertex 12.751938761690747 -34.81798748316825 -1.99
    endloop
  endfacet
  facet normal -0.3701381553399179 0.9289767198167901 0
    outer loop
      vertex 12.751938761690747 -34.81798748316825 -1.99
      vertex 12.751938761690747 -34.81798748316825 0.010000000000000009
      vertex 13.203918991574527 -34.63790210000355 -1.99
    endloop
  endfacet
  facet normal -0.5611870653623802 0.827688998156892 0
    outer loop
      vertex 13.203918991574527 -34.63790210000355 -1.99
      vertex 13.203918991574527 -34.63790210000355 0.010000000000000009
      vertex 13.606619140759113 -34.36486462403718 -1.99
    endloop
  endfacet
  facet normal -0.7259954919231312 0.687699458853423 0
    outer loop
      vertex 13.606619140759113 -34.36486462403718 -1.99
      vertex 13.606619140759113 -34.36486462403718 0.010000000000000009
      vertex 13.9412093978377 -34.01164198418597 -1.99
    endloop
  endfacet
  facet normal -0.8568571761675885 0.5155538571770232 0
    outer loop
      vertex 13.9412093978377 -34.01164198418597 -1.99
      vertex 13.9412093978377 -34.01164198418597 0.010000000000000009
      vertex 14.192044694259653 -33.5947504785106 -1.99
    endloop
  endfacet
  facet normal -0.9476531711828028 0.3193015301359789 0
    outer loop
      vertex 14.192044694259653 -33.5947504785106 -1.99
      vertex 14.192044694259653 -33.5947504785106 0.010000000000000009
      vertex 14.347396250347696 -33.1336834904748 -1.99
    endloop
  endfacet
  facet normal -0.9941379571543597 0.10811901842394042 0
    outer loop
      vertex 14.347396250347696 -33.1336834904748 -1.99
      vertex 14.347396250347696 -33.1336834904748 0.010000000000000009
      vertex 14.4 -32.65 -1.99
    endloop
  endfacet
  facet normal 0 1 0
    outer loop
      vertex 12.271812544317191 -34.89670018116503 -1.99
      vertex 5 -34.89670018116503 0.010000000000000009
      vertex 12.271812544317191 -34.89670018116503 0.010000000000000009
    endloop
  endfacet
  facet normal -0.16178199655276726 0.9868265225415257 0
    outer loop
      vertex 12.751938761690747 -34.81798748316825 -1.99
      vertex 12.271812544317191 -34.89670018116503 0.010000000000000009
      vertex 12.751938761690747 -34.81798748316825 0.010000000000000009
    endloop
  endfacet
  facet normal -0.3701381553399179 0.9289767198167901 0
    outer loop
      vertex 13.203918991574527 -34.63790210000355 -1.99
      vertex 12.751938761690747 -34.81798748316825 0.010000000000000009
      vertex 13.203918991574527 -34.63790210000355 0.010000000000000009
    endloop
  endfacet
  facet normal -0.5611870653623802 0.827688998156892 0
    outer loop
      vertex 13.606619140759113 -34.36486462403718 -1.99
      vertex 13.203918991574527 -34.63790210000355 0.010000000000000009
      vertex 13.606619140759113 -34.36486462403718 0.010000000000000009
    endloop
  endfacet
  facet normal -0.7259954919231312 0.687699458853423 0
    outer loop
      vertex 13.9412093978377 -34.01164198418597 -1.99
      vertex 13.606619140759113 -34.36486462403718 0.010000000000000009
      vertex 13.9412093978377 -34.01164198418597 0.010000000000000009
    endloop
  endfacet
  facet normal -0.8568571761675885 0.5155538571770232 0
    outer loop
      vertex 14.192044694259653 -33.5947504785106 -1.99
      vertex 13.9412093978377 -34.01164198418597 0.010000000000000009
      vertex 14.192044694259653 -33.5947504785106 0.010000000000000009
    endloop
  endfacet
  facet normal -0.9476531711828028 0.3193015301359789 0
    outer loop
      vertex 14.347396250347696 -33.1336834904748 -1.99
      vertex 14.192044694259653 -33.5947504785106 0.010000000000000009
      vertex 14.347396250347696 -33.1336834904748 0.010000000000000009
    endloop
  endfacet
  facet normal -0.9941379571543597 0.10811901842394044 0
    outer loop
      vertex 14.4 -32.65 -1.99
      vertex 14.347396250347696 -33.1336834904748 0.010000000000000009
      vertex 14.4 -32.65 0
    endloop
  endfacet
  facet normal -1 0 0
    outer loop
      vertex 14.4 -32.65 -1.99
      vertex 14.4 -32.65 0
      vertex 14.4 -32.323499999999996 0
    endloop
  endfacet
  facet normal -0.9941379571543598 0.10811901842394044 0
    outer loop
      vertex 14.4 -32.65 0
      vertex 14.347396250347696 -33.1336834904748 0.010000000000000009
      vertex 14.4 -32.65 0.010000000000000009
    endloop
  endfacet
  facet normal -1 0 0
    outer loop
      vertex 14.4 -32.65 -1.99
      vertex 14.4 -32.323499999999996 0
      vertex 14.4 32.65 -1.99
    endloop
  endfacet
  facet normal -1 0 0
    outer loop
      vertex 14.4 -32.323499999999996 0
      vertex 14.4 -32.241875 0.010000000000000009
      vertex 14.4 32.52201416724478 0.010000000000000009
    endloop
  endfacet
  facet normal 0 -1 0
    outer loop
      vertex -12.028187455682811 34.89670018116503 -1.99
      vertex 12.27181254431719 34.89670018116503 -1.99
      vertex 12.27181254431719 34.89670018116503 0
    endloop
  endfacet
  facet normal 0 -1 0
    outer loop
      vertex -12.028187455682811 34.89670018116503 -1.99
      vertex 12.27181254431719 34.89670018116503 0
      vertex 12.27181254431719 34.89670018116503 0.010000000000000009
    endloop
  endfacet
  facet normal -1 0 0
    outer loop
      vertex 14.4 32.65 -1.99
      vertex 14.4 -32.323499999999996 0
      vertex 14.4 32.65 0
    endloop
  endfacet
  facet normal -1 0 0
    outer loop
      vertex 14.4 -32.323499999999996 0
      vertex 14.4 32.52201416724478 0.010000000000000009
      vertex 14.4 32.65 0
    endloop
  endfacet
  facet normal -0.16178199655276668 -0.9868265225415259 0
    outer loop
      vertex 12.27181254431719 34.89670018116503 -1.99
      vertex 12.751938761690747 34.81798748316825 -1.99
      vertex 12.751938761690747 34.81798748316825 0
    endloop
  endfacet
  facet normal -0.3701381553399166 -0.9289767198167905 0
    outer loop
      vertex 12.751938761690747 34.81798748316825 -1.99
      vertex 13.203918991574529 34.63790210000355 -1.99
      vertex 13.203918991574529 34.63790210000355 0
    endloop
  endfacet
  facet normal -0.7259954919231312 -0.687699458853423 0
    outer loop
      vertex 13.606619140759113 34.36486462403718 -1.99
      vertex 13.9412093978377 34.01164198418597 -1.99
      vertex 13.9412093978377 34.01164198418597 0.010000000000000009
    endloop
  endfacet
  facet normal -0.9941379571543597 -0.10811901842394044 -1.440629750943345e-16
    outer loop
      vertex 14.4 32.65 -1.99
      vertex 14.399736981251738 32.652418417452374 0
      vertex 14.347396250347696 33.1336834904748 -1.99
    endloop
  endfacet
  facet normal -0.9476531711828013 -0.31930153013598334 0
    outer loop
      vertex 14.347396250347696 33.1336834904748 -1.99
      vertex 14.347396250347696 33.1336834904748 0
      vertex 14.192044694259653 33.59475047851059 -1.99
    endloop
  endfacet
  facet normal -0.8568571761675923 -0.5155538571770166 0
    outer loop
      vertex 13.9412093978377 34.01164198418597 -1.99
      vertex 14.192044694259653 33.59475047851059 -1.99
      vertex 14.192044694259653 33.59475047851059 0
    endloop
  endfacet
  facet normal -0.5611870653623819 -0.827688998156891 0
    outer loop
      vertex 13.203918991574529 34.63790210000355 -1.99
      vertex 13.606619140759113 34.36486462403718 -1.99
      vertex 13.606619140759113 34.36486462403718 0
    endloop
  endfacet
  facet normal -0.16178199655276668 -0.9868265225415259 0
    outer loop
      vertex 12.27181254431719 34.89670018116503 -1.99
      vertex 12.751938761690747 34.81798748316825 0
      vertex 12.27181254431719 34.89670018116503 0
    endloop
  endfacet
  facet normal -0.3701381553399166 -0.9289767198167905 0
    outer loop
      vertex 12.751938761690747 34.81798748316825 -1.99
      vertex 13.203918991574529 34.63790210000355 0
      vertex 12.751938761690747 34.81798748316825 0
    endloop
  endfacet
  facet normal -0.5611870653623819 -0.827688998156891 0
    outer loop
      vertex 13.203918991574529 34.63790210000355 -1.99
      vertex 13.606619140759113 34.36486462403718 0
      vertex 13.203918991574529 34.63790210000355 0
    endloop
  endfacet
  facet normal -0.9941379571543469 -0.10811901842405758 0
    outer loop
      vertex 14.4 32.65 -1.99
      vertex 14.4 32.65 0
      vertex 14.399736981251738 32.652418417452374 0
    endloop
  endfacet
  facet normal -0.9941379571543598 -0.10811901842393985 0
    outer loop
      vertex 14.347396250347696 33.1336834904748 -1.99
      vertex 14.399736981251738 32.652418417452374 0
      vertex 14.347396250347696 33.1336834904748 0
    endloop
  endfacet
  facet normal -0.9476531711828013 -0.31930153013598334 0
    outer loop
      vertex 14.192044694259653 33.59475047851059 -1.99
      vertex 14.347396250347696 33.1336834904748 0
      vertex 14.192044694259653 33.59475047851059 0
    endloop
  endfacet
  facet normal -0.8568571761675923 -0.5155538571770166 0
    outer loop
      vertex 13.9412093978377 34.01164198418597 -1.99
      vertex 14.192044694259653 33.59475047851059 0.010000000000000009
      vertex 13.9412093978377 34.01164198418597 0.010000000000000009
    endloop
  endfacet
  facet normal -0.856857176167591 -0.5155538571770186 0
    outer loop
      vertex 13.9412093978377 34.01164198418597 -1.99
      vertex 14.192044694259653 33.59475047851059 0
      vertex 14.192044694259653 33.59475047851059 0.010000000000000009
    endloop
  endfacet
  facet normal -0.7259954919231311 -0.687699458853423 0
    outer loop
      vertex 13.606619140759113 34.36486462403718 -1.99
      vertex 13.9412093978377 34.01164198418597 0.010000000000000009
      vertex 13.606619140759113 34.36486462403718 0
    endloop
  endfacet
  facet normal -0.16178199655312325 -0.9868265225414673 0
    outer loop
      vertex 12.751938761690747 34.81798748316825 0
      vertex 12.751938761690747 34.81798748316825 0.010000000000000009
      vertex 12.748937972832163 34.81847943753073 0.010000000000000009
    endloop
  endfacet
  facet normal -0.3701381553405206 -0.92897671981655 0
    outer loop
      vertex 13.203918991574529 34.63790210000355 0
      vertex 13.203918991574529 34.63790210000355 0.010000000000000009
      vertex 13.201094115137755 34.63902763364833 0.010000000000000009
    endloop
  endfacet
  facet normal -0.994137957154347 -0.1081190184240576 -1.2670942938946246e-13
    outer loop
      vertex 14.399853878473188 32.65134356525132 0.004444444444444448
      vertex 14.399736981251738 32.652418417452374 0
      vertex 14.4 32.65 0
    endloop
  endfacet
  facet normal -0.994137957154302 -0.10811901842447184 0
    outer loop
      vertex 14.399853878473188 32.65134356525132 0.004444444444444448
      vertex 14.4 32.65 0
      vertex 14.4 32.65 0.010000000000000009
    endloop
  endfacet
  facet normal -0.9941379571543805 -0.10811901842375016 1.7659371449151884e-13
    outer loop
      vertex 14.4 32.65 0.010000000000000009
      vertex 14.399671226564674 32.653023021815464 0.010000000000000009
      vertex 14.399853878473188 32.65134356525132 0.004444444444444448
    endloop
  endfacet
  facet normal -0.9476531711827655 -0.31930153013608986 0
    outer loop
      vertex 14.347396250347696 33.1336834904748 0
      vertex 14.347396250347696 33.1336834904748 0.010000000000000009
      vertex 14.346425303122146 33.136565159150024 0.010000000000000009
    endloop
  endfacet
  facet normal -0.561187065362493 -0.8276889981568156 0
    outer loop
      vertex 13.606619140759113 34.36486462403718 0
      vertex 13.606619140759113 34.36486462403718 0.010000000000000009
      vertex 13.60410226482671 34.36657110826197 0.010000000000000009
    endloop
  endfacet
  facet normal -0.7259954919231312 -0.687699458853423 0
    outer loop
      vertex 13.606619140759113 34.36486462403718 0
      vertex 13.9412093978377 34.01164198418597 0.010000000000000009
      vertex 13.606619140759113 34.36486462403718 0.010000000000000009
    endloop
  endfacet
  facet normal 0.9510565162951535 0.3090169943749474 0
    outer loop
      vertex -13.05676274578121 -23.190838939219354 4.99
      vertex -13.2 -22.75 4.99
      vertex -13.2 -22.75 6.181532510892707
    endloop
  endfacet
  facet normal 0.5877852522924741 0.8090169943749466 0
    outer loop
      vertex -13.05676274578121 -23.190838939219354 4.99
      vertex -13.05676274578121 -23.190838939219354 6.181532510892707
      vertex -12.68176274578121 -23.463292387221365 4.99
    endloop
  endfacet
  facet normal 0.9510565162951535 0.3090169943749474 0
    outer loop
      vertex -13.05676274578121 -23.190838939219354 4.99
      vertex -13.2 -22.75 6.181532510892707
      vertex -13.05676274578121 -23.190838939219354 6.181532510892707
    endloop
  endfacet
  facet normal 0.5877852522924741 0.8090169943749466 0
    outer loop
      vertex -12.68176274578121 -23.463292387221365 4.99
      vertex -13.05676274578121 -23.190838939219354 6.181532510892707
      vertex -12.68176274578121 -23.463292387221365 6.181532510892707
    endloop
  endfacet
  facet normal 1 0 0
    outer loop
      vertex -13.2 -22.75 4.99
      vertex -13.2 -18.25 4.99
      vertex -13.2 -18.25 6.181532510892707
    endloop
  endfacet
  facet normal 1 0 0
    outer loop
      vertex -13.2 -22.75 4.99
      vertex -13.2 -18.25 6.181532510892707
      vertex -13.2 -22.75 6.181532510892707
    endloop
  endfacet
  facet normal 0 1 0
    outer loop
      vertex -12.68176274578121 -23.463292387221365 4.99
      vertex -12.68176274578121 -23.463292387221365 6.181532510892707
      vertex -7.7182372542187885 -23.463292387221365 4.99
    endloop
  endfacet
  facet normal 0.9510565162951535 -0.3090169943749474 0
    outer loop
      vertex -13.2 -18.25 4.99
      vertex -13.05676274578121 -17.809161060780646 4.99
      vertex -13.05676274578121 -17.809161060780646 6.181532510892707
    endloop
  endfacet
  facet normal 0.5877852522924741 -0.8090169943749466 0
    outer loop
      vertex -13.05676274578121 -17.809161060780646 4.99
      vertex -12.68176274578121 -17.536707612778635 4.99
      vertex -12.68176274578121 -17.536707612778635 6.181532510892707
    endloop
  endfacet
  facet normal 0.9510565162951535 -0.3090169943749474 0
    outer loop
      vertex -13.2 -18.25 4.99
      vertex -13.05676274578121 -17.809161060780646 6.181532510892707
      vertex -13.2 -18.25 6.181532510892707
    endloop
  endfacet
  facet normal 0.5877852522924741 -0.8090169943749466 0
    outer loop
      vertex -13.05676274578121 -17.809161060780646 4.99
      vertex -12.68176274578121 -17.536707612778635 6.181532510892707
      vertex -13.05676274578121 -17.809161060780646 6.181532510892707
    endloop
  endfacet
  facet normal 0 -1 0
    outer loop
      vertex -12.68176274578121 -17.536707612778635 4.99
      vertex -7.7182372542187885 -17.536707612778635 6.181532510892707
      vertex -12.68176274578121 -17.536707612778635 6.181532510892707
    endloop
  endfacet
  facet normal -0.5877852522924741 0.8090169943749466 0
    outer loop
      vertex -7.7182372542187885 -23.463292387221365 4.99
      vertex -7.7182372542187885 -23.463292387221365 6.181532510892707
      vertex -7.3432372542187885 -23.190838939219354 4.99
    endloop
  endfacet
  facet normal -0.9510565162951558 0.3090169943749407 0
    outer loop
      vertex -7.3432372542187885 -23.190838939219354 4.99
      vertex -7.3432372542187885 -23.190838939219354 6.181532510892707
      vertex -7.303741464481668 -23.06928339735768 4.99
    endloop
  endfacet
  facet normal 0 1 0
    outer loop
      vertex -12.68176274578121 -23.463292387221365 6.181532510892707
      vertex -7.7182372542187885 -23.463292387221365 6.181532510892707
      vertex -7.7182372542187885 -23.463292387221365 4.99
    endloop
  endfacet
  facet normal -0.5877852522924741 0.8090169943749466 0
    outer loop
      vertex -7.3432372542187885 -23.190838939219354 4.99
      vertex -7.7182372542187885 -23.463292387221365 6.181532510892707
      vertex -7.3432372542187885 -23.190838939219354 6.181532510892707
    endloop
  endfacet
  facet normal -0.9510565162951558 0.3090169943749407 0
    outer loop
      vertex -7.303741464481668 -23.06928339735768 4.99
      vertex -7.3432372542187885 -23.190838939219354 6.181532510892707
      vertex -7.303741464481668 -23.06928339735768 6.181532510892707
    endloop
  endfacet
  facet normal 0 -1 0
    outer loop
      vertex -12.68176274578121 -17.536707612778635 4.99
      vertex -7.7182372542187885 -17.536707612778635 4.99
      vertex -7.7182372542187885 -17.536707612778635 6.181532510892707
    endloop
  endfacet
  facet normal -0.5877852522924741 -0.8090169943749466 0
    outer loop
      vertex -7.7182372542187885 -17.536707612778635 4.99
      vertex -7.3432372542187885 -17.809161060780646 4.99
      vertex -7.3432372542187885 -17.809161060780646 6.181532510892707
    endloop
  endfacet
  facet normal -0.9510565162951558 -0.3090169943749407 0
    outer loop
      vertex -7.303741464481668 -17.93071660264232 4.99
      vertex -7.303741464481668 -17.93071660264232 6.181532510892707
      vertex -7.3432372542187885 -17.809161060780646 4.99
    endloop
  endfacet
  facet normal -0.9510565162951558 -0.3090169943749407 0
    outer loop
      vertex -7.3432372542187885 -17.809161060780646 4.99
      vertex -7.303741464481668 -17.93071660264232 6.181532510892707
      vertex -7.3432372542187885 -17.809161060780646 6.181532510892707
    endloop
  endfacet
  facet normal -0.5877852522924741 -0.8090169943749466 0
    outer loop
      vertex -7.7182372542187885 -17.536707612778635 4.99
      vertex -7.3432372542187885 -17.809161060780646 6.181532510892707
      vertex -7.7182372542187885 -17.536707612778635 6.181532510892707
    endloop
  endfacet
  facet normal 0.9510565162951558 0.3090169943749407 0
    outer loop
      vertex 7.303741464481668 -23.06928339735768 4.99
      vertex 7.303741464481668 -23.06928339735768 6.181532510892707
      vertex 7.3432372542187885 -23.190838939219354 4.99
    endloop
  endfacet
  facet normal 0.5877852522924741 0.8090169943749466 0
    outer loop
      vertex 7.3432372542187885 -23.190838939219354 4.99
      vertex 7.3432372542187885 -23.190838939219354 6.181532510892707
      vertex 7.7182372542187885 -23.463292387221365 4.99
    endloop
  endfacet
  facet normal 0 1 0
    outer loop
      vertex 7.7182372542187885 -23.463292387221365 4.99
      vertex 7.7182372542187885 -23.463292387221365 6.181532510892707
      vertex 12.68176274578121 -23.463292387221365 4.99
    endloop
  endfacet
  facet normal 0.9510565162951558 0.3090169943749407 0
    outer loop
      vertex 7.3432372542187885 -23.190838939219354 4.99
      vertex 7.303741464481668 -23.06928339735768 6.181532510892707
      vertex 7.3432372542187885 -23.190838939219354 6.181532510892707
    endloop
  endfacet
  facet normal 0.5877852522924741 0.8090169943749466 0
    outer loop
      vertex 7.7182372542187885 -23.463292387221365 4.99
      vertex 7.3432372542187885 -23.190838939219354 6.181532510892707
      vertex 7.7182372542187885 -23.463292387221365 6.181532510892707
    endloop
  endfacet
  facet normal 0.9510565162951558 -0.3090169943749407 0
    outer loop
      vertex 7.303741464481668 -17.93071660264232 4.99
      vertex 7.3432372542187885 -17.809161060780646 4.99
      vertex 7.3432372542187885 -17.809161060780646 6.181532510892707
    endloop
  endfacet
  facet normal 0.5877852522924741 -0.8090169943749466 0
    outer loop
      vertex 7.3432372542187885 -17.809161060780646 4.99
      vertex 7.7182372542187885 -17.536707612778635 4.99
      vertex 7.7182372542187885 -17.536707612778635 6.181532510892707
    endloop
  endfacet
  facet normal 0.9510565162951558 -0.3090169943749407 0
    outer loop
      vertex 7.303741464481668 -17.93071660264232 4.99
      vertex 7.3432372542187885 -17.809161060780646 6.181532510892707
      vertex 7.303741464481668 -17.93071660264232 6.181532510892707
    endloop
  endfacet
  facet normal 0.5877852522924741 -0.8090169943749466 0
    outer loop
      vertex 7.3432372542187885 -17.809161060780646 4.99
      vertex 7.7182372542187885 -17.536707612778635 6.181532510892707
      vertex 7.3432372542187885 -17.809161060780646 6.181532510892707
    endloop
  endfacet
  facet normal 0 -1 0
    outer loop
      vertex 7.7182372542187885 -17.536707612778635 4.99
      vertex 12.68176274578121 -17.536707612778635 6.181532510892707
      vertex 7.7182372542187885 -17.536707612778635 6.181532510892707
    endloop
  endfacet
  facet normal 0 1 0
    outer loop
      vertex 7.7182372542187885 -23.463292387221365 6.181532510892707
      vertex 12.68176274578121 -23.463292387221365 6.181532510892707
      vertex 12.68176274578121 -23.463292387221365 4.99
    endloop
  endfacet
  facet normal -0.5877852522924741 0.8090169943749466 0
    outer loop
      vertex 12.68176274578121 -23.463292387221365 4.99
      vertex 12.68176274578121 -23.463292387221365 6.181532510892707
      vertex 13.05676274578121 -23.190838939219354 4.99
    endloop
  endfacet
  facet normal -0.9510565162951535 0.3090169943749474 0
    outer loop
      vertex 13.05676274578121 -23.190838939219354 4.99
      vertex 13.05676274578121 -23.190838939219354 6.181532510892707
      vertex 13.2 -22.75 4.99
    endloop
  endfacet
  facet normal -0.5877852522924741 0.8090169943749466 0
    outer loop
      vertex 13.05676274578121 -23.190838939219354 4.99
      vertex 12.68176274578121 -23.463292387221365 6.181532510892707
      vertex 13.05676274578121 -23.190838939219354 6.181532510892707
    endloop
  endfacet
  facet normal -0.9510565162951535 0.3090169943749474 0
    outer loop
      vertex 13.2 -22.75 4.99
      vertex 13.05676274578121 -23.190838939219354 6.181532510892707
      vertex 13.2 -22.75 6.181532510892707
    endloop
  endfacet
  facet normal -1 0 0
    outer loop
      vertex 13.2 -22.75 4.99
      vertex 13.2 -22.75 6.181532510892707
      vertex 13.2 -18.25 4.99
    endloop
  endfacet
  facet normal -1 0 0
    outer loop
      vertex 13.2 -18.25 4.99
      vertex 13.2 -22.75 6.181532510892707
      vertex 13.2 -18.25 6.181532510892707
    endloop
  endfacet
  facet normal 0 -1 0
    outer loop
      vertex 7.7182372542187885 -17.536707612778635 4.99
      vertex 12.68176274578121 -17.536707612778635 4.99
      vertex 12.68176274578121 -17.536707612778635 6.181532510892707
    endloop
  endfacet
  facet normal -0.5877852522924741 -0.8090169943749466 0
    outer loop
      vertex 12.68176274578121 -17.536707612778635 4.99
      vertex 13.05676274578121 -17.809161060780646 4.99
      vertex 13.05676274578121 -17.809161060780646 6.181532510892707
    endloop
  endfacet
  facet normal -0.9510565162951535 -0.3090169943749474 0
    outer loop
      vertex 13.2 -18.25 4.99
      vertex 13.2 -18.25 6.181532510892707
      vertex 13.05676274578121 -17.809161060780646 4.99
    endloop
  endfacet
  facet normal -0.5877852522924741 -0.8090169943749466 0
    outer loop
      vertex 12.68176274578121 -17.536707612778635 4.99
      vertex 13.05676274578121 -17.809161060780646 6.181532510892707
      vertex 12.68176274578121 -17.536707612778635 6.181532510892707
    endloop
  endfacet
  facet normal -0.9510565162951535 -0.3090169943749474 0
    outer loop
      vertex 13.2 -18.25 6.181532510892707
      vertex 13.05676274578121 -17.809161060780646 6.181532510892707
      vertex 13.05676274578121 -17.809161060780646 4.99
    endloop
  endfacet
  facet normal 0 0 -1
    outer loop
      vertex -18.177928646377076 -34.4099961786483 -1.99
      vertex -18.382219635161306 -33.96842844280596 -1.99
      vertex -18.48681040359731 -33.49326779145387 -1.99
    endloop
  endfacet
  facet normal 0 0 -1
    outer loop
      vertex -18.177928646377076 -34.4099961786483 -1.99
      vertex -17.51267089706536 -35.11230024585301 -1.99
      vertex -17.883489856827044 -34.7973237824202 -1.99
    endloop
  endfacet
  facet normal 0 0 -1
    outer loop
      vertex -18.177928646377076 -34.4099961786483 -1.99
      vertex -16.12818745568281 -35.496700181165025 -1.99
      vertex -17.51267089706536 -35.11230024585301 -1.99
    endloop
  endfacet
  facet normal -0.9766205557100868 -0.21497044021102366 0
    outer loop
      vertex -18.382219635161306 -33.96842844280596 -1.99
      vertex -18.382219635161306 -33.96842844280596 0
      vertex -18.48681040359731 -33.49326779145387 -1.99
    endloop
  endfacet
  facet normal -0.9075754196709557 -0.4198891015602673 0
    outer loop
      vertex -18.177928646377076 -34.4099961786483 -1.99
      vertex -18.177928646377076 -34.4099961786483 0
      vertex -18.382219635161306 -33.96842844280596 -1.99
    endloop
  endfacet
  facet normal -0.7960930657056411 -0.6051742151937686 0
    outer loop
      vertex -18.177928646377076 -34.4099961786483 -1.99
      vertex -17.883489856827044 -34.7973237824202 -1.99
      vertex -17.883489856827044 -34.7973237824202 0
    endloop
  endfacet
  facet normal -0.6473862847818328 -0.762162055127632 0
    outer loop
      vertex -17.883489856827044 -34.7973237824202 -1.99
      vertex -17.51267089706536 -35.11230024585301 -1.99
      vertex -17.51267089706536 -35.11230024585301 0
    endloop
  endfacet
  facet normal -0.46840844069979126 -0.8835120444460223 0
    outer loop
      vertex -17.51267089706536 -35.11230024585301 -1.99
      vertex -17.082810849514807 -35.340197619587784 -1.99
      vertex -17.082810849514807 -35.340197619587784 0
    endloop
  endfacet
  facet normal 0 0 -1
    outer loop
      vertex -17.082810849514807 -35.340197619587784 -1.99
      vertex -16.12818745568281 -35.496700181165025 -1.99
      vertex -16.61400949224372 -35.470359675718434 -1.99
    endloop
  endfacet
  facet normal 0 0 -1
    outer loop
      vertex -17.51267089706536 -35.11230024585301 -1.99
      vertex -16.12818745568281 -35.496700181165025 -1.99
      vertex -17.082810849514807 -35.340197619587784 -1.99
    endloop
  endfacet
  facet normal 0 0 -1
    outer loop
      vertex -18.177928646377076 -34.4099961786483 -1.99
      vertex -12.982810849514808 -34.74019761958778 -1.99
      vertex -16.12818745568281 -35.496700181165025 -1.99
    endloop
  endfacet
  facet normal 0 0 -1
    outer loop
      vertex -18.177928646377076 -34.4099961786483 -1.99
      vertex -13.783489856827046 -34.1973237824202 -1.99
      vertex -13.412670897065361 -34.512300245853005 -1.99
    endloop
  endfacet
  facet normal 0 0 -1
    outer loop
      vertex -18.177928646377076 -34.4099961786483 -1.99
      vertex -13.412670897065361 -34.512300245853005 -1.99
      vertex -12.982810849514808 -34.74019761958778 -1.99
    endloop
  endfacet
  facet normal 0 0 -1
    outer loop
      vertex -18.177928646377076 -34.4099961786483 -1.99
      vertex -14.386810403597309 -32.893267791453866 -1.99
      vertex -14.282219635161306 -33.36842844280595 -1.99
    endloop
  endfacet
  facet normal 0 0 -1
    outer loop
      vertex -18.177928646377076 -34.4099961786483 -1.99
      vertex -14.282219635161306 -33.36842844280595 -1.99
      vertex -14.077928646377076 -33.8099961786483 -1.99
    endloop
  endfacet
  facet normal 0 0 -1
    outer loop
      vertex -18.177928646377076 -34.4099961786483 -1.99
      vertex -14.077928646377076 -33.8099961786483 -1.99
      vertex -13.783489856827046 -34.1973237824202 -1.99
    endloop
  endfacet
  facet normal -0.2675283385292163 -0.9635499925192242 0
    outer loop
      vertex -17.082810849514807 -35.340197619587784 -1.99
      vertex -16.61400949224372 -35.470359675718434 -1.99
      vertex -16.61400949224372 -35.470359675718434 0
    endloop
  endfacet
  facet normal -0.05413890858540869 -0.9985334138511244 0
    outer loop
      vertex -16.61400949224372 -35.470359675718434 -1.99
      vertex -16.12818745568281 -35.496700181165025 -1.99
      vertex -16.12818745568281 -35.496700181165025 0
    endloop
  endfacet
  facet normal -0.9766205557100868 -0.21497044021102366 0
    outer loop
      vertex -18.48681040359731 -33.49326779145387 -1.99
      vertex -18.382219635161306 -33.96842844280596 0
      vertex -18.48681040359731 -33.49326779145387 0
    endloop
  endfacet
  facet normal -0.9075754196709557 -0.4198891015602673 0
    outer loop
      vertex -18.382219635161306 -33.96842844280596 -1.99
      vertex -18.177928646377076 -34.4099961786483 0
      vertex -18.382219635161306 -33.96842844280596 0
    endloop
  endfacet
  facet normal -0.7960930657056411 -0.6051742151937686 0
    outer loop
      vertex -18.177928646377076 -34.4099961786483 -1.99
      vertex -17.883489856827044 -34.7973237824202 0
      vertex -18.177928646377076 -34.4099961786483 0
    endloop
  endfacet
  facet normal -0.6473862847818328 -0.762162055127632 0
    outer loop
      vertex -17.883489856827044 -34.7973237824202 -1.99
      vertex -17.51267089706536 -35.11230024585301 0
      vertex -17.883489856827044 -34.7973237824202 0
    endloop
  endfacet
  facet normal -0.46840844069979126 -0.8835120444460223 0
    outer loop
      vertex -17.51267089706536 -35.11230024585301 -1.99
      vertex -17.082810849514807 -35.340197619587784 0
      vertex -17.51267089706536 -35.11230024585301 0
    endloop
  endfacet
  facet normal -0.2675283385292163 -0.9635499925192242 0
    outer loop
      vertex -17.082810849514807 -35.340197619587784 -1.99
      vertex -16.61400949224372 -35.470359675718434 0
      vertex -17.082810849514807 -35.340197619587784 0
    endloop
  endfacet
  facet normal -0.05413890858540869 -0.9985334138511244 0
    outer loop
      vertex -16.61400949224372 -35.470359675718434 -1.99
      vertex -16.12818745568281 -35.496700181165025 0
      vertex -16.61400949224372 -35.470359675718434 0
    endloop
  endfacet
  facet normal 0 0 -1
    outer loop
      vertex -18.177928646377076 -34.4099961786483 -1.99
      vertex -14.386810403597309 -10.75 -1.99
      vertex -14.386810403597309 -32.893267791453866 -1.99
    endloop
  endfacet
  facet normal 0 0 -1
    outer loop
      vertex -18.177928646377076 -34.4099961786483 -1.99
      vertex -17.9 -10.75 -1.99
      vertex -14.386810403597309 -10.75 -1.99
    endloop
  endfacet
  facet normal 0 0 -1
    outer loop
      vertex -16.12818745568281 -35.496700181165025 -1.99
      vertex -12.982810849514808 -34.74019761958778 -1.99
      vertex -12.514009492243721 -34.87035967571843 -1.99
    endloop
  endfacet
  facet normal 0 0 -1
    outer loop
      vertex -16.12818745568281 -35.496700181165025 -1.99
      vertex -12.514009492243721 -34.87035967571843 -1.99
      vertex -12.02818745568281 -34.89670018116503 -1.99
    endloop
  endfacet
  facet normal 0 0 -1
    outer loop
      vertex -16.12818745568281 -35.496700181165025 -1.99
      vertex -12.02818745568281 -34.89670018116503 -1.99
      vertex -5 -35.496700181165025 -1.99
    endloop
  endfacet
  facet normal 0 -1 0
    outer loop
      vertex -16.12818745568281 -35.496700181165025 -1.99
      vertex -5 -35.496700181165025 0
      vertex -16.12818745568281 -35.496700181165025 0
    endloop
  endfacet
  facet normal 0 0 -1
    outer loop
      vertex -18.177928646377076 -34.4099961786483 -1.99
      vertex -18.48681040359731 -33.49326779145387 -1.99
      vertex -18.48681040359731 33.49326779145387 -1.99
    endloop
  endfacet
  facet normal -1 0 0
    outer loop
      vertex -18.48681040359731 -33.49326779145387 -1.99
      vertex -18.48681040359731 -33.49326779145387 0
      vertex -18.48681040359731 33.49326779145387 -1.99
    endloop
  endfacet
  facet normal 0 0 -1
    outer loop
      vertex -18.177928646377076 -34.4099961786483 -1.99
      vertex -18.48681040359731 33.49326779145387 -1.99
      vertex -17.9 -10.75 -1.99
    endloop
  endfacet
  facet normal 0 0 -1
    outer loop
      vertex -12.02818745568281 -34.89670018116503 -1.99
      vertex -5 -34.89670018116503 -1.99
      vertex -5 -35.496700181165025 -1.99
    endloop
  endfacet
  facet normal 0 -1 0
    outer loop
      vertex -16.12818745568281 -35.496700181165025 -1.99
      vertex -5 -35.496700181165025 -1.99
      vertex -5 -35.496700181165025 0
    endloop
  endfacet
  facet normal 0 0 -1
    outer loop
      vertex -17.9 -10.75 -1.99
      vertex -18.48681040359731 33.49326779145387 -1.99
      vertex -17.9 -5.25 -1.99
    endloop
  endfacet
  facet normal 0 0 -1
    outer loop
      vertex -17.9 -5.25 -1.99
      vertex -16.12818745568281 35.496700181165025 -1.99
      vertex -14.386810403597309 -5.25 -1.99
    endloop
  endfacet
  facet normal -1 0 0
    outer loop
      vertex -18.48681040359731 33.49326779145387 -1.99
      vertex -18.48681040359731 -33.49326779145387 0
      vertex -18.48681040359731 33.49326779145387 0
    endloop
  endfacet
  facet normal 0 0 -1
    outer loop
      vertex -17.9 -5.25 -1.99
      vertex -18.48681040359731 33.49326779145387 -1.99
      vertex -16.12818745568281 35.496700181165025 -1.99
    endloop
  endfacet
  facet normal 0 0 -1
    outer loop
      vertex -14.386810403597309 -5.25 -1.99
      vertex -16.12818745568281 35.496700181165025 -1.99
      vertex -14.386810403597309 32.893267791453866 -1.99
    endloop
  endfacet
  facet normal 0 0 -1
    outer loop
      vertex -18.48681040359731 33.49326779145387 -1.99
      vertex -18.382219635161306 33.96842844280596 -1.99
      vertex -18.177928646377076 34.4099961786483 -1.99
    endloop
  endfacet
  facet normal 0 0 -1
    outer loop
      vertex -18.48681040359731 33.49326779145387 -1.99
      vertex -18.177928646377076 34.4099961786483 -1.99
      vertex -17.51267089706536 35.11230024585301 -1.99
    endloop
  endfacet
  facet normal 0 0 -1
    outer loop
      vertex -18.177928646377076 34.4099961786483 -1.99
      vertex -17.883489856827044 34.7973237824202 -1.99
      vertex -17.51267089706536 35.11230024585301 -1.99
    endloop
  endfacet
  facet normal 0 0 -1
    outer loop
      vertex -18.48681040359731 33.49326779145387 -1.99
      vertex -17.51267089706536 35.11230024585301 -1.99
      vertex -16.12818745568281 35.496700181165025 -1.99
    endloop
  endfacet
  facet normal -0.9766205557100868 0.21497044021102366 0
    outer loop
      vertex -18.48681040359731 33.49326779145387 -1.99
      vertex -18.48681040359731 33.49326779145387 0
      vertex -18.382219635161306 33.96842844280596 -1.99
    endloop
  endfacet
  facet normal -0.9075754196709557 0.4198891015602673 0
    outer loop
      vertex -18.382219635161306 33.96842844280596 -1.99
      vertex -18.382219635161306 33.96842844280596 0
      vertex -18.177928646377076 34.4099961786483 -1.99
    endloop
  endfacet
  facet normal -0.7960930657056411 0.6051742151937686 0
    outer loop
      vertex -18.177928646377076 34.4099961786483 -1.99
      vertex -18.177928646377076 34.4099961786483 0
      vertex -17.883489856827044 34.7973237824202 -1.99
    endloop
  endfacet
  facet normal -0.6473862847818328 0.762162055127632 0
    outer loop
      vertex -17.883489856827044 34.7973237824202 -1.99
      vertex -17.883489856827044 34.7973237824202 0
      vertex -17.51267089706536 35.11230024585301 -1.99
    endloop
  endfacet
  facet normal -0.46840844069979126 0.8835120444460223 0
    outer loop
      vertex -17.51267089706536 35.11230024585301 -1.99
      vertex -17.51267089706536 35.11230024585301 0
      vertex -17.082810849514807 35.340197619587784 -1.99
    endloop
  endfacet
  facet normal 0 0 -1
    outer loop
      vertex -17.51267089706536 35.11230024585301 -1.99
      vertex -17.082810849514807 35.340197619587784 -1.99
      vertex -16.12818745568281 35.496700181165025 -1.99
    endloop
  endfacet
  facet normal 0 0 -1
    outer loop
      vertex -17.082810849514807 35.340197619587784 -1.99
      vertex -16.61400949224372 35.470359675718434 -1.99
      vertex -16.12818745568281 35.496700181165025 -1.99
    endloop
  endfacet
  facet normal 0 0 -1
    outer loop
      vertex -16.12818745568281 35.496700181165025 -1.99
      vertex -14.282219635161306 33.36842844280595 -1.99
      vertex -14.386810403597309 32.893267791453866 -1.99
    endloop
  endfacet
  facet normal 0 0 -1
    outer loop
      vertex -16.12818745568281 35.496700181165025 -1.99
      vertex -14.077928646377076 33.8099961786483 -1.99
      vertex -14.282219635161306 33.36842844280595 -1.99
    endloop
  endfacet
  facet normal 0 0 -1
    outer loop
      vertex -16.12818745568281 35.496700181165025 -1.99
      vertex -13.783489856827046 34.1973237824202 -1.99
      vertex -14.077928646377076 33.8099961786483 -1.99
    endloop
  endfacet
  facet normal -0.2675283385292163 0.9635499925192242 0
    outer loop
      vertex -17.082810849514807 35.340197619587784 -1.99
      vertex -17.082810849514807 35.340197619587784 0
      vertex -16.61400949224372 35.470359675718434 -1.99
    endloop
  endfacet
  facet normal -0.05413890858540869 0.9985334138511244 0
    outer loop
      vertex -16.61400949224372 35.470359675718434 -1.99
      vertex -16.61400949224372 35.470359675718434 0
      vertex -16.12818745568281 35.496700181165025 -1.99
    endloop
  endfacet
  facet normal -0.9766205557100868 0.21497044021102366 0
    outer loop
      vertex -18.382219635161306 33.96842844280596 -1.99
      vertex -18.48681040359731 33.49326779145387 0
      vertex -18.382219635161306 33.96842844280596 0
    endloop
  endfacet
  facet normal -0.9075754196709557 0.4198891015602673 0
    outer loop
      vertex -18.177928646377076 34.4099961786483 -1.99
      vertex -18.382219635161306 33.96842844280596 0
      vertex -18.177928646377076 34.4099961786483 0
    endloop
  endfacet
  facet normal -0.7960930657056411 0.6051742151937686 0
    outer loop
      vertex -17.883489856827044 34.7973237824202 -1.99
      vertex -18.177928646377076 34.4099961786483 0
      vertex -17.883489856827044 34.7973237824202 0
    endloop
  endfacet
  facet normal -0.6473862847818328 0.762162055127632 0
    outer loop
      vertex -17.51267089706536 35.11230024585301 -1.99
      vertex -17.883489856827044 34.7973237824202 0
      vertex -17.51267089706536 35.11230024585301 0
    endloop
  endfacet
  facet normal -0.46840844069979126 0.8835120444460223 0
    outer loop
      vertex -17.082810849514807 35.340197619587784 -1.99
      vertex -17.51267089706536 35.11230024585301 0
      vertex -17.082810849514807 35.340197619587784 0
    endloop
  endfacet
  facet normal -0.2675283385292163 0.9635499925192242 0
    outer loop
      vertex -16.61400949224372 35.470359675718434 -1.99
      vertex -17.082810849514807 35.340197619587784 0
      vertex -16.61400949224372 35.470359675718434 0
    endloop
  endfacet
  facet normal -0.05413890858540869 0.9985334138511244 0
    outer loop
      vertex -16.12818745568281 35.496700181165025 -1.99
      vertex -16.61400949224372 35.470359675718434 0
      vertex -16.12818745568281 35.496700181165025 0
    endloop
  endfacet
  facet normal 0 0 -1
    outer loop
      vertex -16.12818745568281 35.496700181165025 -1.99
      vertex -13.412670897065361 34.512300245853005 -1.99
      vertex -13.783489856827046 34.1973237824202 -1.99
    endloop
  endfacet
  facet normal 0 0 -1
    outer loop
      vertex -16.12818745568281 35.496700181165025 -1.99
      vertex -12.982810849514808 34.74019761958778 -1.99
      vertex -13.412670897065361 34.512300245853005 -1.99
    endloop
  endfacet
  facet normal 0 0 -1
    outer loop
      vertex -16.12818745568281 35.496700181165025 -1.99
      vertex -12.514009492243721 34.87035967571843 -1.99
      vertex -12.982810849514808 34.74019761958778 -1.99
    endloop
  endfacet
  facet normal 0 0 -1
    outer loop
      vertex -16.12818745568281 35.496700181165025 -1.99
      vertex -12.028187455682811 34.89670018116503 -1.99
      vertex -12.514009492243721 34.87035967571843 -1.99
    endloop
  endfacet
  facet normal 0 1 0
    outer loop
      vertex -16.12818745568281 35.496700181165025 -1.99
      vertex -16.12818745568281 35.496700181165025 0
      vertex 16.37181254431719 35.496700181165025 -1.99
    endloop
  endfacet
  facet normal 0 0 -1
    outer loop
      vertex -16.12818745568281 35.496700181165025 -1.99
      vertex 16.37181254431719 35.496700181165025 -1.99
      vertex -12.028187455682811 34.89670018116503 -1.99
    endloop
  endfacet
  facet normal 0 0 -1
    outer loop
      vertex 5 -35.496700181165025 -1.99
      vertex 5 -34.89670018116503 -1.99
      vertex 16.37181254431719 -35.496700181165025 -1.99
    endloop
  endfacet
  facet normal 0 -1 0
    outer loop
      vertex 5 -35.496700181165025 -1.99
      vertex 16.37181254431719 -35.496700181165025 0
      vertex 5 -35.496700181165025 0
    endloop
  endfacet
  facet normal 0 0 -1
    outer loop
      vertex 5 -34.89670018116503 -1.99
      vertex 12.271812544317191 -34.89670018116503 -1.99
      vertex 16.37181254431719 -35.496700181165025 -1.99
    endloop
  endfacet
  facet normal 0 0 -1
    outer loop
      vertex 12.271812544317191 -34.89670018116503 -1.99
      vertex 12.751938761690747 -34.81798748316825 -1.99
      vertex 16.37181254431719 -35.496700181165025 -1.99
    endloop
  endfacet
  facet normal 0 0 -1
    outer loop
      vertex 12.751938761690747 -34.81798748316825 -1.99
      vertex 13.203918991574527 -34.63790210000355 -1.99
      vertex 16.37181254431719 -35.496700181165025 -1.99
    endloop
  endfacet
  facet normal 0 0 -1
    outer loop
      vertex 13.203918991574527 -34.63790210000355 -1.99
      vertex 13.606619140759113 -34.36486462403718 -1.99
      vertex 16.37181254431719 -35.496700181165025 -1.99
    endloop
  endfacet
  facet normal 0 -1 0
    outer loop
      vertex 5 -35.496700181165025 -1.99
      vertex 16.37181254431719 -35.496700181165025 -1.99
      vertex 16.37181254431719 -35.496700181165025 0
    endloop
  endfacet
  facet normal 0 0 -1
    outer loop
      vertex 13.606619140759113 -34.36486462403718 -1.99
      vertex 13.9412093978377 -34.01164198418597 -1.99
      vertex 16.37181254431719 -35.496700181165025 -1.99
    endloop
  endfacet
  facet normal 0 0 -1
    outer loop
      vertex 13.9412093978377 -34.01164198418597 -1.99
      vertex 14.192044694259653 -33.5947504785106 -1.99
      vertex 16.37181254431719 -35.496700181165025 -1.99
    endloop
  endfacet
  facet normal 0 0 -1
    outer loop
      vertex 14.192044694259653 -33.5947504785106 -1.99
      vertex 14.347396250347696 -33.1336834904748 -1.99
      vertex 16.37181254431719 -35.496700181165025 -1.99
    endloop
  endfacet
  facet normal 0 0 -1
    outer loop
      vertex 14.347396250347696 -33.1336834904748 -1.99
      vertex 14.4 -32.65 -1.99
      vertex 18.5 -33.25 -1.99
    endloop
  endfacet
  facet normal 0 0 -1
    outer loop
      vertex 16.37181254431719 -35.496700181165025 -1.99
      vertex 17.706619140759113 -34.96486462403718 -1.99
      vertex 16.851938761690747 -35.417987483168254 -1.99
    endloop
  endfacet
  facet normal 0 0 -1
    outer loop
      vertex 14.347396250347696 -33.1336834904748 -1.99
      vertex 18.5 -33.25 -1.99
      vertex 16.37181254431719 -35.496700181165025 -1.99
    endloop
  endfacet
  facet normal 0.16178199655275302 -0.986826522541528 0
    outer loop
      vertex 16.37181254431719 -35.496700181165025 -1.99
      vertex 16.851938761690747 -35.417987483168254 -1.99
      vertex 16.851938761690747 -35.417987483168254 0
    endloop
  endfacet
  facet normal 0 0 -1
    outer loop
      vertex 16.851938761690747 -35.417987483168254 -1.99
      vertex 17.706619140759113 -34.96486462403718 -1.99
      vertex 17.303918991574527 -35.23790210000355 -1.99
    endloop
  endfacet
  facet normal 0 0 -1
    outer loop
      vertex 16.37181254431719 -35.496700181165025 -1.99
      vertex 18.5 -33.25 -1.99
      vertex 17.706619140759113 -34.96486462403718 -1.99
    endloop
  endfacet
  facet normal 0 0 -1
    outer loop
      vertex 17.706619140759113 -34.96486462403718 -1.99
      vertex 18.29204469425965 -34.1947504785106 -1.99
      vertex 18.041209397837697 -34.61164198418597 -1.99
    endloop
  endfacet
  facet normal 0 0 -1
    outer loop
      vertex 17.706619140759113 -34.96486462403718 -1.99
      vertex 18.5 -33.25 -1.99
      vertex 18.29204469425965 -34.1947504785106 -1.99
    endloop
  endfacet
  facet normal 0 0 -1
    outer loop
      vertex 18.29204469425965 -34.1947504785106 -1.99
      vertex 18.5 -33.25 -1.99
      vertex 18.447396250347694 -33.7336834904748 -1.99
    endloop
  endfacet
  facet normal 0.3701381553399179 -0.92897671981679 0
    outer loop
      vertex 16.851938761690747 -35.417987483168254 -1.99
      vertex 17.303918991574527 -35.23790210000355 -1.99
      vertex 17.303918991574527 -35.23790210000355 0
    endloop
  endfacet
  facet normal 0.5611870653623802 -0.827688998156892 0
    outer loop
      vertex 17.303918991574527 -35.23790210000355 -1.99
      vertex 17.706619140759113 -34.96486462403718 -1.99
      vertex 17.706619140759113 -34.96486462403718 0
    endloop
  endfacet
  facet normal 0.725995491923133 -0.6876994588534211 0
    outer loop
      vertex 17.706619140759113 -34.96486462403718 -1.99
      vertex 18.041209397837697 -34.61164198418597 -1.99
      vertex 18.041209397837697 -34.61164198418597 0
    endloop
  endfacet
  facet normal 0.8568571761675884 -0.5155538571770232 0
    outer loop
      vertex 18.041209397837697 -34.61164198418597 -1.99
      vertex 18.29204469425965 -34.1947504785106 -1.99
      vertex 18.29204469425965 -34.1947504785106 0
    endloop
  endfacet
  facet normal 0.9476531711828028 -0.31930153013597895 0
    outer loop
      vertex 18.29204469425965 -34.1947504785106 -1.99
      vertex 18.447396250347694 -33.7336834904748 -1.99
      vertex 18.447396250347694 -33.7336834904748 0
    endloop
  endfacet
  facet normal 0.9941379571543593 -0.10811901842394403 0
    outer loop
      vertex 18.447396250347694 -33.7336834904748 -1.99
      vertex 18.5 -33.25 -1.99
      vertex 18.5 -33.25 0
    endloop
  endfacet
  facet normal 0.16178199655275302 -0.986826522541528 0
    outer loop
      vertex 16.37181254431719 -35.496700181165025 -1.99
      vertex 16.851938761690747 -35.417987483168254 0
      vertex 16.37181254431719 -35.496700181165025 0
    endloop
  endfacet
  facet normal 0.3701381553399179 -0.92897671981679 0
    outer loop
      vertex 16.851938761690747 -35.417987483168254 -1.99
      vertex 17.303918991574527 -35.23790210000355 0
      vertex 16.851938761690747 -35.417987483168254 0
    endloop
  endfacet
  facet normal 0.5611870653623802 -0.827688998156892 0
    outer loop
      vertex 17.303918991574527 -35.23790210000355 -1.99
      vertex 17.706619140759113 -34.96486462403718 0
      vertex 17.303918991574527 -35.23790210000355 0
    endloop
  endfacet
  facet normal 0.725995491923133 -0.6876994588534211 0
    outer loop
      vertex 17.706619140759113 -34.96486462403718 -1.99
      vertex 18.041209397837697 -34.61164198418597 0
      vertex 17.706619140759113 -34.96486462403718 0
    endloop
  endfacet
  facet normal 0.8568571761675884 -0.5155538571770232 0
    outer loop
      vertex 18.041209397837697 -34.61164198418597 -1.99
      vertex 18.29204469425965 -34.1947504785106 0
      vertex 18.041209397837697 -34.61164198418597 0
    endloop
  endfacet
  facet normal 0.9476531711828028 -0.31930153013597895 0
    outer loop
      vertex 18.29204469425965 -34.1947504785106 -1.99
      vertex 18.447396250347694 -33.7336834904748 0
      vertex 18.29204469425965 -34.1947504785106 0
    endloop
  endfacet
  facet normal 0.9941379571543593 -0.10811901842394403 0
    outer loop
      vertex 18.447396250347694 -33.7336834904748 -1.99
      vertex 18.5 -33.25 0
      vertex 18.447396250347694 -33.7336834904748 0
    endloop
  endfacet
  facet normal 0 0 -1
    outer loop
      vertex 14.4 -32.65 -1.99
      vertex 14.4 32.65 -1.99
      vertex 18.5 -33.25 -1.99
    endloop
  endfacet
  facet normal 1 0 0
    outer loop
      vertex 18.5 -33.25 -1.99
      vertex 18.5 33.25 0
      vertex 18.5 -33.25 0
    endloop
  endfacet
  facet normal 0 0 -1
    outer loop
      vertex -12.028187455682811 34.89670018116503 -1.99
      vertex 16.37181254431719 35.496700181165025 -1.99
      vertex 12.27181254431719 34.89670018116503 -1.99
    endloop
  endfacet
  facet normal 0 1 0
    outer loop
      vertex 16.37181254431719 35.496700181165025 -1.99
      vertex -16.12818745568281 35.496700181165025 0
      vertex 16.37181254431719 35.496700181165025 0
    endloop
  endfacet
  facet normal 0 0 -1
    outer loop
      vertex 18.5 -33.25 -1.99
      vertex 14.4 32.65 -1.99
      vertex 18.29204469425965 34.19475047851059 -1.99
    endloop
  endfacet
  facet normal 0 0 -1
    outer loop
      vertex 18.5 -33.25 -1.99
      vertex 18.29204469425965 34.19475047851059 -1.99
      vertex 18.5 33.25 -1.99
    endloop
  endfacet
  facet normal 1 0 0
    outer loop
      vertex 18.5 -33.25 -1.99
      vertex 18.5 33.25 -1.99
      vertex 18.5 33.25 0
    endloop
  endfacet
  facet normal 0 0 -1
    outer loop
      vertex 12.27181254431719 34.89670018116503 -1.99
      vertex 16.37181254431719 35.496700181165025 -1.99
      vertex 12.751938761690747 34.81798748316825 -1.99
    endloop
  endfacet
  facet normal 0 0 -1
    outer loop
      vertex 12.751938761690747 34.81798748316825 -1.99
      vertex 16.37181254431719 35.496700181165025 -1.99
      vertex 13.203918991574529 34.63790210000355 -1.99
    endloop
  endfacet
  facet normal 0 0 -1
    outer loop
      vertex 13.606619140759113 34.36486462403718 -1.99
      vertex 18.29204469425965 34.19475047851059 -1.99
      vertex 13.9412093978377 34.01164198418597 -1.99
    endloop
  endfacet
  facet normal 0 0 -1
    outer loop
      vertex 13.9412093978377 34.01164198418597 -1.99
      vertex 18.29204469425965 34.19475047851059 -1.99
      vertex 14.192044694259653 33.59475047851059 -1.99
    endloop
  endfacet
  facet normal 0 0 -1
    outer loop
      vertex 14.4 32.65 -1.99
      vertex 14.347396250347696 33.1336834904748 -1.99
      vertex 18.29204469425965 34.19475047851059 -1.99
    endloop
  endfacet
  facet normal 0 0 -1
    outer loop
      vertex 14.347396250347696 33.1336834904748 -1.99
      vertex 14.192044694259653 33.59475047851059 -1.99
      vertex 18.29204469425965 34.19475047851059 -1.99
    endloop
  endfacet
  facet normal 0 0 -1
    outer loop
      vertex 13.203918991574529 34.63790210000355 -1.99
      vertex 18.29204469425965 34.19475047851059 -1.99
      vertex 13.606619140759113 34.36486462403718 -1.99
    endloop
  endfacet
  facet normal 0 0 -1
    outer loop
      vertex 13.203918991574529 34.63790210000355 -1.99
      vertex 16.37181254431719 35.496700181165025 -1.99
      vertex 18.29204469425965 34.19475047851059 -1.99
    endloop
  endfacet
  facet normal 0 0 -1
    outer loop
      vertex 16.37181254431719 35.496700181165025 -1.99
      vertex 16.851938761690747 35.417987483168254 -1.99
      vertex 17.303918991574527 35.23790210000355 -1.99
    endloop
  endfacet
  facet normal 0.16178199655275302 0.986826522541528 0
    outer loop
      vertex 16.37181254431719 35.496700181165025 -1.99
      vertex 16.37181254431719 35.496700181165025 0
      vertex 16.851938761690747 35.417987483168254 -1.99
    endloop
  endfacet
  facet normal 0.3701381553399179 0.92897671981679 0
    outer loop
      vertex 16.851938761690747 35.417987483168254 -1.99
      vertex 16.851938761690747 35.417987483168254 0
      vertex 17.303918991574527 35.23790210000355 -1.99
    endloop
  endfacet
  facet normal 0 0 -1
    outer loop
      vertex 16.37181254431719 35.496700181165025 -1.99
      vertex 17.303918991574527 35.23790210000355 -1.99
      vertex 18.29204469425965 34.19475047851059 -1.99
    endloop
  endfacet
  facet normal 0 0 -1
    outer loop
      vertex 17.303918991574527 35.23790210000355 -1.99
      vertex 18.041209397837697 34.61164198418597 -1.99
      vertex 18.29204469425965 34.19475047851059 -1.99
    endloop
  endfacet
  facet normal 0 0 -1
    outer loop
      vertex 17.303918991574527 35.23790210000355 -1.99
      vertex 17.706619140759113 34.96486462403718 -1.99
      vertex 18.041209397837697 34.61164198418597 -1.99
    endloop
  endfacet
  facet normal 0 0 -1
    outer loop
      vertex 18.5 33.25 -1.99
      vertex 18.29204469425965 34.19475047851059 -1.99
      vertex 18.447396250347694 33.7336834904748 -1.99
    endloop
  endfacet
  facet normal 0.5611870653623802 0.827688998156892 0
    outer loop
      vertex 17.303918991574527 35.23790210000355 -1.99
      vertex 17.303918991574527 35.23790210000355 0
      vertex 17.706619140759113 34.96486462403718 -1.99
    endloop
  endfacet
  facet normal 0.725995491923133 0.6876994588534211 0
    outer loop
      vertex 17.706619140759113 34.96486462403718 -1.99
      vertex 17.706619140759113 34.96486462403718 0
      vertex 18.041209397837697 34.61164198418597 -1.99
    endloop
  endfacet
  facet normal 0.8568571761675923 0.5155538571770166 0
    outer loop
      vertex 18.29204469425965 34.19475047851059 -1.99
      vertex 18.041209397837697 34.61164198418597 -1.99
      vertex 18.041209397837697 34.61164198418597 0
    endloop
  endfacet
  facet normal 0.9941379571543593 0.10811901842394403 0
    outer loop
      vertex 18.5 33.25 -1.99
      vertex 18.447396250347694 33.7336834904748 -1.99
      vertex 18.447396250347694 33.7336834904748 0
    endloop
  endfacet
  facet normal 0.9476531711828013 0.31930153013598334 0
    outer loop
      vertex 18.447396250347694 33.7336834904748 -1.99
      vertex 18.29204469425965 34.19475047851059 -1.99
      vertex 18.29204469425965 34.19475047851059 0
    endloop
  endfacet
  facet normal 0.16178199655275302 0.986826522541528 0
    outer loop
      vertex 16.851938761690747 35.417987483168254 -1.99
      vertex 16.37181254431719 35.496700181165025 0
      vertex 16.851938761690747 35.417987483168254 0
    endloop
  endfacet
  facet normal 0.3701381553399179 0.92897671981679 0
    outer loop
      vertex 17.303918991574527 35.23790210000355 -1.99
      vertex 16.851938761690747 35.417987483168254 0
      vertex 17.303918991574527 35.23790210000355 0
    endloop
  endfacet
  facet normal 0.5611870653623802 0.827688998156892 0
    outer loop
      vertex 17.706619140759113 34.96486462403718 -1.99
      vertex 17.303918991574527 35.23790210000355 0
      vertex 17.706619140759113 34.96486462403718 0
    endloop
  endfacet
  facet normal 0.725995491923133 0.6876994588534211 0
    outer loop
      vertex 18.041209397837697 34.61164198418597 -1.99
      vertex 17.706619140759113 34.96486462403718 0
      vertex 18.041209397837697 34.61164198418597 0
    endloop
  endfacet
  facet normal 0.8568571761675923 0.5155538571770166 0
    outer loop
      vertex 18.29204469425965 34.19475047851059 -1.99
      vertex 18.041209397837697 34.61164198418597 0
      vertex 18.29204469425965 34.19475047851059 0
    endloop
  endfacet
  facet normal 0.9941379571543593 0.10811901842394403 0
    outer loop
      vertex 18.5 33.25 -1.99
      vertex 18.447396250347694 33.7336834904748 0
      vertex 18.5 33.25 0
    endloop
  endfacet
  facet normal 0.9476531711828013 0.31930153013598334 0
    outer loop
      vertex 18.447396250347694 33.7336834904748 -1.99
      vertex 18.29204469425965 34.19475047851059 0
      vertex 18.447396250347694 33.7336834904748 0
    endloop
  endfacet
  facet normal 0.7771459614569698 0.6293203910498387 0
    outer loop
      vertex -6.269881706405843 -25.055335705266668 4.99
      vertex -6.269881706405843 -25.055335705266668 6.181532510892707
      vertex -5.7593723974498054 -25.68576219928115 4.99
    endloop
  endfacet
  facet normal 0.9335804264972015 0.35836794954530077 0
    outer loop
      vertex -7.303741464481668 -23.06928339735768 4.99
      vertex -7.079977296730156 -23.65220898383745 6.181532510892707
      vertex -7.079977296730156 -23.65220898383745 4.99
    endloop
  endfacet
  facet normal 0.8910065241883683 0.4539904997395458 0
    outer loop
      vertex -6.711696879329399 -24.375 4.99
      vertex -7.079977296730156 -23.65220898383745 4.99
      vertex -7.079977296730156 -23.65220898383745 6.181532510892707
    endloop
  endfacet
  facet normal 0.8386705679454247 0.5446390350150261 0
    outer loop
      vertex -6.711696879329399 -24.375 4.99
      vertex -6.711696879329399 -24.375 6.181532510892707
      vertex -6.269881706405843 -25.055335705266668 4.99
    endloop
  endfacet
  facet normal 0.7071067811865481 0.7071067811865469 0
    outer loop
      vertex -5.7593723974498054 -25.68576219928115 4.99
      vertex -5.7593723974498054 -25.68576219928115 6.181532510892707
      vertex -5.185762199281151 -26.259372397449805 4.99
    endloop
  endfacet
  facet normal 0.6293203910498384 0.7771459614569701 0
    outer loop
      vertex -5.185762199281151 -26.259372397449805 4.99
      vertex -5.185762199281151 -26.259372397449805 6.181532510892707
      vertex -4.555335705266667 -26.769881706405844 4.99
    endloop
  endfacet
  facet normal 0.8910065241883683 0.4539904997395458 0
    outer loop
      vertex -6.711696879329399 -24.375 4.99
      vertex -7.079977296730156 -23.65220898383745 6.181532510892707
      vertex -6.711696879329399 -24.375 6.181532510892707
    endloop
  endfacet
  facet normal 0.9335804264972015 0.35836794954530077 0
    outer loop
      vertex -7.303741464481668 -23.06928339735768 4.99
      vertex -7.303741464481668 -23.06928339735768 6.181532510892707
      vertex -7.079977296730156 -23.65220898383745 6.181532510892707
    endloop
  endfacet
  facet normal 0.8386705679454247 0.5446390350150261 0
    outer loop
      vertex -6.269881706405843 -25.055335705266668 4.99
      vertex -6.711696879329399 -24.375 6.181532510892707
      vertex -6.269881706405843 -25.055335705266668 6.181532510892707
    endloop
  endfacet
  facet normal 0.7771459614569698 0.6293203910498387 0
    outer loop
      vertex -5.7593723974498054 -25.68576219928115 4.99
      vertex -6.269881706405843 -25.055335705266668 6.181532510892707
      vertex -5.7593723974498054 -25.68576219928115 6.181532510892707
    endloop
  endfacet
  facet normal 0.7071067811865481 0.7071067811865469 0
    outer loop
      vertex -5.185762199281151 -26.259372397449805 4.99
      vertex -5.7593723974498054 -25.68576219928115 6.181532510892707
      vertex -5.185762199281151 -26.259372397449805 6.181532510892707
    endloop
  endfacet
  facet normal 0.3583679495453015 0.9335804264972013 0
    outer loop
      vertex -3.1522089838374514 -27.579977296730156 4.99
      vertex -3.1522089838374514 -27.579977296730156 6.181532510892707
      vertex -2.3948817064058425 -27.87068800128744 4.99
    endloop
  endfacet
  facet normal 0.45399049973954714 0.8910065241883676 0
    outer loop
      vertex -3.1522089838374514 -27.579977296730156 4.99
      vertex -3.875 -27.2116968793294 6.181532510892707
      vertex -3.1522089838374514 -27.579977296730156 6.181532510892707
    endloop
  endfacet
  facet normal 0.3583679495453015 0.9335804264972013 0
    outer loop
      vertex -2.3948817064058425 -27.87068800128744 4.99
      vertex -3.1522089838374514 -27.579977296730156 6.181532510892707
      vertex -2.3948817064058425 -27.87068800128744 6.181532510892707
    endloop
  endfacet
  facet normal 0.2588190451025206 0.9659258262890683 0
    outer loop
      vertex -2.3948817064058425 -27.87068800128744 4.99
      vertex -2.3948817064058425 -27.87068800128744 6.181532510892707
      vertex -1.6113156038376348 -28.080643905686994 4.99
    endloop
  endfacet
  facet normal 0.15643446504023018 0.9876883405951379 0
    outer loop
      vertex -1.6113156038376348 -28.080643905686994 4.99
      vertex -1.6113156038376348 -28.080643905686994 6.181532510892707
      vertex -0.8100955903243144 -28.207544689104118 4.99
    endloop
  endfacet
  facet normal 0.05233595624294408 0.9986295347545738 0
    outer loop
      vertex -0.8100955903243144 -28.207544689104118 4.99
      vertex -0.8100955903243144 -28.207544689104118 6.181532510892707
      vertex 0 -28.25 4.99
    endloop
  endfacet
  facet normal 0.2588190451025206 0.9659258262890683 0
    outer loop
      vertex -1.6113156038376348 -28.080643905686994 4.99
      vertex -2.3948817064058425 -27.87068800128744 6.181532510892707
      vertex -1.6113156038376348 -28.080643905686994 6.181532510892707
    endloop
  endfacet
  facet normal 0.15643446504023018 0.9876883405951379 0
    outer loop
      vertex -0.8100955903243144 -28.207544689104118 4.99
      vertex -1.6113156038376348 -28.080643905686994 6.181532510892707
      vertex -0.8100955903243144 -28.207544689104118 6.181532510892707
    endloop
  endfacet
  facet normal 0.05233595624294408 0.9986295347545738 0
    outer loop
      vertex 0 -28.25 4.99
      vertex -0.8100955903243144 -28.207544689104118 6.181532510892707
      vertex 0 -28.25 6.181532510892707
    endloop
  endfacet
  facet normal 0.5446390350150251 0.8386705679454254 0
    outer loop
      vertex -4.555335705266667 -26.769881706405844 4.99
      vertex -4.555335705266667 -26.769881706405844 6.181532510892707
      vertex -3.875 -27.2116968793294 4.99
    endloop
  endfacet
  facet normal 0.45399049973954714 0.8910065241883676 0
    outer loop
      vertex -3.1522089838374514 -27.579977296730156 4.99
      vertex -3.875 -27.2116968793294 4.99
      vertex -3.875 -27.2116968793294 6.181532510892707
    endloop
  endfacet
  facet normal 0.6293203910498384 0.7771459614569701 0
    outer loop
      vertex -5.185762199281151 -26.259372397449805 6.181532510892707
      vertex -4.555335705266667 -26.769881706405844 6.181532510892707
      vertex -4.555335705266667 -26.769881706405844 4.99
    endloop
  endfacet
  facet normal 0.5446390350150251 0.8386705679454254 0
    outer loop
      vertex -3.875 -27.2116968793294 4.99
      vertex -4.555335705266667 -26.769881706405844 6.181532510892707
      vertex -3.875 -27.2116968793294 6.181532510892707
    endloop
  endfacet
  facet normal 0.9335804264972015 -0.35836794954530077 0
    outer loop
      vertex -7.303741464481668 -17.93071660264232 4.99
      vertex -7.079977296730156 -17.34779101616255 4.99
      vertex -7.079977296730156 -17.34779101616255 6.181532510892707
    endloop
  endfacet
  facet normal 0.8910065241883683 -0.4539904997395458 0
    outer loop
      vertex -7.079977296730156 -17.34779101616255 4.99
      vertex -6.711696879329399 -16.625 4.99
      vertex -6.711696879329399 -16.625 6.181532510892707
    endloop
  endfacet
  facet normal 0.8386705679454247 -0.5446390350150261 0
    outer loop
      vertex -6.711696879329399 -16.625 4.99
      vertex -6.269881706405843 -15.944664294733332 4.99
      vertex -6.269881706405843 -15.944664294733332 6.181532510892707
    endloop
  endfacet
  facet normal 0.7771459614569698 -0.6293203910498387 0
    outer loop
      vertex -6.269881706405843 -15.944664294733332 4.99
      vertex -5.7593723974498054 -15.31423780071885 4.99
      vertex -5.7593723974498054 -15.31423780071885 6.181532510892707
    endloop
  endfacet
  facet normal 0.7071067811865481 -0.7071067811865469 0
    outer loop
      vertex -5.7593723974498054 -15.31423780071885 4.99
      vertex -5.185762199281151 -14.740627602550195 4.99
      vertex -5.185762199281151 -14.740627602550195 6.181532510892707
    endloop
  endfacet
  facet normal 0.9335804264972015 -0.35836794954530077 0
    outer loop
      vertex -7.303741464481668 -17.93071660264232 4.99
      vertex -7.079977296730156 -17.34779101616255 6.181532510892707
      vertex -7.303741464481668 -17.93071660264232 6.181532510892707
    endloop
  endfacet
  facet normal 0.8910065241883683 -0.4539904997395458 0
    outer loop
      vertex -7.079977296730156 -17.34779101616255 4.99
      vertex -6.711696879329399 -16.625 6.181532510892707
      vertex -7.079977296730156 -17.34779101616255 6.181532510892707
    endloop
  endfacet
  facet normal 0.8386705679454247 -0.5446390350150261 0
    outer loop
      vertex -6.711696879329399 -16.625 4.99
      vertex -6.269881706405843 -15.944664294733332 6.181532510892707
      vertex -6.711696879329399 -16.625 6.181532510892707
    endloop
  endfacet
  facet normal 0.7771459614569698 -0.6293203910498387 0
    outer loop
      vertex -6.269881706405843 -15.944664294733332 4.99
      vertex -5.7593723974498054 -15.31423780071885 6.181532510892707
      vertex -6.269881706405843 -15.944664294733332 6.181532510892707
    endloop
  endfacet
  facet normal 0.7071067811865481 -0.7071067811865469 0
    outer loop
      vertex -5.7593723974498054 -15.31423780071885 4.99
      vertex -5.185762199281151 -14.740627602550195 6.181532510892707
      vertex -5.7593723974498054 -15.31423780071885 6.181532510892707
    endloop
  endfacet
  facet normal 0.6293203910498384 -0.7771459614569701 0
    outer loop
      vertex -5.185762199281151 -14.740627602550195 4.99
      vertex -4.555335705266667 -14.230118293594156 6.181532510892707
      vertex -5.185762199281151 -14.740627602550195 6.181532510892707
    endloop
  endfacet
  facet normal 0.6293203910498384 -0.7771459614569701 0
    outer loop
      vertex -5.185762199281151 -14.740627602550195 4.99
      vertex -4.555335705266667 -14.230118293594156 4.99
      vertex -4.555335705266667 -14.230118293594156 6.181532510892707
    endloop
  endfacet
  facet normal 0.5446390350150251 -0.8386705679454254 0
    outer loop
      vertex -4.555335705266667 -14.230118293594156 4.99
      vertex -3.875 -13.788303120670601 4.99
      vertex -3.875 -13.788303120670601 6.181532510892707
    endloop
  endfacet
  facet normal 0.5446390350150251 -0.8386705679454254 0
    outer loop
      vertex -4.555335705266667 -14.230118293594156 4.99
      vertex -3.875 -13.788303120670601 6.181532510892707
      vertex -4.555335705266667 -14.230118293594156 6.181532510892707
    endloop
  endfacet
  facet normal 0.45399049973954714 -0.8910065241883676 0
    outer loop
      vertex -3.875 -13.788303120670601 4.99
      vertex -3.1522089838374514 -13.420022703269844 4.99
      vertex -3.1522089838374514 -13.420022703269844 6.181532510892707
    endloop
  endfacet
  facet normal 0.3583679495453015 -0.9335804264972013 0
    outer loop
      vertex -3.1522089838374514 -13.420022703269844 4.99
      vertex -2.3948817064058425 -13.12931199871256 4.99
      vertex -2.3948817064058425 -13.12931199871256 6.181532510892707
    endloop
  endfacet
  facet normal 0.45399049973954714 -0.8910065241883676 0
    outer loop
      vertex -3.875 -13.788303120670601 4.99
      vertex -3.1522089838374514 -13.420022703269844 6.181532510892707
      vertex -3.875 -13.788303120670601 6.181532510892707
    endloop
  endfacet
  facet normal 0.3583679495453015 -0.9335804264972013 0
    outer loop
      vertex -3.1522089838374514 -13.420022703269844 4.99
      vertex -2.3948817064058425 -13.12931199871256 6.181532510892707
      vertex -3.1522089838374514 -13.420022703269844 6.181532510892707
    endloop
  endfacet
  facet normal 0.2588190451025206 -0.9659258262890683 0
    outer loop
      vertex -2.3948817064058425 -13.12931199871256 4.99
      vertex -1.6113156038376348 -12.919356094313006 4.99
      vertex -1.6113156038376348 -12.919356094313006 6.181532510892707
    endloop
  endfacet
  facet normal 0.15643446504023018 -0.9876883405951379 0
    outer loop
      vertex -1.6113156038376348 -12.919356094313006 4.99
      vertex -0.8100955903243144 -12.792455310895882 4.99
      vertex -0.8100955903243144 -12.792455310895882 6.181532510892707
    endloop
  endfacet
  facet normal 0.05233595624294408 -0.9986295347545738 0
    outer loop
      vertex -0.8100955903243144 -12.792455310895882 4.99
      vertex 0 -12.75 4.99
      vertex 0 -12.75 6.181532510892707
    endloop
  endfacet
  facet normal 0.2588190451025206 -0.9659258262890683 0
    outer loop
      vertex -2.3948817064058425 -13.12931199871256 4.99
      vertex -1.6113156038376348 -12.919356094313006 6.181532510892707
      vertex -2.3948817064058425 -13.12931199871256 6.181532510892707
    endloop
  endfacet
  facet normal 0.15643446504023018 -0.9876883405951379 0
    outer loop
      vertex -1.6113156038376348 -12.919356094313006 4.99
      vertex -0.8100955903243144 -12.792455310895882 6.181532510892707
      vertex -1.6113156038376348 -12.919356094313006 6.181532510892707
    endloop
  endfacet
  facet normal 0.05233595624294408 -0.9986295347545738 0
    outer loop
      vertex -0.8100955903243144 -12.792455310895882 4.99
      vertex 0 -12.75 6.181532510892707
      vertex -0.8100955903243144 -12.792455310895882 6.181532510892707
    endloop
  endfacet
  facet normal -0.05233595624294408 0.9986295347545738 0
    outer loop
      vertex 0 -28.25 4.99
      vertex 0 -28.25 6.181532510892707
      vertex 0.8100955903243144 -28.207544689104118 4.99
    endloop
  endfacet
  facet normal -0.15643446504023018 0.9876883405951379 0
    outer loop
      vertex 0.8100955903243144 -28.207544689104118 4.99
      vertex 0.8100955903243144 -28.207544689104118 6.181532510892707
      vertex 1.6113156038376348 -28.080643905686994 4.99
    endloop
  endfacet
  facet normal -0.2588190451025206 0.9659258262890683 0
    outer loop
      vertex 1.6113156038376348 -28.080643905686994 4.99
      vertex 1.6113156038376348 -28.080643905686994 6.181532510892707
      vertex 2.3948817064058425 -27.87068800128744 4.99
    endloop
  endfacet
  facet normal -0.05233595624294408 0.9986295347545738 0
    outer loop
      vertex 0 -28.25 6.181532510892707
      vertex 0.8100955903243144 -28.207544689104118 6.181532510892707
      vertex 0.8100955903243144 -28.207544689104118 4.99
    endloop
  endfacet
  facet normal -0.15643446504023018 0.9876883405951379 0
    outer loop
      vertex 1.6113156038376348 -28.080643905686994 4.99
      vertex 0.8100955903243144 -28.207544689104118 6.181532510892707
      vertex 1.6113156038376348 -28.080643905686994 6.181532510892707
    endloop
  endfacet
  facet normal -0.2588190451025206 0.9659258262890683 0
    outer loop
      vertex 2.3948817064058425 -27.87068800128744 4.99
      vertex 1.6113156038376348 -28.080643905686994 6.181532510892707
      vertex 2.3948817064058425 -27.87068800128744 6.181532510892707
    endloop
  endfacet
  facet normal -0.3583679495453015 0.9335804264972013 0
    outer loop
      vertex 2.3948817064058425 -27.87068800128744 4.99
      vertex 2.3948817064058425 -27.87068800128744 6.181532510892707
      vertex 3.1522089838374514 -27.579977296730156 4.99
    endloop
  endfacet
  facet normal -0.45399049973954714 0.8910065241883676 0
    outer loop
      vertex 3.1522089838374514 -27.579977296730156 4.99
      vertex 3.1522089838374514 -27.579977296730156 6.181532510892707
      vertex 3.875 -27.2116968793294 4.99
    endloop
  endfacet
  facet normal -0.3583679495453015 0.9335804264972013 0
    outer loop
      vertex 3.1522089838374514 -27.579977296730156 4.99
      vertex 2.3948817064058425 -27.87068800128744 6.181532510892707
      vertex 3.1522089838374514 -27.579977296730156 6.181532510892707
    endloop
  endfacet
  facet normal -0.5446390350150251 0.8386705679454254 0
    outer loop
      vertex 3.875 -27.2116968793294 4.99
      vertex 3.875 -27.2116968793294 6.181532510892707
      vertex 4.555335705266667 -26.769881706405844 4.99
    endloop
  endfacet
  facet normal -0.6293203910498384 0.7771459614569701 0
    outer loop
      vertex 4.555335705266667 -26.769881706405844 4.99
      vertex 4.555335705266667 -26.769881706405844 6.181532510892707
      vertex 5.185762199281151 -26.259372397449805 4.99
    endloop
  endfacet
  facet normal -0.45399049973954714 0.8910065241883676 0
    outer loop
      vertex 3.1522089838374514 -27.579977296730156 6.181532510892707
      vertex 3.875 -27.2116968793294 6.181532510892707
      vertex 3.875 -27.2116968793294 4.99
    endloop
  endfacet
  facet normal -0.5446390350150251 0.8386705679454254 0
    outer loop
      vertex 4.555335705266667 -26.769881706405844 4.99
      vertex 3.875 -27.2116968793294 6.181532510892707
      vertex 4.555335705266667 -26.769881706405844 6.181532510892707
    endloop
  endfacet
  facet normal -0.7071067811865481 0.7071067811865469 0
    outer loop
      vertex 5.185762199281151 -26.259372397449805 4.99
      vertex 5.185762199281151 -26.259372397449805 6.181532510892707
      vertex 5.7593723974498054 -25.68576219928115 4.99
    endloop
  endfacet
  facet normal -0.7771459614569698 0.6293203910498387 0
    outer loop
      vertex 5.7593723974498054 -25.68576219928115 4.99
      vertex 5.7593723974498054 -25.68576219928115 6.181532510892707
      vertex 6.269881706405843 -25.055335705266668 4.99
    endloop
  endfacet
  facet normal -0.8386705679454247 0.5446390350150261 0
    outer loop
      vertex 6.269881706405843 -25.055335705266668 4.99
      vertex 6.269881706405843 -25.055335705266668 6.181532510892707
      vertex 6.711696879329399 -24.375 4.99
    endloop
  endfacet
  facet normal -0.8910065241883683 0.4539904997395458 0
    outer loop
      vertex 6.711696879329399 -24.375 4.99
      vertex 6.711696879329399 -24.375 6.181532510892707
      vertex 7.079977296730156 -23.65220898383745 4.99
    endloop
  endfacet
  facet normal -0.9335804264972015 0.35836794954530077 0
    outer loop
      vertex 7.079977296730156 -23.65220898383745 4.99
      vertex 7.079977296730156 -23.65220898383745 6.181532510892707
      vertex 7.303741464481668 -23.06928339735768 4.99
    endloop
  endfacet
  facet normal -0.6293203910498384 0.7771459614569701 0
    outer loop
      vertex 4.555335705266667 -26.769881706405844 6.181532510892707
      vertex 5.185762199281151 -26.259372397449805 6.181532510892707
      vertex 5.185762199281151 -26.259372397449805 4.99
    endloop
  endfacet
  facet normal -0.7071067811865481 0.7071067811865469 0
    outer loop
      vertex 5.7593723974498054 -25.68576219928115 4.99
      vertex 5.185762199281151 -26.259372397449805 6.181532510892707
      vertex 5.7593723974498054 -25.68576219928115 6.181532510892707
    endloop
  endfacet
  facet normal -0.7771459614569698 0.6293203910498387 0
    outer loop
      vertex 6.269881706405843 -25.055335705266668 4.99
      vertex 5.7593723974498054 -25.68576219928115 6.181532510892707
      vertex 6.269881706405843 -25.055335705266668 6.181532510892707
    endloop
  endfacet
  facet normal -0.8386705679454247 0.5446390350150261 0
    outer loop
      vertex 6.711696879329399 -24.375 4.99
      vertex 6.269881706405843 -25.055335705266668 6.181532510892707
      vertex 6.711696879329399 -24.375 6.181532510892707
    endloop
  endfacet
  facet normal -0.8910065241883683 0.4539904997395458 0
    outer loop
      vertex 7.079977296730156 -23.65220898383745 4.99
      vertex 6.711696879329399 -24.375 6.181532510892707
      vertex 7.079977296730156 -23.65220898383745 6.181532510892707
    endloop
  endfacet
  facet normal -0.9335804264972015 0.35836794954530077 0
    outer loop
      vertex 7.303741464481668 -23.06928339735768 4.99
      vertex 7.079977296730156 -23.65220898383745 6.181532510892707
      vertex 7.303741464481668 -23.06928339735768 6.181532510892707
    endloop
  endfacet
  facet normal -0.05233595624294408 -0.9986295347545738 0
    outer loop
      vertex 0 -12.75 4.99
      vertex 0.8100955903243144 -12.792455310895882 4.99
      vertex 0.8100955903243144 -12.792455310895882 6.181532510892707
    endloop
  endfacet
  facet normal -0.15643446504023018 -0.9876883405951379 0
    outer loop
      vertex 0.8100955903243144 -12.792455310895882 4.99
      vertex 1.6113156038376348 -12.919356094313006 4.99
      vertex 1.6113156038376348 -12.919356094313006 6.181532510892707
    endloop
  endfacet
  facet normal -0.2588190451025206 -0.9659258262890683 0
    outer loop
      vertex 1.6113156038376348 -12.919356094313006 4.99
      vertex 2.3948817064058425 -13.12931199871256 4.99
      vertex 2.3948817064058425 -13.12931199871256 6.181532510892707
    endloop
  endfacet
  facet normal -0.05233595624294408 -0.9986295347545738 0
    outer loop
      vertex 0 -12.75 4.99
      vertex 0.8100955903243144 -12.792455310895882 6.181532510892707
      vertex 0 -12.75 6.181532510892707
    endloop
  endfacet
  facet normal -0.15643446504023018 -0.9876883405951379 0
    outer loop
      vertex 0.8100955903243144 -12.792455310895882 4.99
      vertex 1.6113156038376348 -12.919356094313006 6.181532510892707
      vertex 0.8100955903243144 -12.792455310895882 6.181532510892707
    endloop
  endfacet
  facet normal -0.2588190451025206 -0.9659258262890683 0
    outer loop
      vertex 1.6113156038376348 -12.919356094313006 4.99
      vertex 2.3948817064058425 -13.12931199871256 6.181532510892707
      vertex 1.6113156038376348 -12.919356094313006 6.181532510892707
    endloop
  endfacet
  facet normal -0.5446390350150251 -0.8386705679454254 0
    outer loop
      vertex 3.875 -13.788303120670601 4.99
      vertex 4.555335705266667 -14.230118293594156 4.99
      vertex 4.555335705266667 -14.230118293594156 6.181532510892707
    endloop
  endfacet
  facet normal -0.5446390350150251 -0.8386705679454254 0
    outer loop
      vertex 3.875 -13.788303120670601 4.99
      vertex 4.555335705266667 -14.230118293594156 6.181532510892707
      vertex 3.875 -13.788303120670601 6.181532510892707
    endloop
  endfacet
  facet normal -0.6293203910498384 -0.7771459614569701 0
    outer loop
      vertex 4.555335705266667 -14.230118293594156 4.99
      vertex 5.185762199281151 -14.740627602550195 6.181532510892707
      vertex 4.555335705266667 -14.230118293594156 6.181532510892707
    endloop
  endfacet
  facet normal -0.3583679495453015 -0.9335804264972013 0
    outer loop
      vertex 2.3948817064058425 -13.12931199871256 4.99
      vertex 3.1522089838374514 -13.420022703269844 4.99
      vertex 3.1522089838374514 -13.420022703269844 6.181532510892707
    endloop
  endfacet
  facet normal -0.45399049973954714 -0.8910065241883676 0
    outer loop
      vertex 3.875 -13.788303120670601 4.99
      vertex 3.875 -13.788303120670601 6.181532510892707
      vertex 3.1522089838374514 -13.420022703269844 4.99
    endloop
  endfacet
  facet normal -0.3583679495453015 -0.9335804264972013 0
    outer loop
      vertex 2.3948817064058425 -13.12931199871256 4.99
      vertex 3.1522089838374514 -13.420022703269844 6.181532510892707
      vertex 2.3948817064058425 -13.12931199871256 6.181532510892707
    endloop
  endfacet
  facet normal -0.45399049973954714 -0.8910065241883676 0
    outer loop
      vertex 3.1522089838374514 -13.420022703269844 4.99
      vertex 3.875 -13.788303120670601 6.181532510892707
      vertex 3.1522089838374514 -13.420022703269844 6.181532510892707
    endloop
  endfacet
  facet normal -0.6293203910498384 -0.7771459614569701 0
    outer loop
      vertex 4.555335705266667 -14.230118293594156 4.99
      vertex 5.185762199281151 -14.740627602550195 4.99
      vertex 5.185762199281151 -14.740627602550195 6.181532510892707
    endloop
  endfacet
  facet normal -0.7071067811865481 -0.7071067811865469 0
    outer loop
      vertex 5.185762199281151 -14.740627602550195 4.99
      vertex 5.7593723974498054 -15.31423780071885 4.99
      vertex 5.7593723974498054 -15.31423780071885 6.181532510892707
    endloop
  endfacet
  facet normal -0.8386705679454247 -0.5446390350150261 0
    outer loop
      vertex 6.711696879329399 -16.625 4.99
      vertex 6.711696879329399 -16.625 6.181532510892707
      vertex 6.269881706405843 -15.944664294733332 4.99
    endloop
  endfacet
  facet normal -0.9335804264972015 -0.35836794954530077 0
    outer loop
      vertex 7.303741464481668 -17.93071660264232 4.99
      vertex 7.079977296730156 -17.34779101616255 6.181532510892707
      vertex 7.079977296730156 -17.34779101616255 4.99
    endloop
  endfacet
  facet normal -0.8910065241883683 -0.4539904997395458 0
    outer loop
      vertex 7.079977296730156 -17.34779101616255 4.99
      vertex 7.079977296730156 -17.34779101616255 6.181532510892707
      vertex 6.711696879329399 -16.625 4.99
    endloop
  endfacet
  facet normal -0.7771459614569698 -0.6293203910498387 0
    outer loop
      vertex 5.7593723974498054 -15.31423780071885 4.99
      vertex 6.269881706405843 -15.944664294733332 4.99
      vertex 6.269881706405843 -15.944664294733332 6.181532510892707
    endloop
  endfacet
  facet normal -0.7071067811865481 -0.7071067811865469 0
    outer loop
      vertex 5.185762199281151 -14.740627602550195 4.99
      vertex 5.7593723974498054 -15.31423780071885 6.181532510892707
      vertex 5.185762199281151 -14.740627602550195 6.181532510892707
    endloop
  endfacet
  facet normal -0.7771459614569698 -0.6293203910498387 0
    outer loop
      vertex 5.7593723974498054 -15.31423780071885 4.99
      vertex 6.269881706405843 -15.944664294733332 6.181532510892707
      vertex 5.7593723974498054 -15.31423780071885 6.181532510892707
    endloop
  endfacet
  facet normal -0.8386705679454247 -0.5446390350150261 0
    outer loop
      vertex 6.269881706405843 -15.944664294733332 4.99
      vertex 6.711696879329399 -16.625 6.181532510892707
      vertex 6.269881706405843 -15.944664294733332 6.181532510892707
    endloop
  endfacet
  facet normal -0.9335804264972015 -0.35836794954530077 0
    outer loop
      vertex 7.303741464481668 -17.93071660264232 4.99
      vertex 7.303741464481668 -17.93071660264232 6.181532510892707
      vertex 7.079977296730156 -17.34779101616255 6.181532510892707
    endloop
  endfacet
  facet normal -0.8910065241883683 -0.4539904997395458 0
    outer loop
      vertex 6.711696879329399 -16.625 4.99
      vertex 7.079977296730156 -17.34779101616255 6.181532510892707
      vertex 6.711696879329399 -16.625 6.181532510892707
    endloop
  endfacet
  facet normal 1 0 0
    outer loop
      vertex -12.1 6.499999999999998 4.99
      vertex -12.1 20.099999999999998 6.181532510892707
      vertex -12.1 6.499999999999998 6.181532510892707
    endloop
  endfacet
  facet normal 1 0 0
    outer loop
      vertex -12.1 6.499999999999998 4.99
      vertex -12.1 20.099999999999998 4.99
      vertex -12.1 20.099999999999998 6.181532510892707
    endloop
  endfacet
  facet normal 0 1 0
    outer loop
      vertex -12.1 6.499999999999998 4.99
      vertex -12.1 6.499999999999998 6.181532510892707
      vertex 12.1 6.499999999999998 4.99
    endloop
  endfacet
  facet normal 0 -1 0
    outer loop
      vertex -12.1 20.099999999999998 4.99
      vertex 12.1 20.099999999999998 6.181532510892707
      vertex -12.1 20.099999999999998 6.181532510892707
    endloop
  endfacet
  facet normal 0 1 0
    outer loop
      vertex -12.1 6.499999999999998 6.181532510892707
      vertex 12.1 6.499999999999998 6.181532510892707
      vertex 12.1 6.499999999999998 4.99
    endloop
  endfacet
  facet normal 0 -1 0
    outer loop
      vertex -12.1 20.099999999999998 4.99
      vertex 12.1 20.099999999999998 4.99
      vertex 12.1 20.099999999999998 6.181532510892707
    endloop
  endfacet
  facet normal -1 0 0
    outer loop
      vertex 12.1 6.499999999999998 4.99
      vertex 12.1 6.499999999999998 6.181532510892707
      vertex 12.1 20.099999999999998 4.99
    endloop
  endfacet
  facet normal -1 0 0
    outer loop
      vertex 12.1 6.499999999999998 6.181532510892707
      vertex 12.1 20.099999999999998 6.181532510892707
      vertex 12.1 20.099999999999998 4.99
    endloop
  endfacet
  facet normal 0.332354799479658 0.9431544344712779 0
    outer loop
      vertex -1.5591434931707173 -9.183622071779816 4.99
      vertex -1.5591434931707173 -9.183622071779816 6.181532510892707
      vertex -1.094651960288331 -9.347302572691277 4.99
    endloop
  endfacet
  facet normal 0.21393308320649645 0.9768483177596009 0
    outer loop
      vertex -1.094651960288331 -9.347302572691277 4.99
      vertex -1.094651960288331 -9.347302572691277 6.181532510892707
      vertex -0.6135666195147409 -9.452661888325038 4.99
    endloop
  endfacet
  facet normal 0.09226835946330333 0.9957341762950345 0
    outer loop
      vertex -0.6135666195147409 -9.452661888325038 4.99
      vertex -0.6135666195147409 -9.452661888325038 6.181532510892707
      vertex -0.12318023422468048 -9.498102878853464 4.99
    endloop
  endfacet
  facet normal 0.332354799479658 0.9431544344712779 0
    outer loop
      vertex -1.094651960288331 -9.347302572691277 4.99
      vertex -1.5591434931707173 -9.183622071779816 6.181532510892707
      vertex -1.094651960288331 -9.347302572691277 6.181532510892707
    endloop
  endfacet
  facet normal 0.21393308320649645 0.9768483177596009 0
    outer loop
      vertex -0.6135666195147409 -9.452661888325038 4.99
      vertex -1.094651960288331 -9.347302572691277 6.181532510892707
      vertex -0.6135666195147409 -9.452661888325038 6.181532510892707
    endloop
  endfacet
  facet normal 0.09226835946330333 0.9957341762950345 0
    outer loop
      vertex -0.12318023422468048 -9.498102878853464 4.99
      vertex -0.6135666195147409 -9.452661888325038 6.181532510892707
      vertex -0.12318023422468048 -9.498102878853464 6.181532510892707
    endloop
  endfacet
  facet normal 0.9324722294043561 0.361241666187152 0
    outer loop
      vertex -3.811768001708626 -6.712610696452174 4.99
      vertex -3.811768001708626 -6.712610696452174 6.181532510892707
      vertex -3.6338610872780945 -7.171841379547135 4.99
    endloop
  endfacet
  facet normal 0.9924205096719357 0.12288829066471414 0
    outer loop
      vertex -3.9924133149481764 -5.746243624535771 4.99
      vertex -3.9924133149481764 -5.746243624535771 6.181532510892707
      vertex -3.931892398735607 -6.234998071266282 4.99
    endloop
  endfacet
  facet normal 0.9697969360350094 0.24391372010837806 0
    outer loop
      vertex -3.811768001708626 -6.712610696452174 4.99
      vertex -3.931892398735607 -6.234998071266282 4.99
      vertex -3.931892398735607 -6.234998071266282 6.181532510892707
    endloop
  endfacet
  facet normal 1 0 0
    outer loop
      vertex -3.9924133149481764 -5.746243624535771 4.99
      vertex -3.9924133149481764 -5.253756375464229 4.99
      vertex -3.9924133149481764 -5.253756375464229 6.181532510892707
    endloop
  endfacet
  facet normal 0.9924205096719357 -0.12288829066471414 0
    outer loop
      vertex -3.9924133149481764 -5.253756375464229 4.99
      vertex -3.931892398735607 -4.765001928733718 4.99
      vertex -3.931892398735607 -4.765001928733718 6.181532510892707
    endloop
  endfacet
  facet normal 0.8810121942857844 0.4730935568360102 0
    outer loop
      vertex -3.4008685429184573 -7.6057286515094225 4.99
      vertex -3.6338610872780945 -7.171841379547135 4.99
      vertex -3.6338610872780945 -7.171841379547135 6.181532510892707
    endloop
  endfacet
  facet normal 0.8161969123562215 0.5777738314082514 0
    outer loop
      vertex -3.1163222981026824 -8.007695223576425 4.99
      vertex -3.4008685429184573 -7.6057286515094225 4.99
      vertex -3.4008685429184573 -7.6057286515094225 6.181532510892707
    endloop
  endfacet
  facet normal 0.7390089172206589 0.6736956436465574 0
    outer loop
      vertex -3.1163222981026824 -8.007695223576425 4.99
      vertex -3.1163222981026824 -8.007695223576425 6.181532510892707
      vertex -2.7845357838517066 -8.371647692257767 4.99
    endloop
  endfacet
  facet normal 0.6506183002042438 0.7594049166547057 0
    outer loop
      vertex -2.7845357838517066 -8.371647692257767 4.99
      vertex -2.7845357838517066 -8.371647692257767 6.181532510892707
      vertex -2.4105385455170256 -8.692068909120959 4.99
    endloop
  endfacet
  facet normal 0.9324722294043561 0.361241666187152 0
    outer loop
      vertex -3.6338610872780945 -7.171841379547135 4.99
      vertex -3.811768001708626 -6.712610696452174 6.181532510892707
      vertex -3.6338610872780945 -7.171841379547135 6.181532510892707
    endloop
  endfacet
  facet normal 0.9697969360350094 0.24391372010837806 0
    outer loop
      vertex -3.811768001708626 -6.712610696452174 4.99
      vertex -3.931892398735607 -6.234998071266282 6.181532510892707
      vertex -3.811768001708626 -6.712610696452174 6.181532510892707
    endloop
  endfacet
  facet normal 0.9924205096719357 0.12288829066471414 0
    outer loop
      vertex -3.931892398735607 -6.234998071266282 4.99
      vertex -3.9924133149481764 -5.746243624535771 6.181532510892707
      vertex -3.931892398735607 -6.234998071266282 6.181532510892707
    endloop
  endfacet
  facet normal 1 0 0
    outer loop
      vertex -3.9924133149481764 -5.746243624535771 4.99
      vertex -3.9924133149481764 -5.253756375464229 6.181532510892707
      vertex -3.9924133149481764 -5.746243624535771 6.181532510892707
    endloop
  endfacet
  facet normal 0.9924205096719357 -0.12288829066471414 0
    outer loop
      vertex -3.9924133149481764 -5.253756375464229 4.99
      vertex -3.931892398735607 -4.765001928733718 6.181532510892707
      vertex -3.9924133149481764 -5.253756375464229 6.181532510892707
    endloop
  endfacet
  facet normal 0.9697969360350094 -0.24391372010837806 0
    outer loop
      vertex -3.931892398735607 -4.765001928733718 4.99
      vertex -3.811768001708626 -4.287389303547826 6.181532510892707
      vertex -3.931892398735607 -4.765001928733718 6.181532510892707
    endloop
  endfacet
  facet normal 0.8810121942857844 0.4730935568360102 0
    outer loop
      vertex -3.4008685429184573 -7.6057286515094225 4.99
      vertex -3.6338610872780945 -7.171841379547135 6.181532510892707
      vertex -3.4008685429184573 -7.6057286515094225 6.181532510892707
    endloop
  endfacet
  facet normal 0.8161969123562215 0.5777738314082514 0
    outer loop
      vertex -3.1163222981026824 -8.007695223576425 4.99
      vertex -3.4008685429184573 -7.6057286515094225 6.181532510892707
      vertex -3.1163222981026824 -8.007695223576425 6.181532510892707
    endloop
  endfacet
  facet normal 0.7390089172206589 0.6736956436465574 0
    outer loop
      vertex -2.7845357838517066 -8.371647692257767 4.99
      vertex -3.1163222981026824 -8.007695223576425 6.181532510892707
      vertex -2.7845357838517066 -8.371647692257767 6.181532510892707
    endloop
  endfacet
  facet normal 0.6506183002042438 0.7594049166547057 0
    outer loop
      vertex -2.4105385455170256 -8.692068909120959 4.99
      vertex -2.7845357838517066 -8.371647692257767 6.181532510892707
      vertex -2.4105385455170256 -8.692068909120959 6.181532510892707
    endloop
  endfacet
  facet normal 0.9697969360350094 -0.24391372010837806 0
    outer loop
      vertex -3.931892398735607 -4.765001928733718 4.99
      vertex -3.811768001708626 -4.287389303547826 4.99
      vertex -3.811768001708626 -4.287389303547826 6.181532510892707
    endloop
  endfacet
  facet normal 0.9324722294043561 -0.361241666187152 0
    outer loop
      vertex -3.811768001708626 -4.287389303547826 4.99
      vertex -3.6338610872780945 -3.8281586204528653 4.99
      vertex -3.6338610872780945 -3.8281586204528653 6.181532510892707
    endloop
  endfacet
  facet normal 0.8810121942857844 -0.4730935568360102 0
    outer loop
      vertex -3.6338610872780945 -3.8281586204528653 4.99
      vertex -3.4008685429184573 -3.3942713484905775 4.99
      vertex -3.4008685429184573 -3.3942713484905775 6.181532510892707
    endloop
  endfacet
  facet normal 0.8161969123562218 -0.577773831408251 0
    outer loop
      vertex -3.4008685429184573 -3.3942713484905775 4.99
      vertex -3.1163222981026824 -2.9923047764235746 4.99
      vertex -3.1163222981026824 -2.9923047764235746 6.181532510892707
    endloop
  endfacet
  facet normal 0.7390089172206589 -0.6736956436465574 0
    outer loop
      vertex -3.1163222981026824 -2.9923047764235746 4.99
      vertex -2.7845357838517066 -2.6283523077422326 4.99
      vertex -2.7845357838517066 -2.6283523077422326 6.181532510892707
    endloop
  endfacet
  facet normal 0.6506183002042424 -0.759404916654707 0
    outer loop
      vertex -2.7845357838517066 -2.6283523077422326 4.99
      vertex -2.4105385455170256 -2.307931090879042 4.99
      vertex -2.4105385455170256 -2.307931090879042 6.181532510892707
    endloop
  endfacet
  facet normal 0.9324722294043561 -0.361241666187152 0
    outer loop
      vertex -3.811768001708626 -4.287389303547826 4.99
      vertex -3.6338610872780945 -3.8281586204528653 6.181532510892707
      vertex -3.811768001708626 -4.287389303547826 6.181532510892707
    endloop
  endfacet
  facet normal 0.8810121942857844 -0.4730935568360102 0
    outer loop
      vertex -3.6338610872780945 -3.8281586204528653 4.99
      vertex -3.4008685429184573 -3.3942713484905775 6.181532510892707
      vertex -3.6338610872780945 -3.8281586204528653 6.181532510892707
    endloop
  endfacet
  facet normal 0.8161969123562218 -0.577773831408251 0
    outer loop
      vertex -3.4008685429184573 -3.3942713484905775 4.99
      vertex -3.1163222981026824 -2.9923047764235746 6.181532510892707
      vertex -3.4008685429184573 -3.3942713484905775 6.181532510892707
    endloop
  endfacet
  facet normal 0.7390089172206589 -0.6736956436465574 0
    outer loop
      vertex -3.1163222981026824 -2.9923047764235746 4.99
      vertex -2.7845357838517066 -2.6283523077422326 6.181532510892707
      vertex -3.1163222981026824 -2.9923047764235746 6.181532510892707
    endloop
  endfacet
  facet normal 0.6506183002042424 -0.759404916654707 0
    outer loop
      vertex -2.7845357838517066 -2.6283523077422326 4.99
      vertex -2.4105385455170256 -2.307931090879042 6.181532510892707
      vertex -2.7845357838517066 -2.6283523077422326 6.181532510892707
    endloop
  endfacet
  facet normal 0.552364972960503 0.8336023852211214 0
    outer loop
      vertex -2.4105385455170256 -8.692068909120959 4.99
      vertex -2.4105385455170256 -8.692068909120959 6.181532510892707
      vertex -2 -8.964101615137753 4.99
    endloop
  endfacet
  facet normal 0.44573835577654175 0.8951632913550607 0
    outer loop
      vertex -1.5591434931707173 -9.183622071779816 4.99
      vertex -2 -8.964101615137753 4.99
      vertex -2 -8.964101615137753 6.181532510892707
    endloop
  endfacet
  facet normal 0.552364972960503 0.8336023852211214 0
    outer loop
      vertex -2 -8.964101615137753 4.99
      vertex -2.4105385455170256 -8.692068909120959 6.181532510892707
      vertex -2 -8.964101615137753 6.181532510892707
    endloop
  endfacet
  facet normal 0.44573835577654175 0.8951632913550607 0
    outer loop
      vertex -1.5591434931707173 -9.183622071779816 4.99
      vertex -2 -8.964101615137753 6.181532510892707
      vertex -1.5591434931707173 -9.183622071779816 6.181532510892707
    endloop
  endfacet
  facet normal 0.5523649729605055 -0.8336023852211196 0
    outer loop
      vertex -2.4105385455170256 -2.307931090879042 4.99
      vertex -2 -2.0358983848622456 4.99
      vertex -2 -2.0358983848622456 6.181532510892707
    endloop
  endfacet
  facet normal 0.4457383557765388 -0.895163291355062 0
    outer loop
      vertex -2 -2.0358983848622456 4.99
      vertex -1.5591434931707173 -1.8163779282201853 4.99
      vertex -1.5591434931707173 -1.8163779282201853 6.181532510892707
    endloop
  endfacet
  facet normal 0.3323547994796596 -0.9431544344712774 0
    outer loop
      vertex -1.5591434931707173 -1.8163779282201853 4.99
      vertex -1.094651960288331 -1.6526974273087234 4.99
      vertex -1.094651960288331 -1.6526974273087234 6.181532510892707
    endloop
  endfacet
  facet normal 0.21393308320649682 -0.9768483177596008 0
    outer loop
      vertex -1.094651960288331 -1.6526974273087234 4.99
      vertex -0.6135666195147417 -1.5473381116749625 4.99
      vertex -0.6135666195147417 -1.5473381116749625 6.181532510892707
    endloop
  endfacet
  facet normal 0.09226835946330247 -0.9957341762950345 0
    outer loop
      vertex -0.6135666195147417 -1.5473381116749625 4.99
      vertex -0.12318023422468147 -1.5018971211465364 4.99
      vertex -0.12318023422468147 -1.5018971211465364 6.181532510892707
    endloop
  endfacet
  facet normal 0.5523649729605055 -0.8336023852211196 0
    outer loop
      vertex -2.4105385455170256 -2.307931090879042 4.99
      vertex -2 -2.0358983848622456 6.181532510892707
      vertex -2.4105385455170256 -2.307931090879042 6.181532510892707
    endloop
  endfacet
  facet normal 0.4457383557765388 -0.895163291355062 0
    outer loop
      vertex -2 -2.0358983848622456 4.99
      vertex -1.5591434931707173 -1.8163779282201853 6.181532510892707
      vertex -2 -2.0358983848622456 6.181532510892707
    endloop
  endfacet
  facet normal 0.3323547994796596 -0.9431544344712774 0
    outer loop
      vertex -1.5591434931707173 -1.8163779282201853 4.99
      vertex -1.094651960288331 -1.6526974273087234 6.181532510892707
      vertex -1.5591434931707173 -1.8163779282201853 6.181532510892707
    endloop
  endfacet
  facet normal 0.21393308320649682 -0.9768483177596008 0
    outer loop
      vertex -1.094651960288331 -1.6526974273087234 4.99
      vertex -0.6135666195147417 -1.5473381116749625 6.181532510892707
      vertex -1.094651960288331 -1.6526974273087234 6.181532510892707
    endloop
  endfacet
  facet normal 0.09226835946330247 -0.9957341762950345 0
    outer loop
      vertex -0.6135666195147417 -1.5473381116749625 4.99
      vertex -0.12318023422468147 -1.5018971211465364 6.181532510892707
      vertex -0.6135666195147417 -1.5473381116749625 6.181532510892707
    endloop
  endfacet
  facet normal -0.030795058556173698 0.9995257197133658 0
    outer loop
      vertex -0.12318023422468048 -9.498102878853464 4.99
      vertex -0.12318023422468048 -9.498102878853464 6.181532510892707
      vertex 0.3690734378532091 -9.482936705180137 4.99
    endloop
  endfacet
  facet normal -0.15339165487868248 0.9881654720812599 0
    outer loop
      vertex 0.3690734378532091 -9.482936705180137 4.99
      vertex 0.3690734378532091 -9.482936705180137 6.181532510892707
      vertex 0.8557323328259911 -9.407393271038403 4.99
    endloop
  endfacet
  facet normal -0.2736629900720835 0.9618256431728189 0
    outer loop
      vertex 0.8557323328259911 -9.407393271038403 4.99
      vertex 0.8557323328259911 -9.407393271038403 6.181532510892707
      vertex 1.3294191979186403 -9.27261773788511 4.99
    endloop
  endfacet
  facet normal -0.3897858732926813 0.9209055179449527 0
    outer loop
      vertex 1.3294191979186403 -9.27261773788511 4.99
      vertex 1.3294191979186403 -9.27261773788511 6.181532510892707
      vertex 1.7829534231061548 -9.080653165420248 4.99
    endloop
  endfacet
  facet normal -0.030795058556173698 0.9995257197133658 0
    outer loop
      vertex -0.12318023422468048 -9.498102878853464 6.181532510892707
      vertex 0.3690734378532091 -9.482936705180137 6.181532510892707
      vertex 0.3690734378532091 -9.482936705180137 4.99
    endloop
  endfacet
  facet normal -0.15339165487868248 0.9881654720812599 0
    outer loop
      vertex 0.8557323328259911 -9.407393271038403 4.99
      vertex 0.3690734378532091 -9.482936705180137 6.181532510892707
      vertex 0.8557323328259911 -9.407393271038403 6.181532510892707
    endloop
  endfacet
  facet normal -0.2736629900720835 0.9618256431728189 0
    outer loop
      vertex 1.3294191979186403 -9.27261773788511 4.99
      vertex 0.8557323328259911 -9.407393271038403 6.181532510892707
      vertex 1.3294191979186403 -9.27261773788511 6.181532510892707
    endloop
  endfacet
  facet normal -0.3897858732926813 0.9209055179449527 0
    outer loop
      vertex 1.3294191979186403 -9.27261773788511 6.181532510892707
      vertex 1.7829534231061548 -9.080653165420248 6.181532510892707
      vertex 1.7829534231061548 -9.080653165420248 4.99
    endloop
  endfacet
  facet normal -0.49999999999999867 0.8660254037844396 0
    outer loop
      vertex 1.7829534231061548 -9.080653165420248 4.99
      vertex 1.7829534231061548 -9.080653165420248 6.181532510892707
      vertex 2.209459891842022 -8.83440954088448 4.99
    endloop
  endfacet
  facet normal -0.6026346363792575 0.7980172272802386 0
    outer loop
      vertex 2.209459891842022 -8.83440954088448 4.99
      vertex 2.209459891842022 -8.83440954088448 6.181532510892707
      vertex 2.6024732008169673 -8.537619666618829 4.99
    endloop
  endfacet
  facet normal -0.49999999999999867 0.8660254037844396 0
    outer loop
      vertex 2.209459891842022 -8.83440954088448 4.99
      vertex 1.7829534231061548 -9.080653165420248 6.181532510892707
      vertex 2.209459891842022 -8.83440954088448 6.181532510892707
    endloop
  endfacet
  facet normal -0.030795058556171 -0.999525719713366 0
    outer loop
      vertex -0.12318023422468147 -1.5018971211465364 4.99
      vertex 0.3690734378532081 -1.5170632948198621 4.99
      vertex 0.3690734378532081 -1.5170632948198621 6.181532510892707
    endloop
  endfacet
  facet normal -0.15339165487868514 -0.9881654720812595 0
    outer loop
      vertex 0.3690734378532081 -1.5170632948198621 4.99
      vertex 0.8557323328259901 -1.5926067289615973 4.99
      vertex 0.8557323328259901 -1.5926067289615973 6.181532510892707
    endloop
  endfacet
  facet normal -0.2736629900720832 -0.961825643172819 0
    outer loop
      vertex 0.8557323328259901 -1.5926067289615973 4.99
      vertex 1.3294191979186383 -1.7273822621148902 4.99
      vertex 1.3294191979186383 -1.7273822621148902 6.181532510892707
    endloop
  endfacet
  facet normal -0.389785873292679 -0.9209055179449538 0
    outer loop
      vertex 1.3294191979186383 -1.7273822621148902 4.99
      vertex 1.7829534231061528 -1.9193468345797506 4.99
      vertex 1.7829534231061528 -1.9193468345797506 6.181532510892707
    endloop
  endfacet
  facet normal -0.4999999999999997 -0.8660254037844388 0
    outer loop
      vertex 1.7829534231061528 -1.9193468345797506 4.99
      vertex 2.209459891842023 -2.165590459115522 4.99
      vertex 2.209459891842023 -2.165590459115522 6.181532510892707
    endloop
  endfacet
  facet normal -0.030795058556171 -0.999525719713366 0
    outer loop
      vertex -0.12318023422468147 -1.5018971211465364 4.99
      vertex 0.3690734378532081 -1.5170632948198621 6.181532510892707
      vertex -0.12318023422468147 -1.5018971211465364 6.181532510892707
    endloop
  endfacet
  facet normal -0.15339165487868514 -0.9881654720812595 0
    outer loop
      vertex 0.3690734378532081 -1.5170632948198621 4.99
      vertex 0.8557323328259901 -1.5926067289615973 6.181532510892707
      vertex 0.3690734378532081 -1.5170632948198621 6.181532510892707
    endloop
  endfacet
  facet normal -0.2736629900720832 -0.961825643172819 0
    outer loop
      vertex 0.8557323328259901 -1.5926067289615973 4.99
      vertex 1.3294191979186383 -1.7273822621148902 6.181532510892707
      vertex 0.8557323328259901 -1.5926067289615973 6.181532510892707
    endloop
  endfacet
  facet normal -0.389785873292679 -0.9209055179449538 0
    outer loop
      vertex 1.3294191979186383 -1.7273822621148902 4.99
      vertex 1.7829534231061528 -1.9193468345797506 6.181532510892707
      vertex 1.3294191979186383 -1.7273822621148902 6.181532510892707
    endloop
  endfacet
  facet normal -0.4999999999999997 -0.8660254037844388 0
    outer loop
      vertex 1.7829534231061528 -1.9193468345797506 4.99
      vertex 2.209459891842023 -2.165590459115522 6.181532510892707
      vertex 1.7829534231061528 -1.9193468345797506 6.181532510892707
    endloop
  endfacet
  facet normal -0.6026346363792568 -0.7980172272802392 0
    outer loop
      vertex 2.209459891842023 -2.165590459115522 4.99
      vertex 2.602473200816968 -2.4623803333811716 6.181532510892707
      vertex 2.209459891842023 -2.165590459115522 6.181532510892707
    endloop
  endfacet
  facet normal -0.6961339459629263 0.7179119230644421 0
    outer loop
      vertex 2.6024732008169673 -8.537619666618829 4.99
      vertex 2.6024732008169673 -8.537619666618829 6.181532510892707
      vertex 2.9560356688826355 -8.19478257458623 4.99
    endloop
  endfacet
  facet normal -0.7790805745256697 0.6269238058941073 0
    outer loop
      vertex 2.9560356688826355 -8.19478257458623 4.99
      vertex 2.9560356688826355 -8.19478257458623 6.181532510892707
      vertex 3.2647876494248864 -7.811095325633005 4.99
    endloop
  endfacet
  facet normal -0.8502171357296143 0.5264321628773554 0
    outer loop
      vertex 3.2647876494248864 -7.811095325633005 4.99
      vertex 3.2647876494248864 -7.811095325633005 6.181532510892707
      vertex 3.5240487771431375 -7.392374227344041 4.99
    endloop
  endfacet
  facet normal -0.9084652718195235 0.41796034488678396 0
    outer loop
      vertex 3.5240487771431375 -7.392374227344041 4.99
      vertex 3.5240487771431375 -7.392374227344041 6.181532510892707
      vertex 3.729888917617423 -6.944966664748613 4.99
    endloop
  endfacet
  facet normal -0.9529420004271564 0.3031526741130441 0
    outer loop
      vertex 3.729888917617423 -6.944966664748613 4.99
      vertex 3.729888917617423 -6.944966664748613 6.181532510892707
      vertex 3.879187744140038 -6.475654880433509 4.99
    endloop
  endfacet
  facet normal -0.9829730996839019 0.18374951781657 0
    outer loop
      vertex 3.879187744140038 -6.475654880433509 4.99
      vertex 3.879187744140038 -6.475654880433509 6.181532510892707
      vertex 3.969682038687743 -5.991553162658857 4.99
    endloop
  endfacet
  facet normal -0.9981033287370442 0.061560906133943 0
    outer loop
      vertex 3.969682038687743 -5.991553162658857 4.99
      vertex 3.969682038687743 -5.991553162658857 6.181532510892707
      vertex 4 -5.5 4.99
    endloop
  endfacet
  facet normal -0.9829730996839019 -0.18374951781657 0
    outer loop
      vertex 3.969682038687743 -5.008446837341143 4.99
      vertex 3.969682038687743 -5.008446837341143 6.181532510892707
      vertex 3.879187744140038 -4.524345119566491 4.99
    endloop
  endfacet
  facet normal -0.9981033287370442 -0.061560906133943 0
    outer loop
      vertex 4 -5.5 4.99
      vertex 4 -5.5 6.181532510892707
      vertex 3.969682038687743 -5.008446837341143 4.99
    endloop
  endfacet
  facet normal -0.6026346363792575 0.7980172272802386 0
    outer loop
      vertex 2.6024732008169673 -8.537619666618829 4.99
      vertex 2.209459891842022 -8.83440954088448 6.181532510892707
      vertex 2.6024732008169673 -8.537619666618829 6.181532510892707
    endloop
  endfacet
  facet normal -0.6961339459629263 0.7179119230644421 0
    outer loop
      vertex 2.9560356688826355 -8.19478257458623 4.99
      vertex 2.6024732008169673 -8.537619666618829 6.181532510892707
      vertex 2.9560356688826355 -8.19478257458623 6.181532510892707
    endloop
  endfacet
  facet normal -0.7790805745256697 0.6269238058941073 0
    outer loop
      vertex 3.2647876494248864 -7.811095325633005 4.99
      vertex 2.9560356688826355 -8.19478257458623 6.181532510892707
      vertex 3.2647876494248864 -7.811095325633005 6.181532510892707
    endloop
  endfacet
  facet normal -0.8502171357296143 0.5264321628773554 0
    outer loop
      vertex 3.5240487771431375 -7.392374227344041 4.99
      vertex 3.2647876494248864 -7.811095325633005 6.181532510892707
      vertex 3.5240487771431375 -7.392374227344041 6.181532510892707
    endloop
  endfacet
  facet normal -0.9084652718195235 0.41796034488678396 0
    outer loop
      vertex 3.729888917617423 -6.944966664748613 4.99
      vertex 3.5240487771431375 -7.392374227344041 6.181532510892707
      vertex 3.729888917617423 -6.944966664748613 6.181532510892707
    endloop
  endfacet
  facet normal -0.9529420004271564 0.3031526741130441 0
    outer loop
      vertex 3.879187744140038 -6.475654880433509 4.99
      vertex 3.729888917617423 -6.944966664748613 6.181532510892707
      vertex 3.879187744140038 -6.475654880433509 6.181532510892707
    endloop
  endfacet
  facet normal -0.9829730996839019 0.18374951781657 0
    outer loop
      vertex 3.969682038687743 -5.991553162658857 4.99
      vertex 3.879187744140038 -6.475654880433509 6.181532510892707
      vertex 3.969682038687743 -5.991553162658857 6.181532510892707
    endloop
  endfacet
  facet normal -0.9829730996839019 -0.18374951781657 0
    outer loop
      vertex 3.879187744140038 -4.524345119566491 4.99
      vertex 3.969682038687743 -5.008446837341143 6.181532510892707
      vertex 3.879187744140038 -4.524345119566491 6.181532510892707
    endloop
  endfacet
  facet normal -0.9981033287370442 0.061560906133943 0
    outer loop
      vertex 4 -5.5 4.99
      vertex 3.969682038687743 -5.991553162658857 6.181532510892707
      vertex 4 -5.5 6.181532510892707
    endloop
  endfacet
  facet normal -0.9981033287370442 -0.061560906133943 0
    outer loop
      vertex 3.969682038687743 -5.008446837341143 4.99
      vertex 4 -5.5 6.181532510892707
      vertex 3.969682038687743 -5.008446837341143 6.181532510892707
    endloop
  endfacet
  facet normal -0.6026346363792568 -0.7980172272802392 0
    outer loop
      vertex 2.209459891842023 -2.165590459115522 4.99
      vertex 2.602473200816968 -2.4623803333811716 4.99
      vertex 2.602473200816968 -2.4623803333811716 6.181532510892707
    endloop
  endfacet
  facet normal -0.6961339459629263 -0.7179119230644421 0
    outer loop
      vertex 2.602473200816968 -2.4623803333811716 4.99
      vertex 2.9560356688826364 -2.805217425413771 4.99
      vertex 2.9560356688826364 -2.805217425413771 6.181532510892707
    endloop
  endfacet
  facet normal -0.8502171357296143 -0.5264321628773554 0
    outer loop
      vertex 3.524048777143138 -3.6076257726559597 4.99
      vertex 3.524048777143138 -3.6076257726559597 6.181532510892707
      vertex 3.264787649424887 -3.1889046743669955 4.99
    endloop
  endfacet
  facet normal -0.9084652718195234 -0.4179603448867836 0
    outer loop
      vertex 3.524048777143138 -3.6076257726559597 4.99
      vertex 3.7298889176174232 -4.055033335251388 4.99
      vertex 3.7298889176174232 -4.055033335251388 6.181532510892707
    endloop
  endfacet
  facet normal -0.7790805745256701 -0.6269238058941068 0
    outer loop
      vertex 2.9560356688826364 -2.805217425413771 4.99
      vertex 3.264787649424887 -3.1889046743669955 4.99
      vertex 3.264787649424887 -3.1889046743669955 6.181532510892707
    endloop
  endfacet
  facet normal -0.9529420004271564 -0.30315267411304375 0
    outer loop
      vertex 3.7298889176174232 -4.055033335251388 4.99
      vertex 3.879187744140038 -4.524345119566491 4.99
      vertex 3.879187744140038 -4.524345119566491 6.181532510892707
    endloop
  endfacet
  facet normal -0.6961339459629263 -0.7179119230644421 0
    outer loop
      vertex 2.602473200816968 -2.4623803333811716 4.99
      vertex 2.9560356688826364 -2.805217425413771 6.181532510892707
      vertex 2.602473200816968 -2.4623803333811716 6.181532510892707
    endloop
  endfacet
  facet normal -0.9084652718195234 -0.4179603448867836 0
    outer loop
      vertex 3.524048777143138 -3.6076257726559597 4.99
      vertex 3.7298889176174232 -4.055033335251388 6.181532510892707
      vertex 3.524048777143138 -3.6076257726559597 6.181532510892707
    endloop
  endfacet
  facet normal -0.7790805745256701 -0.6269238058941068 0
    outer loop
      vertex 2.9560356688826364 -2.805217425413771 4.99
      vertex 3.264787649424887 -3.1889046743669955 6.181532510892707
      vertex 2.9560356688826364 -2.805217425413771 6.181532510892707
    endloop
  endfacet
  facet normal -0.8502171357296143 -0.5264321628773554 0
    outer loop
      vertex 3.264787649424887 -3.1889046743669955 4.99
      vertex 3.524048777143138 -3.6076257726559597 6.181532510892707
      vertex 3.264787649424887 -3.1889046743669955 6.181532510892707
    endloop
  endfacet
  facet normal -0.9529420004271564 -0.30315267411304375 0
    outer loop
      vertex 3.7298889176174232 -4.055033335251388 4.99
      vertex 3.879187744140038 -4.524345119566491 6.181532510892707
      vertex 3.7298889176174232 -4.055033335251388 6.181532510892707
    endloop
  endfacet
  facet normal 1 0 0
    outer loop
      vertex -5 -36.496700181165025 0
      vertex -5 -35.496700181165025 0
      vertex -5 -35.496700181165025 0.010000000000000009
    endloop
  endfacet
  facet normal 1 0 0
    outer loop
      vertex -5 -36.496700181165025 0
      vertex -5 -35.496700181165025 0.010000000000000009
      vertex -5 -34.89670018116503 3.9400000000000004
    endloop
  endfacet
  facet normal 1 0 0
    outer loop
      vertex -5 -34.89670018116503 3.9400000000000004
      vertex -5 -35.496700181165025 0.010000000000000009
      vertex -5 -34.89670018116503 0.010000000000000009
    endloop
  endfacet
  facet normal 1 0 0
    outer loop
      vertex -5 -36.496700181165025 0
      vertex -5 -34.89670018116503 3.9400000000000004
      vertex -5 -36.496700181165025 3.9400000000000004
    endloop
  endfacet
  facet normal 0 0 -1
    outer loop
      vertex -5 -36.496700181165025 3.9400000000000004
      vertex -5 -34.89670018116503 3.9400000000000004
      vertex 5 -36.496700181165025 3.9400000000000004
    endloop
  endfacet
  facet normal -1 0 0
    outer loop
      vertex 5 -36.496700181165025 0
      vertex 5 -35.496700181165025 0.010000000000000009
      vertex 5 -35.496700181165025 0
    endloop
  endfacet
  facet normal -1 0 0
    outer loop
      vertex 5 -36.496700181165025 0
      vertex 5 -34.89670018116503 3.9400000000000004
      vertex 5 -35.496700181165025 0.010000000000000009
    endloop
  endfacet
  facet normal -1 0 0
    outer loop
      vertex 5 -34.89670018116503 3.9400000000000004
      vertex 5 -34.89670018116503 0.010000000000000009
      vertex 5 -35.496700181165025 0.010000000000000009
    endloop
  endfacet
  facet normal 0 0 -1
    outer loop
      vertex -5 -34.89670018116503 3.9400000000000004
      vertex 5 -34.89670018116503 3.9400000000000004
      vertex 5 -36.496700181165025 3.9400000000000004
    endloop
  endfacet
  facet normal -1 0 0
    outer loop
      vertex 5 -36.496700181165025 0
      vertex 5 -36.496700181165025 3.9400000000000004
      vertex 5 -34.89670018116503 3.9400000000000004
    endloop
  endfacet
  facet normal 1 0 0
    outer loop
      vertex -5 -35.496700181165025 -1.99
      vertex -5 -34.89670018116503 -1.99
      vertex -5 -35.496700181165025 0
    endloop
  endfacet
  facet normal 1 0 0
    outer loop
      vertex -5 -34.89670018116503 -1.99
      vertex -5 -35.496700181165025 0.010000000000000009
      vertex -5 -35.496700181165025 0
    endloop
  endfacet
  facet normal 1 0 0
    outer loop
      vertex -5 -35.496700181165025 0.010000000000000009
      vertex -5 -34.89670018116503 -1.99
      vertex -5 -34.89670018116503 0.010000000000000009
    endloop
  endfacet
  facet normal -1 0 0
    outer loop
      vertex 5 -35.496700181165025 -1.99
      vertex 5 -34.89670018116503 0.010000000000000009
      vertex 5 -34.89670018116503 -1.99
    endloop
  endfacet
  facet normal -1 0 0
    outer loop
      vertex 5 -35.496700181165025 -1.99
      vertex 5 -35.496700181165025 0
      vertex 5 -34.89670018116503 0.010000000000000009
    endloop
  endfacet
  facet normal -1 0 0
    outer loop
      vertex 5 -35.496700181165025 0
      vertex 5 -35.496700181165025 0.010000000000000009
      vertex 5 -34.89670018116503 0.010000000000000009
    endloop
  endfacet
  facet normal 1 0 0
    outer loop
      vertex -17.9 -10.75 0
      vertex -17.9 -5.25 0
      vertex -17.9 -5.25 0.010000000000000009
    endloop
  endfacet
  facet normal 0 1 0
    outer loop
      vertex -14.386810403597309 -10.75 4.99
      vertex -14.386810403597309 -10.75 0.010000000000000009
      vertex -17.9 -10.75 0.010000000000000009
    endloop
  endfacet
  facet normal 1 0 0
    outer loop
      vertex -17.9 -5.25 4.99
      vertex -17.9 -10.75 0.010000000000000009
      vertex -17.9 -10.75 0
    endloop
  endfacet
  facet normal 1 0 0
    outer loop
      vertex -17.9 -5.25 4.99
      vertex -17.9 -10.75 0
      vertex -17.9 -5.25 0.010000000000000009
    endloop
  endfacet
  facet normal 0 -1 0
    outer loop
      vertex -17.9 -5.25 4.99
      vertex -17.9 -5.25 0.010000000000000009
      vertex -14.386810403597309 -5.25 0.010000000000000009
    endloop
  endfacet
  facet normal 0 1 0
    outer loop
      vertex -17.9 -10.75 4.99
      vertex -14.386810403597309 -10.75 4.99
      vertex -17.9 -10.75 0.010000000000000009
    endloop
  endfacet
  facet normal 1 0 0
    outer loop
      vertex -17.9 -10.75 4.99
      vertex -17.9 -10.75 0.010000000000000009
      vertex -17.9 -5.25 4.99
    endloop
  endfacet
  facet normal 0 -1 0
    outer loop
      vertex -17.9 -5.25 4.99
      vertex -14.386810403597309 -5.25 0.010000000000000009
      vertex -14.386810403597309 -5.25 4.99
    endloop
  endfacet
  facet normal 0 0 -1
    outer loop
      vertex -17.9 -10.75 4.99
      vertex -17.9 -5.25 4.99
      vertex -14.386810403597309 -10.75 4.99
    endloop
  endfacet
  facet normal 0 0 -1
    outer loop
      vertex -17.9 -5.25 4.99
      vertex -14.319201592168831 -9.939140772159863 4.99
      vertex -14.386810403597309 -10.75 4.99
    endloop
  endfacet
  facet normal 0 0 -1
    outer loop
      vertex -17.9 -5.25 4.99
      vertex -14.386810403597309 -5.25 4.99
      vertex -14.319201592168831 -9.939140772159863 4.99
    endloop
  endfacet
  facet normal 0 1 0
    outer loop
      vertex -14.386810403597309 -10.75 -1.99
      vertex -17.9 -10.75 -1.99
      vertex -14.386810403597309 -10.75 0.010000000000000009
    endloop
  endfacet
  facet normal 0 1 0
    outer loop
      vertex -17.9 -10.75 0
      vertex -14.386810403597309 -10.75 0.010000000000000009
      vertex -17.9 -10.75 -1.99
    endloop
  endfacet
  facet normal 0 1 0
    outer loop
      vertex -14.386810403597309 -10.75 0.010000000000000009
      vertex -17.9 -10.75 0
      vertex -17.9 -10.75 0.010000000000000009
    endloop
  endfacet
  facet normal 1 0 0
    outer loop
      vertex -17.9 -10.75 -1.99
      vertex -17.9 -5.25 -1.99
      vertex -17.9 -5.25 0
    endloop
  endfacet
  facet normal 0 -1 0
    outer loop
      vertex -14.386810403597309 -5.25 -1.99
      vertex -14.386810403597309 -5.25 0
      vertex -17.9 -5.25 -1.99
    endloop
  endfacet
  facet normal 1 0 0
    outer loop
      vertex -17.9 -10.75 -1.99
      vertex -17.9 -5.25 0
      vertex -17.9 -10.75 0
    endloop
  endfacet
  facet normal 0 -1 0
    outer loop
      vertex -17.9 -5.25 -1.99
      vertex -14.386810403597309 -5.25 0.010000000000000009
      vertex -17.9 -5.25 0
    endloop
  endfacet
  facet normal 0 -1 0
    outer loop
      vertex -17.9 -5.25 -1.99
      vertex -14.386810403597309 -5.25 0
      vertex -14.386810403597309 -5.25 0.010000000000000009
    endloop
  endfacet
  facet normal 0 -1 0
    outer loop
      vertex -14.386810403597309 -5.25 0.010000000000000009
      vertex -17.9 -5.25 0.010000000000000009
      vertex -17.9 -5.25 0
    endloop
  endfacet
  facet normal -1 0 0
    outer loop
      vertex -12.5 23.299999999999997 2.1900000000000004
      vertex -12.5 23.299999999999997 4.99
      vertex -12.5 25.299999999999997 2.1900000000000004
    endloop
  endfacet
  facet normal 0 0 -1
    outer loop
      vertex -12.5 23.299999999999997 2.1900000000000004
      vertex -12.5 25.299999999999997 2.1900000000000004
      vertex -6.5 25.299999999999997 2.1900000000000004
    endloop
  endfacet
  facet normal 0 1 0
    outer loop
      vertex -12.5 25.299999999999997 2.1900000000000004
      vertex -12.5 25.299999999999997 4.99
      vertex -6.5 25.299999999999997 2.1900000000000004
    endloop
  endfacet
  facet normal -1 0 0
    outer loop
      vertex -12.5 25.299999999999997 2.1900000000000004
      vertex -12.5 23.299999999999997 4.99
      vertex -12.5 25.299999999999997 4.99
    endloop
  endfacet
  facet normal 0 -1 0
    outer loop
      vertex -12.5 23.299999999999997 2.1900000000000004
      vertex -6.5 23.299999999999997 4.99
      vertex -12.5 23.299999999999997 4.99
    endloop
  endfacet
  facet normal -1 0 0
    outer loop
      vertex -12.5 23.299999999999997 6.181532510892707
      vertex -12.5 23.299999999999997 6.19
      vertex -12.5 25.299999999999997 6.181532510892707
    endloop
  endfacet
  facet normal -1 0 0
    outer loop
      vertex -12.5 23.299999999999997 6.19
      vertex -12.5 25.299999999999997 6.19
      vertex -12.5 25.299999999999997 6.181532510892707
    endloop
  endfacet
  facet normal 0 -1 0
    outer loop
      vertex -12.5 23.299999999999997 6.181532510892707
      vertex -6.5 23.299999999999997 6.19
      vertex -12.5 23.299999999999997 6.19
    endloop
  endfacet
  facet normal 0 0 1
    outer loop
      vertex -12.5 23.299999999999997 6.19
      vertex -6.5 23.299999999999997 6.19
      vertex -12.5 25.299999999999997 6.19
    endloop
  endfacet
  facet normal 0 1 0
    outer loop
      vertex -12.5 25.299999999999997 6.181532510892707
      vertex -12.5 25.299999999999997 6.19
      vertex -6.5 25.299999999999997 6.181532510892707
    endloop
  endfacet
  facet normal 0 0 -1
    outer loop
      vertex -12.5 23.299999999999997 2.1900000000000004
      vertex -6.5 25.299999999999997 2.1900000000000004
      vertex -6.5 23.299999999999997 2.1900000000000004
    endloop
  endfacet
  facet normal 0 -1 0
    outer loop
      vertex -12.5 23.299999999999997 2.1900000000000004
      vertex -6.5 23.299999999999997 2.1900000000000004
      vertex -6.5 23.299999999999997 4.99
    endloop
  endfacet
  facet normal 1 0 0
    outer loop
      vertex -6.5 23.299999999999997 2.1900000000000004
      vertex -6.5 25.299999999999997 2.1900000000000004
      vertex -6.5 25.299999999999997 4.99
    endloop
  endfacet
  facet normal 0 1 0
    outer loop
      vertex -6.5 25.299999999999997 2.1900000000000004
      vertex -12.5 25.299999999999997 4.99
      vertex -6.5 25.299999999999997 4.99
    endloop
  endfacet
  facet normal 1 0 0
    outer loop
      vertex -6.5 23.299999999999997 2.1900000000000004
      vertex -6.5 25.299999999999997 4.99
      vertex -6.5 23.299999999999997 4.99
    endloop
  endfacet
  facet normal 0 -1 0
    outer loop
      vertex -12.5 23.299999999999997 6.181532510892707
      vertex -6.5 23.299999999999997 6.181532510892707
      vertex -6.5 23.299999999999997 6.19
    endloop
  endfacet
  facet normal 0 0 1
    outer loop
      vertex -12.5 25.299999999999997 6.19
      vertex -6.5 23.299999999999997 6.19
      vertex -6.5 25.299999999999997 6.19
    endloop
  endfacet
  facet normal 0 1 0
    outer loop
      vertex -12.5 25.299999999999997 6.19
      vertex -6.5 25.299999999999997 6.19
      vertex -6.5 25.299999999999997 6.181532510892707
    endloop
  endfacet
  facet normal 1 0 0
    outer loop
      vertex -6.5 23.299999999999997 6.181532510892707
      vertex -6.5 25.299999999999997 6.19
      vertex -6.5 23.299999999999997 6.19
    endloop
  endfacet
  facet normal 1 0 0
    outer loop
      vertex -6.5 23.299999999999997 6.181532510892707
      vertex -6.5 25.299999999999997 6.181532510892707
      vertex -6.5 25.299999999999997 6.19
    endloop
  endfacet
  facet normal -1 0 0
    outer loop
      vertex 6.5 23.299999999999997 2.1900000000000004
      vertex 6.5 23.299999999999997 4.99
      vertex 6.5 25.299999999999997 2.1900000000000004
    endloop
  endfacet
  facet normal 0 0 -1
    outer loop
      vertex 6.5 23.299999999999997 2.1900000000000004
      vertex 6.5 25.299999999999997 2.1900000000000004
      vertex 12.5 25.299999999999997 2.1900000000000004
    endloop
  endfacet
  facet normal 0 1 0
    outer loop
      vertex 6.5 25.299999999999997 2.1900000000000004
      vertex 6.5 25.299999999999997 4.99
      vertex 12.5 25.299999999999997 2.1900000000000004
    endloop
  endfacet
  facet normal -1 0 0
    outer loop
      vertex 6.5 25.299999999999997 2.1900000000000004
      vertex 6.5 23.299999999999997 4.99
      vertex 6.5 25.299999999999997 4.99
    endloop
  endfacet
  facet normal 0 -1 0
    outer loop
      vertex 6.5 23.299999999999997 2.1900000000000004
      vertex 12.5 23.299999999999997 4.99
      vertex 6.5 23.299999999999997 4.99
    endloop
  endfacet
  facet normal -1 0 0
    outer loop
      vertex 6.5 23.299999999999997 6.181532510892707
      vertex 6.5 23.299999999999997 6.19
      vertex 6.5 25.299999999999997 6.181532510892707
    endloop
  endfacet
  facet normal -1 0 0
    outer loop
      vertex 6.5 23.299999999999997 6.19
      vertex 6.5 25.299999999999997 6.19
      vertex 6.5 25.299999999999997 6.181532510892707
    endloop
  endfacet
  facet normal 0 -1 0
    outer loop
      vertex 6.5 23.299999999999997 6.181532510892707
      vertex 12.5 23.299999999999997 6.19
      vertex 6.5 23.299999999999997 6.19
    endloop
  endfacet
  facet normal 0 0 1
    outer loop
      vertex 6.5 23.299999999999997 6.19
      vertex 12.5 23.299999999999997 6.19
      vertex 6.5 25.299999999999997 6.19
    endloop
  endfacet
  facet normal 0 1 0
    outer loop
      vertex 6.5 25.299999999999997 6.181532510892707
      vertex 6.5 25.299999999999997 6.19
      vertex 12.5 25.299999999999997 6.181532510892707
    endloop
  endfacet
  facet normal 0 0 -1
    outer loop
      vertex 6.5 23.299999999999997 2.1900000000000004
      vertex 12.5 25.299999999999997 2.1900000000000004
      vertex 12.5 23.299999999999997 2.1900000000000004
    endloop
  endfacet
  facet normal 0 -1 0
    outer loop
      vertex 6.5 23.299999999999997 2.1900000000000004
      vertex 12.5 23.299999999999997 2.1900000000000004
      vertex 12.5 23.299999999999997 4.99
    endloop
  endfacet
  facet normal 1 0 0
    outer loop
      vertex 12.5 23.299999999999997 2.1900000000000004
      vertex 12.5 25.299999999999997 2.1900000000000004
      vertex 12.5 25.299999999999997 4.99
    endloop
  endfacet
  facet normal 0 1 0
    outer loop
      vertex 12.5 25.299999999999997 2.1900000000000004
      vertex 6.5 25.299999999999997 4.99
      vertex 12.5 25.299999999999997 4.99
    endloop
  endfacet
  facet normal 1 0 0
    outer loop
      vertex 12.5 23.299999999999997 2.1900000000000004
      vertex 12.5 25.299999999999997 4.99
      vertex 12.5 23.299999999999997 4.99
    endloop
  endfacet
  facet normal 0 -1 0
    outer loop
      vertex 6.5 23.299999999999997 6.181532510892707
      vertex 12.5 23.299999999999997 6.181532510892707
      vertex 12.5 23.299999999999997 6.19
    endloop
  endfacet
  facet normal 0 0 1
    outer loop
      vertex 6.5 25.299999999999997 6.19
      vertex 12.5 23.299999999999997 6.19
      vertex 12.5 25.299999999999997 6.19
    endloop
  endfacet
  facet normal 0 1 0
    outer loop
      vertex 6.5 25.299999999999997 6.19
      vertex 12.5 25.299999999999997 6.19
      vertex 12.5 25.299999999999997 6.181532510892707
    endloop
  endfacet
  facet normal 1 0 0
    outer loop
      vertex 12.5 23.299999999999997 6.181532510892707
      vertex 12.5 25.299999999999997 6.19
      vertex 12.5 23.299999999999997 6.19
    endloop
  endfacet
  facet normal 1 0 0
    outer loop
      vertex 12.5 23.299999999999997 6.181532510892707
      vertex 12.5 25.299999999999997 6.181532510892707
      vertex 12.5 25.299999999999997 6.19
    endloop
  endfacet
  facet normal -1 0 0
    outer loop
      vertex -3 3.699999999999998 2.1900000000000004
      vertex -3 3.699999999999998 4.99
      vertex -3 5.6999999999999975 2.1900000000000004
    endloop
  endfacet
  facet normal 0 0 -1
    outer loop
      vertex -3 3.699999999999998 2.1900000000000004
      vertex -3 5.6999999999999975 2.1900000000000004
      vertex 3 5.6999999999999975 2.1900000000000004
    endloop
  endfacet
  facet normal 0 1 0
    outer loop
      vertex -3 5.6999999999999975 2.1900000000000004
      vertex -3 5.6999999999999975 4.99
      vertex 3 5.6999999999999975 2.1900000000000004
    endloop
  endfacet
  facet normal -1 0 0
    outer loop
      vertex -3 5.6999999999999975 2.1900000000000004
      vertex -3 3.699999999999998 4.99
      vertex -3 5.6999999999999975 4.99
    endloop
  endfacet
  facet normal 0 -1 0
    outer loop
      vertex -3 3.699999999999998 2.1900000000000004
      vertex 3 3.699999999999998 4.99
      vertex -3 3.699999999999998 4.99
    endloop
  endfacet
  facet normal -1 0 0
    outer loop
      vertex -3 3.699999999999998 6.181532510892707
      vertex -3 3.699999999999998 6.19
      vertex -3 5.6999999999999975 6.181532510892707
    endloop
  endfacet
  facet normal -1 0 0
    outer loop
      vertex -3 3.699999999999998 6.19
      vertex -3 5.6999999999999975 6.19
      vertex -3 5.6999999999999975 6.181532510892707
    endloop
  endfacet
  facet normal 0 -1 0
    outer loop
      vertex -3 3.699999999999998 6.181532510892707
      vertex 3 3.699999999999998 6.19
      vertex -3 3.699999999999998 6.19
    endloop
  endfacet
  facet normal 0 0 1
    outer loop
      vertex -3 3.699999999999998 6.19
      vertex 3 3.699999999999998 6.19
      vertex -3 5.6999999999999975 6.19
    endloop
  endfacet
  facet normal 0 1 0
    outer loop
      vertex -3 5.6999999999999975 6.181532510892707
      vertex -3 5.6999999999999975 6.19
      vertex 3 5.6999999999999975 6.181532510892707
    endloop
  endfacet
  facet normal 0 0 -1
    outer loop
      vertex -3 3.699999999999998 2.1900000000000004
      vertex 3 5.6999999999999975 2.1900000000000004
      vertex 3 3.699999999999998 2.1900000000000004
    endloop
  endfacet
  facet normal 0 -1 0
    outer loop
      vertex -3 3.699999999999998 2.1900000000000004
      vertex 3 3.699999999999998 2.1900000000000004
      vertex 3 3.699999999999998 4.99
    endloop
  endfacet
  facet normal 1 0 0
    outer loop
      vertex 3 3.699999999999998 2.1900000000000004
      vertex 3 5.6999999999999975 2.1900000000000004
      vertex 3 5.6999999999999975 4.99
    endloop
  endfacet
  facet normal 0 1 0
    outer loop
      vertex -3 5.6999999999999975 4.99
      vertex 3 5.6999999999999975 4.99
      vertex 3 5.6999999999999975 2.1900000000000004
    endloop
  endfacet
  facet normal 1 0 0
    outer loop
      vertex 3 3.699999999999998 2.1900000000000004
      vertex 3 5.6999999999999975 4.99
      vertex 3 3.699999999999998 4.99
    endloop
  endfacet
  facet normal 0 -1 0
    outer loop
      vertex -3 3.699999999999998 6.181532510892707
      vertex 3 3.699999999999998 6.181532510892707
      vertex 3 3.699999999999998 6.19
    endloop
  endfacet
  facet normal 0 0 1
    outer loop
      vertex -3 5.6999999999999975 6.19
      vertex 3 3.699999999999998 6.19
      vertex 3 5.6999999999999975 6.19
    endloop
  endfacet
  facet normal 0 1 0
    outer loop
      vertex -3 5.6999999999999975 6.19
      vertex 3 5.6999999999999975 6.19
      vertex 3 5.6999999999999975 6.181532510892707
    endloop
  endfacet
  facet normal 1 0 0
    outer loop
      vertex 3 3.699999999999998 6.181532510892707
      vertex 3 5.6999999999999975 6.19
      vertex 3 3.699999999999998 6.19
    endloop
  endfacet
  facet normal 1 0 0
    outer loop
      vertex 3 3.699999999999998 6.181532510892707
      vertex 3 5.6999999999999975 6.181532510892707
      vertex 3 5.6999999999999975 6.19
    endloop
  endfacet
  facet normal 0 0 -1
    outer loop
      vertex -14.077928646377076 -33.8099961786483 1.5999999999999996
      vertex -14.282219635161306 -33.36842844280595 1.5999999999999996
      vertex -14.218172400785651 -30.825 1.5999999999999996
    endloop
  endfacet
  facet normal 0 0 -1
    outer loop
      vertex -14.282219635161306 -33.36842844280595 1.5999999999999996
      vertex -14.386810403597309 -32.893267791453866 1.5999999999999996
      vertex -14.218172400785651 -30.825 1.5999999999999996
    endloop
  endfacet
  facet normal 0 0 -1
    outer loop
      vertex -14.077928646377076 -33.8099961786483 1.5999999999999996
      vertex -13.933226662889087 -30.418055312393363 1.5999999999999996
      vertex -13.783489856827046 -34.1973237824202 1.5999999999999996
    endloop
  endfacet
  facet normal 0 0 -1
    outer loop
      vertex -13.412670897065361 -34.512300245853005 1.5999999999999996
      vertex -13.783489856827046 -34.1973237824202 1.5999999999999996
      vertex -13.581944687606637 -30.066773337110913 1.5999999999999996
    endloop
  endfacet
  facet normal 0 0 -1
    outer loop
      vertex -13.412670897065361 -34.512300245853005 1.5999999999999996
      vertex -12.45 -33.462435565298215 1.5999999999999996
      vertex -12.982810849514808 -34.74019761958778 1.5999999999999996
    endloop
  endfacet
  facet normal 0 0 -1
    outer loop
      vertex -12.982810849514808 -34.74019761958778 1.5999999999999996
      vertex -12.45 -33.462435565298215 1.5999999999999996
      vertex -12.514009492243721 -34.87035967571843 1.5999999999999996
    endloop
  endfacet
  facet normal 0 0 -1
    outer loop
      vertex -12.514009492243721 -34.87035967571843 1.5999999999999996
      vertex -11.993107448733703 -33.62873085421709 1.5999999999999996
      vertex -12.02818745568281 -34.89670018116503 1.5999999999999996
    endloop
  endfacet
  facet normal 0 0 -1
    outer loop
      vertex -13.412670897065361 -34.512300245853005 1.5999999999999996
      vertex -13.065569669100272 -32.72882820065593 1.5999999999999996
      vertex -12.82246222036657 -33.149902653561156 1.5999999999999996
    endloop
  endfacet
  facet normal 0 0 -1
    outer loop
      vertex -13.412670897065361 -34.512300245853005 1.5999999999999996
      vertex -13.15 -32.25 1.5999999999999996
      vertex -13.065569669100272 -32.72882820065593 1.5999999999999996
    endloop
  endfacet
  facet normal 0 0 -1
    outer loop
      vertex -13.412670897065361 -34.512300245853005 1.5999999999999996
      vertex -12.82246222036657 -33.149902653561156 1.5999999999999996
      vertex -12.45 -33.462435565298215 1.5999999999999996
    endloop
  endfacet
  facet normal 0 0 -1
    outer loop
      vertex -13.412670897065361 -34.512300245853005 1.5999999999999996
      vertex -13.175 -29.78182759921435 1.5999999999999996
      vertex -13.15 -32.25 1.5999999999999996
    endloop
  endfacet
  facet normal 0 0 -1
    outer loop
      vertex -12.514009492243721 -34.87035967571843 1.5999999999999996
      vertex -12.45 -33.462435565298215 1.5999999999999996
      vertex -11.993107448733703 -33.62873085421709 1.5999999999999996
    endloop
  endfacet
  facet normal 0 0 -1
    outer loop
      vertex -14.386810403597309 -32.893267791453866 1.5999999999999996
      vertex -14.386810403597309 -31.186645364090513 1.5999999999999996
      vertex -14.218172400785651 -30.825 1.5999999999999996
    endloop
  endfacet
  facet normal 0 0 -1
    outer loop
      vertex -14.077928646377076 -33.8099961786483 1.5999999999999996
      vertex -14.218172400785651 -30.825 1.5999999999999996
      vertex -13.933226662889087 -30.418055312393363 1.5999999999999996
    endloop
  endfacet
  facet normal 0 0 -1
    outer loop
      vertex -13.783489856827046 -34.1973237824202 1.5999999999999996
      vertex -13.933226662889087 -30.418055312393363 1.5999999999999996
      vertex -13.581944687606637 -30.066773337110913 1.5999999999999996
    endloop
  endfacet
  facet normal 0 0 -1
    outer loop
      vertex -13.412670897065361 -34.512300245853005 1.5999999999999996
      vertex -13.581944687606637 -30.066773337110913 1.5999999999999996
      vertex -13.175 -29.78182759921435 1.5999999999999996
    endloop
  endfacet
  facet normal 0 0 -1
    outer loop
      vertex -13.15 -32.25 1.5999999999999996
      vertex -13.175 -29.78182759921435 1.5999999999999996
      vertex -13.065569669100272 -31.771171799344064 1.5999999999999996
    endloop
  endfacet
  facet normal 0 0 -1
    outer loop
      vertex -13.065569669100272 -31.771171799344064 1.5999999999999996
      vertex -12.724757408478157 -29.571876030760162 1.5999999999999996
      vertex -12.82246222036657 -31.350097346438844 1.5999999999999996
    endloop
  endfacet
  facet normal 0 0 -1
    outer loop
      vertex -13.065569669100272 -31.771171799344064 1.5999999999999996
      vertex -13.175 -29.78182759921435 1.5999999999999996
      vertex -12.724757408478157 -29.571876030760162 1.5999999999999996
    endloop
  endfacet
  facet normal 0 0 -1
    outer loop
      vertex -12.82246222036657 -31.350097346438844 1.5999999999999996
      vertex -12.724757408478157 -29.571876030760162 1.5999999999999996
      vertex -12.45 -31.037564434701785 1.5999999999999996
    endloop
  endfacet
  facet normal 0 0 -1
    outer loop
      vertex -12.45 -31.037564434701785 1.5999999999999996
      vertex -12.244897306350751 -29.44329790391521 1.5999999999999996
      vertex -11.993107448733703 -30.871269145782907 1.5999999999999996
    endloop
  endfacet
  facet normal 0 0 -1
    outer loop
      vertex -12.45 -31.037564434701785 1.5999999999999996
      vertex -12.724757408478157 -29.571876030760162 1.5999999999999996
      vertex -12.244897306350751 -29.44329790391521 1.5999999999999996
    endloop
  endfacet
  facet normal 0 0 -1
    outer loop
      vertex -12.02818745568281 -34.89670018116503 1.5999999999999996
      vertex -11.993107448733703 -33.62873085421709 1.5999999999999996
      vertex -10.707854060526788 -34.89670018116503 1.5999999999999996
    endloop
  endfacet
  facet normal 0 0 -1
    outer loop
      vertex -11.993107448733703 -33.62873085421709 1.5999999999999996
      vertex -11.506892551266297 -33.62873085421709 1.5999999999999996
      vertex -10.707854060526788 -34.89670018116503 1.5999999999999996
    endloop
  endfacet
  facet normal 0 0 -1
    outer loop
      vertex -11.506892551266297 -33.62873085421709 1.5999999999999996
      vertex -11.05 -33.462435565298215 1.5999999999999996
      vertex -10.707854060526788 -34.89670018116503 1.5999999999999996
    endloop
  endfacet
  facet normal 0 0 -1
    outer loop
      vertex -11.05 -33.462435565298215 1.5999999999999996
      vertex -10.67753777963343 -33.149902653561156 1.5999999999999996
      vertex -10.707854060526788 -34.89670018116503 1.5999999999999996
    endloop
  endfacet
  facet normal 0 0 -1
    outer loop
      vertex -10.707854060526788 -34.89670018116503 1.5999999999999996
      vertex -10.434430330899728 -32.72882820065593 1.5999999999999996
      vertex -10.325 -34.71817240078565 1.5999999999999996
    endloop
  endfacet
  facet normal 0 0 -1
    outer loop
      vertex -10.707854060526788 -34.89670018116503 1.5999999999999996
      vertex -10.67753777963343 -33.149902653561156 1.5999999999999996
      vertex -10.434430330899728 -32.72882820065593 1.5999999999999996
    endloop
  endfacet
  facet normal 0 0 -1
    outer loop
      vertex -10.325 -34.71817240078565 1.5999999999999996
      vertex -10.434430330899728 -32.72882820065593 1.5999999999999996
      vertex -10.35 -32.25 1.5999999999999996
    endloop
  endfacet
  facet normal 0 0 -1
    outer loop
      vertex -10.325 -34.71817240078565 1.5999999999999996
      vertex -9.918055312393363 -30.066773337110913 1.5999999999999996
      vertex -9.918055312393363 -34.43322666288909 1.5999999999999996
    endloop
  endfacet
  facet normal 0 0 -1
    outer loop
      vertex -10.325 -34.71817240078565 1.5999999999999996
      vertex -10.35 -32.25 1.5999999999999996
      vertex -10.325 -29.78182759921435 1.5999999999999996
    endloop
  endfacet
  facet normal 0 0 -1
    outer loop
      vertex -12.244897306350751 -29.44329790391521 1.5999999999999996
      vertex -11.75 -29.4 1.5999999999999996
      vertex -11.993107448733703 -30.871269145782907 1.5999999999999996
    endloop
  endfacet
  facet normal 0 0 -1
    outer loop
      vertex -11.993107448733703 -30.871269145782907 1.5999999999999996
      vertex -11.75 -29.4 1.5999999999999996
      vertex -11.506892551266297 -30.871269145782907 1.5999999999999996
    endloop
  endfacet
  facet normal 0 0 -1
    outer loop
      vertex -11.506892551266297 -30.871269145782907 1.5999999999999996
      vertex -11.75 -29.4 1.5999999999999996
      vertex -11.255102693649249 -29.44329790391521 1.5999999999999996
    endloop
  endfacet
  facet normal 0 0 -1
    outer loop
      vertex -11.506892551266297 -30.871269145782907 1.5999999999999996
      vertex -10.775242591521843 -29.571876030760162 1.5999999999999996
      vertex -11.05 -31.037564434701785 1.5999999999999996
    endloop
  endfacet
  facet normal 0 0 -1
    outer loop
      vertex -11.506892551266297 -30.871269145782907 1.5999999999999996
      vertex -11.255102693649249 -29.44329790391521 1.5999999999999996
      vertex -10.775242591521843 -29.571876030760162 1.5999999999999996
    endloop
  endfacet
  facet normal 0 0 -1
    outer loop
      vertex -10.35 -32.25 1.5999999999999996
      vertex -10.434430330899728 -31.771171799344064 1.5999999999999996
      vertex -10.325 -29.78182759921435 1.5999999999999996
    endloop
  endfacet
  facet normal 0 0 -1
    outer loop
      vertex -10.67753777963343 -31.350097346438844 1.5999999999999996
      vertex -10.325 -29.78182759921435 1.5999999999999996
      vertex -10.434430330899728 -31.771171799344064 1.5999999999999996
    endloop
  endfacet
  facet normal 0 0 -1
    outer loop
      vertex -11.05 -31.037564434701785 1.5999999999999996
      vertex -10.325 -29.78182759921435 1.5999999999999996
      vertex -10.67753777963343 -31.350097346438844 1.5999999999999996
    endloop
  endfacet
  facet normal 0 0 -1
    outer loop
      vertex -11.05 -31.037564434701785 1.5999999999999996
      vertex -10.775242591521843 -29.571876030760162 1.5999999999999996
      vertex -10.325 -29.78182759921435 1.5999999999999996
    endloop
  endfacet
  facet normal 0 0 -1
    outer loop
      vertex -10.325 -34.71817240078565 1.5999999999999996
      vertex -10.325 -29.78182759921435 1.5999999999999996
      vertex -9.918055312393363 -30.066773337110913 1.5999999999999996
    endloop
  endfacet
  facet normal 0 0 -1
    outer loop
      vertex -9.918055312393363 -34.43322666288909 1.5999999999999996
      vertex -9.918055312393363 -30.066773337110913 1.5999999999999996
      vertex -9.566773337110913 -30.418055312393363 1.5999999999999996
    endloop
  endfacet
  facet normal 0 0 -1
    outer loop
      vertex -9.918055312393363 -34.43322666288909 1.5999999999999996
      vertex -9.566773337110913 -30.418055312393363 1.5999999999999996
      vertex -9.566773337110913 -34.08194468760664 1.5999999999999996
    endloop
  endfacet
  facet normal 0 0 -1
    outer loop
      vertex -9.566773337110913 -34.08194468760664 1.5999999999999996
      vertex -9.281827599214349 -30.825 1.5999999999999996
      vertex -9.281827599214349 -33.675 1.5999999999999996
    endloop
  endfacet
  facet normal 0 0 -1
    outer loop
      vertex -9.281827599214349 -33.675 1.5999999999999996
      vertex -9.07187603076016 -31.275242591521845 1.5999999999999996
      vertex -9.07187603076016 -33.224757408478155 1.5999999999999996
    endloop
  endfacet
  facet normal 0 0 -1
    outer loop
      vertex -9.07187603076016 -33.224757408478155 1.5999999999999996
      vertex -8.943297903915207 -31.75510269364925 1.5999999999999996
      vertex -8.943297903915207 -32.74489730635075 1.5999999999999996
    endloop
  endfacet
  facet normal 0 0 -1
    outer loop
      vertex -9.07187603076016 -33.224757408478155 1.5999999999999996
      vertex -9.07187603076016 -31.275242591521845 1.5999999999999996
      vertex -8.943297903915207 -31.75510269364925 1.5999999999999996
    endloop
  endfacet
  facet normal 0 0 -1
    outer loop
      vertex -8.943297903915207 -32.74489730635075 1.5999999999999996
      vertex -8.943297903915207 -31.75510269364925 1.5999999999999996
      vertex -8.9 -32.25 1.5999999999999996
    endloop
  endfacet
  facet normal 0 0 -1
    outer loop
      vertex -9.566773337110913 -34.08194468760664 1.5999999999999996
      vertex -9.566773337110913 -30.418055312393363 1.5999999999999996
      vertex -9.281827599214349 -30.825 1.5999999999999996
    endloop
  endfacet
  facet normal 0 0 -1
    outer loop
      vertex -9.281827599214349 -33.675 1.5999999999999996
      vertex -9.281827599214349 -30.825 1.5999999999999996
      vertex -9.07187603076016 -31.275242591521845 1.5999999999999996
    endloop
  endfacet
  facet normal -0.9063077870366509 0.4226182617406972 0
    outer loop
      vertex -14.386810403597309 -31.186645364090513 1.5999999999999996
      vertex -14.218172400785651 -30.825 4.99
      vertex -14.218172400785651 -30.825 1.5999999999999996
    endloop
  endfacet
  facet normal -0.8191520442889899 0.5735764363510488 0
    outer loop
      vertex -14.218172400785651 -30.825 1.5999999999999996
      vertex -14.218172400785651 -30.825 4.99
      vertex -13.933226662889087 -30.418055312393363 1.5999999999999996
    endloop
  endfacet
  facet normal -0.7071067811865476 0.7071067811865476 0
    outer loop
      vertex -13.933226662889087 -30.418055312393363 1.5999999999999996
      vertex -13.933226662889087 -30.418055312393363 4.99
      vertex -13.581944687606637 -30.066773337110913 1.5999999999999996
    endloop
  endfacet
  facet normal -0.5735764363510488 0.8191520442889899 0
    outer loop
      vertex -13.581944687606637 -30.066773337110913 1.5999999999999996
      vertex -13.581944687606637 -30.066773337110913 4.99
      vertex -13.175 -29.78182759921435 1.5999999999999996
    endloop
  endfacet
  facet normal -0.42261826174069655 0.9063077870366514 0
    outer loop
      vertex -13.175 -29.78182759921435 1.5999999999999996
      vertex -13.175 -29.78182759921435 4.99
      vertex -12.724757408478157 -29.571876030760162 1.5999999999999996
    endloop
  endfacet
  facet normal -0.25881904510251863 0.9659258262890689 0
    outer loop
      vertex -12.724757408478157 -29.571876030760162 1.5999999999999996
      vertex -12.724757408478157 -29.571876030760162 4.99
      vertex -12.244897306350751 -29.44329790391521 1.5999999999999996
    endloop
  endfacet
  facet normal 0.42261826174070755 -0.9063077870366463 0
    outer loop
      vertex -10.707854060526788 -34.89670018116503 1.5999999999999996
      vertex -10.325 -34.71817240078565 1.5999999999999996
      vertex -10.707854060526788 -34.89670018116503 4.99
    endloop
  endfacet
  facet normal 0.5735764363510392 -0.8191520442889966 0
    outer loop
      vertex -10.325 -34.71817240078565 1.5999999999999996
      vertex -9.918055312393363 -34.43322666288909 1.5999999999999996
      vertex -9.918055312393363 -34.43322666288909 4.99
    endloop
  endfacet
  facet normal -0.08715574274766452 0.996194698091745 0
    outer loop
      vertex -12.244897306350751 -29.44329790391521 1.5999999999999996
      vertex -12.244897306350751 -29.44329790391521 4.99
      vertex -11.75 -29.4 1.5999999999999996
    endloop
  endfacet
  facet normal 0.08715574274766452 0.996194698091745 0
    outer loop
      vertex -11.75 -29.4 1.5999999999999996
      vertex -11.75 -29.4 4.99
      vertex -11.255102693649249 -29.44329790391521 1.5999999999999996
    endloop
  endfacet
  facet normal 0.25881904510251863 0.9659258262890689 0
    outer loop
      vertex -11.255102693649249 -29.44329790391521 1.5999999999999996
      vertex -11.255102693649249 -29.44329790391521 4.99
      vertex -10.775242591521843 -29.571876030760162 1.5999999999999996
    endloop
  endfacet
  facet normal 0.5735764363510488 0.8191520442889899 0
    outer loop
      vertex -10.325 -29.78182759921435 1.5999999999999996
      vertex -10.325 -29.78182759921435 4.99
      vertex -9.918055312393363 -30.066773337110913 1.5999999999999996
    endloop
  endfacet
  facet normal 0.7071067811865476 0.7071067811865476 0
    outer loop
      vertex -9.918055312393363 -30.066773337110913 1.5999999999999996
      vertex -9.918055312393363 -30.066773337110913 4.99
      vertex -9.566773337110913 -30.418055312393363 1.5999999999999996
    endloop
  endfacet
  facet normal 0.42261826174069655 0.9063077870366514 0
    outer loop
      vertex -10.325 -29.78182759921435 1.5999999999999996
      vertex -10.775242591521843 -29.571876030760162 1.5999999999999996
      vertex -10.775242591521843 -29.571876030760162 4.99
    endloop
  endfacet
  facet normal -0.9063077870366509 0.4226182617406972 0
    outer loop
      vertex -14.386810403597309 -31.186645364090513 1.5999999999999996
      vertex -14.386810403597309 -31.186645364090513 4.99
      vertex -14.218172400785651 -30.825 4.99
    endloop
  endfacet
  facet normal -0.8191520442889899 0.5735764363510488 0
    outer loop
      vertex -13.933226662889087 -30.418055312393363 1.5999999999999996
      vertex -14.218172400785651 -30.825 4.99
      vertex -13.933226662889087 -30.418055312393363 4.99
    endloop
  endfacet
  facet normal -0.7071067811865476 0.7071067811865476 0
    outer loop
      vertex -13.581944687606637 -30.066773337110913 1.5999999999999996
      vertex -13.933226662889087 -30.418055312393363 4.99
      vertex -13.581944687606637 -30.066773337110913 4.99
    endloop
  endfacet
  facet normal -0.5735764363510488 0.8191520442889899 0
    outer loop
      vertex -13.175 -29.78182759921435 1.5999999999999996
      vertex -13.581944687606637 -30.066773337110913 4.99
      vertex -13.175 -29.78182759921435 4.99
    endloop
  endfacet
  facet normal -0.42261826174069655 0.9063077870366514 0
    outer loop
      vertex -12.724757408478157 -29.571876030760162 1.5999999999999996
      vertex -13.175 -29.78182759921435 4.99
      vertex -12.724757408478157 -29.571876030760162 4.99
    endloop
  endfacet
  facet normal -0.25881904510251863 0.9659258262890689 0
    outer loop
      vertex -12.244897306350751 -29.44329790391521 1.5999999999999996
      vertex -12.724757408478157 -29.571876030760162 4.99
      vertex -12.244897306350751 -29.44329790391521 4.99
    endloop
  endfacet
  facet normal 0.42261826174070755 -0.9063077870366463 0
    outer loop
      vertex -10.325 -34.71817240078565 1.5999999999999996
      vertex -10.325 -34.71817240078565 4.99
      vertex -10.707854060526788 -34.89670018116503 4.99
    endloop
  endfacet
  facet normal 0.5735764363510392 -0.8191520442889966 0
    outer loop
      vertex -10.325 -34.71817240078565 1.5999999999999996
      vertex -9.918055312393363 -34.43322666288909 4.99
      vertex -10.325 -34.71817240078565 4.99
    endloop
  endfacet
  facet normal 0.7071067811865511 -0.707106781186544 0
    outer loop
      vertex -9.918055312393363 -34.43322666288909 1.5999999999999996
      vertex -9.566773337110913 -34.08194468760664 4.99
      vertex -9.918055312393363 -34.43322666288909 4.99
    endloop
  endfacet
  facet normal -0.08715574274766452 0.996194698091745 0
    outer loop
      vertex -11.75 -29.4 1.5999999999999996
      vertex -12.244897306350751 -29.44329790391521 4.99
      vertex -11.75 -29.4 4.99
    endloop
  endfacet
  facet normal 0.08715574274766452 0.996194698091745 0
    outer loop
      vertex -11.255102693649249 -29.44329790391521 1.5999999999999996
      vertex -11.75 -29.4 4.99
      vertex -11.255102693649249 -29.44329790391521 4.99
    endloop
  endfacet
  facet normal 0.42261826174069655 0.9063077870366514 0
    outer loop
      vertex -10.325 -29.78182759921435 1.5999999999999996
      vertex -10.775242591521843 -29.571876030760162 4.99
      vertex -10.325 -29.78182759921435 4.99
    endloop
  endfacet
  facet normal 0.5735764363510488 0.8191520442889899 0
    outer loop
      vertex -9.918055312393363 -30.066773337110913 1.5999999999999996
      vertex -10.325 -29.78182759921435 4.99
      vertex -9.918055312393363 -30.066773337110913 4.99
    endloop
  endfacet
  facet normal 0.25881904510251863 0.9659258262890689 0
    outer loop
      vertex -10.775242591521843 -29.571876030760162 1.5999999999999996
      vertex -11.255102693649249 -29.44329790391521 4.99
      vertex -10.775242591521843 -29.571876030760162 4.99
    endloop
  endfacet
  facet normal -0.707106781186551 -0.7071067811865439 0
    outer loop
      vertex -13.581944687606637 -34.43322666288909 6.181532510892707
      vertex -13.581944687606637 -34.43322666288909 6.199999999999999
      vertex -13.933226662889087 -34.08194468760664 6.181532510892707
    endloop
  endfacet
  facet normal -0.5735764363510392 -0.8191520442889967 0
    outer loop
      vertex -13.581944687606637 -34.43322666288909 6.181532510892707
      vertex -13.175 -34.71817240078565 6.199999999999999
      vertex -13.581944687606637 -34.43322666288909 6.199999999999999
    endloop
  endfacet
  facet normal -0.9063077870366492 -0.42261826174070083 0
    outer loop
      vertex -14.42812396923984 -33.224757408478155 6.181532510892707
      vertex -14.218172400785651 -33.675 6.199999999999999
      vertex -14.42812396923984 -33.224757408478155 6.199999999999999
    endloop
  endfacet
  facet normal -0.8191520442889921 -0.5735764363510454 0
    outer loop
      vertex -14.218172400785651 -33.675 6.181532510892707
      vertex -13.933226662889087 -34.08194468760664 6.181532510892707
      vertex -13.933226662889087 -34.08194468760664 6.199999999999999
    endloop
  endfacet
  facet normal -0.8191520442889921 -0.5735764363510454 0
    outer loop
      vertex -14.218172400785651 -33.675 6.181532510892707
      vertex -13.933226662889087 -34.08194468760664 6.199999999999999
      vertex -14.218172400785651 -33.675 6.199999999999999
    endloop
  endfacet
  facet normal -0.9063077870366492 -0.42261826174070083 0
    outer loop
      vertex -14.42812396923984 -33.224757408478155 6.181532510892707
      vertex -14.218172400785651 -33.675 6.181532510892707
      vertex -14.218172400785651 -33.675 6.199999999999999
    endloop
  endfacet
  facet normal -0.9659258262890686 -0.25881904510251963 0
    outer loop
      vertex -14.42812396923984 -33.224757408478155 6.181532510892707
      vertex -14.42812396923984 -33.224757408478155 6.199999999999999
      vertex -14.556702096084793 -32.74489730635075 6.181532510892707
    endloop
  endfacet
  facet normal -0.9659258262890686 -0.25881904510251963 0
    outer loop
      vertex -14.42812396923984 -33.224757408478155 6.199999999999999
      vertex -14.556702096084793 -32.74489730635075 6.199999999999999
      vertex -14.556702096084793 -32.74489730635075 6.181532510892707
    endloop
  endfacet
  facet normal -0.9961946980917457 -0.08715574274765742 0
    outer loop
      vertex -14.556702096084793 -32.74489730635075 6.181532510892707
      vertex -14.556702096084793 -32.74489730635075 6.199999999999999
      vertex -14.6 -32.25 6.181532510892707
    endloop
  endfacet
  facet normal 0 0 1
    outer loop
      vertex -14.42812396923984 -33.224757408478155 6.199999999999999
      vertex -14.556702096084793 -31.75510269364925 6.199999999999999
      vertex -14.556702096084793 -32.74489730635075 6.199999999999999
    endloop
  endfacet
  facet normal 0 0 1
    outer loop
      vertex -14.42812396923984 -33.224757408478155 6.199999999999999
      vertex -14.218172400785651 -33.675 6.199999999999999
      vertex -14.42812396923984 -31.275242591521845 6.199999999999999
    endloop
  endfacet
  facet normal -0.9961946980917457 -0.08715574274765742 0
    outer loop
      vertex -14.556702096084793 -32.74489730635075 6.199999999999999
      vertex -14.6 -32.25 6.199999999999999
      vertex -14.6 -32.25 6.181532510892707
    endloop
  endfacet
  facet normal 0 0 1
    outer loop
      vertex -14.556702096084793 -32.74489730635075 6.199999999999999
      vertex -14.556702096084793 -31.75510269364925 6.199999999999999
      vertex -14.6 -32.25 6.199999999999999
    endloop
  endfacet
  facet normal -0.9961946980917457 0.08715574274765742 0
    outer loop
      vertex -14.6 -32.25 6.181532510892707
      vertex -14.6 -32.25 6.199999999999999
      vertex -14.556702096084793 -31.75510269364925 6.181532510892707
    endloop
  endfacet
  facet normal 0 0 1
    outer loop
      vertex -14.42812396923984 -33.224757408478155 6.199999999999999
      vertex -14.42812396923984 -31.275242591521845 6.199999999999999
      vertex -14.556702096084793 -31.75510269364925 6.199999999999999
    endloop
  endfacet
  facet normal 0 0 1
    outer loop
      vertex -14.218172400785651 -33.675 6.199999999999999
      vertex -13.933226662889087 -34.08194468760664 6.199999999999999
      vertex -14.218172400785651 -30.825 6.199999999999999
    endloop
  endfacet
  facet normal -0.707106781186551 -0.7071067811865439 0
    outer loop
      vertex -13.581944687606637 -34.43322666288909 6.199999999999999
      vertex -13.933226662889087 -34.08194468760664 6.199999999999999
      vertex -13.933226662889087 -34.08194468760664 6.181532510892707
    endloop
  endfacet
  facet normal 0 0 1
    outer loop
      vertex -13.581944687606637 -34.43322666288909 6.199999999999999
      vertex -13.933226662889087 -30.418055312393363 6.199999999999999
      vertex -13.933226662889087 -34.08194468760664 6.199999999999999
    endloop
  endfacet
  facet normal 0 0 1
    outer loop
      vertex -13.581944687606637 -34.43322666288909 6.199999999999999
      vertex -13.175 -34.71817240078565 6.199999999999999
      vertex -13.581944687606637 -30.066773337110913 6.199999999999999
    endloop
  endfacet
  facet normal -0.5735764363510392 -0.8191520442889967 0
    outer loop
      vertex -13.581944687606637 -34.43322666288909 6.181532510892707
      vertex -13.175 -34.71817240078565 6.181532510892707
      vertex -13.175 -34.71817240078565 6.199999999999999
    endloop
  endfacet
  facet normal -0.4226182617407083 -0.9063077870366457 0
    outer loop
      vertex -13.175 -34.71817240078565 6.181532510892707
      vertex -12.724757408478157 -34.92812396923984 6.199999999999999
      vertex -13.175 -34.71817240078565 6.199999999999999
    endloop
  endfacet
  facet normal -0.4226182617407083 -0.9063077870366457 0
    outer loop
      vertex -13.175 -34.71817240078565 6.181532510892707
      vertex -12.724757408478157 -34.92812396923984 6.181532510892707
      vertex -12.724757408478157 -34.92812396923984 6.199999999999999
    endloop
  endfacet
  facet normal -0.258819045102512 -0.9659258262890705 0
    outer loop
      vertex -12.724757408478157 -34.92812396923984 6.181532510892707
      vertex -12.244897306350751 -35.05670209608479 6.199999999999999
      vertex -12.724757408478157 -34.92812396923984 6.199999999999999
    endloop
  endfacet
  facet normal -0.258819045102512 -0.9659258262890705 0
    outer loop
      vertex -12.724757408478157 -34.92812396923984 6.181532510892707
      vertex -12.244897306350751 -35.05670209608479 6.181532510892707
      vertex -12.244897306350751 -35.05670209608479 6.199999999999999
    endloop
  endfacet
  facet normal 0 0 1
    outer loop
      vertex -12.724757408478157 -34.92812396923984 6.199999999999999
      vertex -12.244897306350751 -35.05670209608479 6.199999999999999
      vertex -12.45 -33.462435565298215 6.199999999999999
    endloop
  endfacet
  facet normal 0 0 1
    outer loop
      vertex -13.175 -34.71817240078565 6.199999999999999
      vertex -13.065569669100272 -32.72882820065593 6.199999999999999
      vertex -13.15 -32.25 6.199999999999999
    endloop
  endfacet
  facet normal 0 0 1
    outer loop
      vertex -13.175 -34.71817240078565 6.199999999999999
      vertex -12.724757408478157 -34.92812396923984 6.199999999999999
      vertex -13.065569669100272 -32.72882820065593 6.199999999999999
    endloop
  endfacet
  facet normal 0 0 1
    outer loop
      vertex -12.724757408478157 -34.92812396923984 6.199999999999999
      vertex -12.82246222036657 -33.149902653561156 6.199999999999999
      vertex -13.065569669100272 -32.72882820065593 6.199999999999999
    endloop
  endfacet
  facet normal 0 0 1
    outer loop
      vertex -13.175 -34.71817240078565 6.199999999999999
      vertex -13.15 -32.25 6.199999999999999
      vertex -13.175 -29.78182759921435 6.199999999999999
    endloop
  endfacet
  facet normal 0 0 1
    outer loop
      vertex -12.724757408478157 -34.92812396923984 6.199999999999999
      vertex -12.45 -33.462435565298215 6.199999999999999
      vertex -12.82246222036657 -33.149902653561156 6.199999999999999
    endloop
  endfacet
  facet normal 0 0 1
    outer loop
      vertex -12.244897306350751 -35.05670209608479 6.199999999999999
      vertex -11.993107448733703 -33.62873085421709 6.199999999999999
      vertex -12.45 -33.462435565298215 6.199999999999999
    endloop
  endfacet
  facet normal -0.9961946980917457 0.08715574274765742 0
    outer loop
      vertex -14.6 -32.25 6.199999999999999
      vertex -14.556702096084793 -31.75510269364925 6.199999999999999
      vertex -14.556702096084793 -31.75510269364925 6.181532510892707
    endloop
  endfacet
  facet normal -0.9659258262890686 0.25881904510251963 0
    outer loop
      vertex -14.556702096084793 -31.75510269364925 6.181532510892707
      vertex -14.556702096084793 -31.75510269364925 6.199999999999999
      vertex -14.42812396923984 -31.275242591521845 6.181532510892707
    endloop
  endfacet
  facet normal -0.9659258262890686 0.25881904510251963 0
    outer loop
      vertex -14.556702096084793 -31.75510269364925 6.199999999999999
      vertex -14.42812396923984 -31.275242591521845 6.199999999999999
      vertex -14.42812396923984 -31.275242591521845 6.181532510892707
    endloop
  endfacet
  facet normal -0.9063077870366506 0.4226182617406981 0
    outer loop
      vertex -14.42812396923984 -31.275242591521845 6.181532510892707
      vertex -14.42812396923984 -31.275242591521845 6.199999999999999
      vertex -14.218172400785651 -30.825 6.181532510892707
    endloop
  endfacet
  facet normal 0 0 1
    outer loop
      vertex -14.218172400785651 -33.675 6.199999999999999
      vertex -14.218172400785651 -30.825 6.199999999999999
      vertex -14.42812396923984 -31.275242591521845 6.199999999999999
    endloop
  endfacet
  facet normal 0 0 1
    outer loop
      vertex -13.933226662889087 -34.08194468760664 6.199999999999999
      vertex -13.933226662889087 -30.418055312393363 6.199999999999999
      vertex -14.218172400785651 -30.825 6.199999999999999
    endloop
  endfacet
  facet normal -0.9063077870366506 0.4226182617406981 0
    outer loop
      vertex -14.42812396923984 -31.275242591521845 6.199999999999999
      vertex -14.218172400785651 -30.825 6.199999999999999
      vertex -14.218172400785651 -30.825 6.181532510892707
    endloop
  endfacet
  facet normal -0.8191520442889899 0.5735764363510487 0
    outer loop
      vertex -14.218172400785651 -30.825 6.181532510892707
      vertex -14.218172400785651 -30.825 6.199999999999999
      vertex -13.933226662889087 -30.418055312393363 6.181532510892707
    endloop
  endfacet
  facet normal -0.8191520442889899 0.5735764363510487 0
    outer loop
      vertex -14.218172400785651 -30.825 6.199999999999999
      vertex -13.933226662889087 -30.418055312393363 6.199999999999999
      vertex -13.933226662889087 -30.418055312393363 6.181532510892707
    endloop
  endfacet
  facet normal 0 0 1
    outer loop
      vertex -13.581944687606637 -34.43322666288909 6.199999999999999
      vertex -13.581944687606637 -30.066773337110913 6.199999999999999
      vertex -13.933226662889087 -30.418055312393363 6.199999999999999
    endloop
  endfacet
  facet normal -0.7071067811865475 0.7071067811865475 0
    outer loop
      vertex -13.933226662889087 -30.418055312393363 6.181532510892707
      vertex -13.933226662889087 -30.418055312393363 6.199999999999999
      vertex -13.581944687606637 -30.066773337110913 6.181532510892707
    endloop
  endfacet
  facet normal -0.7071067811865475 0.7071067811865475 0
    outer loop
      vertex -13.933226662889087 -30.418055312393363 6.199999999999999
      vertex -13.581944687606637 -30.066773337110913 6.199999999999999
      vertex -13.581944687606637 -30.066773337110913 6.181532510892707
    endloop
  endfacet
  facet normal -0.5735764363510487 0.8191520442889899 0
    outer loop
      vertex -13.581944687606637 -30.066773337110913 6.181532510892707
      vertex -13.581944687606637 -30.066773337110913 6.199999999999999
      vertex -13.175 -29.78182759921435 6.181532510892707
    endloop
  endfacet
  facet normal 0 0 1
    outer loop
      vertex -13.175 -34.71817240078565 6.199999999999999
      vertex -13.175 -29.78182759921435 6.199999999999999
      vertex -13.581944687606637 -30.066773337110913 6.199999999999999
    endloop
  endfacet
  facet normal 0 0 1
    outer loop
      vertex -13.15 -32.25 6.199999999999999
      vertex -13.065569669100272 -31.771171799344064 6.199999999999999
      vertex -13.175 -29.78182759921435 6.199999999999999
    endloop
  endfacet
  facet normal 0 0 1
    outer loop
      vertex -13.065569669100272 -31.771171799344064 6.199999999999999
      vertex -12.82246222036657 -31.350097346438844 6.199999999999999
      vertex -13.175 -29.78182759921435 6.199999999999999
    endloop
  endfacet
  facet normal -0.5735764363510487 0.8191520442889899 0
    outer loop
      vertex -13.581944687606637 -30.066773337110913 6.199999999999999
      vertex -13.175 -29.78182759921435 6.199999999999999
      vertex -13.175 -29.78182759921435 6.181532510892707
    endloop
  endfacet
  facet normal 0 0 1
    outer loop
      vertex -12.82246222036657 -31.350097346438844 6.199999999999999
      vertex -12.45 -31.037564434701785 6.199999999999999
      vertex -13.175 -29.78182759921435 6.199999999999999
    endloop
  endfacet
  facet normal -0.42261826174069655 0.9063077870366513 0
    outer loop
      vertex -13.175 -29.78182759921435 6.181532510892707
      vertex -13.175 -29.78182759921435 6.199999999999999
      vertex -12.724757408478157 -29.571876030760162 6.181532510892707
    endloop
  endfacet
  facet normal 0 0 1
    outer loop
      vertex -13.175 -29.78182759921435 6.199999999999999
      vertex -12.45 -31.037564434701785 6.199999999999999
      vertex -12.724757408478157 -29.571876030760162 6.199999999999999
    endloop
  endfacet
  facet normal 0 0 1
    outer loop
      vertex -12.45 -31.037564434701785 6.199999999999999
      vertex -11.993107448733703 -30.871269145782907 6.199999999999999
      vertex -12.724757408478157 -29.571876030760162 6.199999999999999
    endloop
  endfacet
  facet normal 0 0 1
    outer loop
      vertex -12.724757408478157 -29.571876030760162 6.199999999999999
      vertex -11.993107448733703 -30.871269145782907 6.199999999999999
      vertex -12.244897306350751 -29.44329790391521 6.199999999999999
    endloop
  endfacet
  facet normal -0.42261826174069655 0.9063077870366513 0
    outer loop
      vertex -13.175 -29.78182759921435 6.199999999999999
      vertex -12.724757408478157 -29.571876030760162 6.199999999999999
      vertex -12.724757408478157 -29.571876030760162 6.181532510892707
    endloop
  endfacet
  facet normal -0.2588190451025187 0.9659258262890688 0
    outer loop
      vertex -12.724757408478157 -29.571876030760162 6.181532510892707
      vertex -12.724757408478157 -29.571876030760162 6.199999999999999
      vertex -12.244897306350751 -29.44329790391521 6.181532510892707
    endloop
  endfacet
  facet normal -0.2588190451025187 0.9659258262890688 0
    outer loop
      vertex -12.724757408478157 -29.571876030760162 6.199999999999999
      vertex -12.244897306350751 -29.44329790391521 6.199999999999999
      vertex -12.244897306350751 -29.44329790391521 6.181532510892707
    endloop
  endfacet
  facet normal -0.08715574274766451 -0.9961946980917449 0
    outer loop
      vertex -12.244897306350751 -35.05670209608479 6.181532510892707
      vertex -11.75 -35.1 6.199999999999999
      vertex -12.244897306350751 -35.05670209608479 6.199999999999999
    endloop
  endfacet
  facet normal -0.08715574274766451 -0.9961946980917449 0
    outer loop
      vertex -12.244897306350751 -35.05670209608479 6.181532510892707
      vertex -11.75 -35.1 6.181532510892707
      vertex -11.75 -35.1 6.199999999999999
    endloop
  endfacet
  facet normal 0 0 1
    outer loop
      vertex -12.244897306350751 -35.05670209608479 6.199999999999999
      vertex -11.75 -35.1 6.199999999999999
      vertex -11.993107448733703 -33.62873085421709 6.199999999999999
    endloop
  endfacet
  facet normal 0.08715574274766451 -0.9961946980917449 0
    outer loop
      vertex -11.75 -35.1 6.181532510892707
      vertex -11.255102693649249 -35.05670209608479 6.199999999999999
      vertex -11.75 -35.1 6.199999999999999
    endloop
  endfacet
  facet normal 0.08715574274766451 -0.9961946980917449 0
    outer loop
      vertex -11.75 -35.1 6.181532510892707
      vertex -11.255102693649249 -35.05670209608479 6.181532510892707
      vertex -11.255102693649249 -35.05670209608479 6.199999999999999
    endloop
  endfacet
  facet normal 0 0 1
    outer loop
      vertex -11.75 -35.1 6.199999999999999
      vertex -11.255102693649249 -35.05670209608479 6.199999999999999
      vertex -11.506892551266297 -33.62873085421709 6.199999999999999
    endloop
  endfacet
  facet normal 0.258819045102512 -0.9659258262890705 0
    outer loop
      vertex -11.255102693649249 -35.05670209608479 6.181532510892707
      vertex -10.775242591521843 -34.92812396923984 6.199999999999999
      vertex -11.255102693649249 -35.05670209608479 6.199999999999999
    endloop
  endfacet
  facet normal 0 0 1
    outer loop
      vertex -11.255102693649249 -35.05670209608479 6.199999999999999
      vertex -10.775242591521843 -34.92812396923984 6.199999999999999
      vertex -11.506892551266297 -33.62873085421709 6.199999999999999
    endloop
  endfacet
  facet normal 0 0 1
    outer loop
      vertex -11.75 -35.1 6.199999999999999
      vertex -11.506892551266297 -33.62873085421709 6.199999999999999
      vertex -11.993107448733703 -33.62873085421709 6.199999999999999
    endloop
  endfacet
  facet normal 0 0 1
    outer loop
      vertex -11.506892551266297 -33.62873085421709 6.199999999999999
      vertex -10.775242591521843 -34.92812396923984 6.199999999999999
      vertex -11.05 -33.462435565298215 6.199999999999999
    endloop
  endfacet
  facet normal 0.258819045102512 -0.9659258262890705 0
    outer loop
      vertex -11.255102693649249 -35.05670209608479 6.181532510892707
      vertex -10.775242591521843 -34.92812396923984 6.181532510892707
      vertex -10.775242591521843 -34.92812396923984 6.199999999999999
    endloop
  endfacet
  facet normal 0 0 1
    outer loop
      vertex -11.05 -33.462435565298215 6.199999999999999
      vertex -10.775242591521843 -34.92812396923984 6.199999999999999
      vertex -10.325 -34.71817240078565 6.199999999999999
    endloop
  endfacet
  facet normal 0.4226182617407083 -0.9063077870366457 0
    outer loop
      vertex -10.775242591521843 -34.92812396923984 6.181532510892707
      vertex -10.325 -34.71817240078565 6.199999999999999
      vertex -10.775242591521843 -34.92812396923984 6.199999999999999
    endloop
  endfacet
  facet normal 0.4226182617407083 -0.9063077870366457 0
    outer loop
      vertex -10.775242591521843 -34.92812396923984 6.181532510892707
      vertex -10.325 -34.71817240078565 6.181532510892707
      vertex -10.325 -34.71817240078565 6.199999999999999
    endloop
  endfacet
  facet normal 0.5735764363510392 -0.8191520442889967 0
    outer loop
      vertex -10.325 -34.71817240078565 6.181532510892707
      vertex -9.918055312393363 -34.43322666288909 6.199999999999999
      vertex -10.325 -34.71817240078565 6.199999999999999
    endloop
  endfacet
  facet normal 0.5735764363510392 -0.8191520442889967 0
    outer loop
      vertex -10.325 -34.71817240078565 6.181532510892707
      vertex -9.918055312393363 -34.43322666288909 6.181532510892707
      vertex -9.918055312393363 -34.43322666288909 6.199999999999999
    endloop
  endfacet
  facet normal 0.707106781186551 -0.7071067811865439 0
    outer loop
      vertex -9.918055312393363 -34.43322666288909 6.181532510892707
      vertex -9.566773337110913 -34.08194468760664 6.199999999999999
      vertex -9.918055312393363 -34.43322666288909 6.199999999999999
    endloop
  endfacet
  facet normal 0 0 1
    outer loop
      vertex -11.05 -33.462435565298215 6.199999999999999
      vertex -10.325 -34.71817240078565 6.199999999999999
      vertex -10.67753777963343 -33.149902653561156 6.199999999999999
    endloop
  endfacet
  facet normal 0 0 1
    outer loop
      vertex -10.325 -34.71817240078565 6.199999999999999
      vertex -10.434430330899728 -32.72882820065593 6.199999999999999
      vertex -10.67753777963343 -33.149902653561156 6.199999999999999
    endloop
  endfacet
  facet normal 0 0 1
    outer loop
      vertex -10.325 -34.71817240078565 6.199999999999999
      vertex -10.35 -32.25 6.199999999999999
      vertex -10.434430330899728 -32.72882820065593 6.199999999999999
    endloop
  endfacet
  facet normal 0 0 1
    outer loop
      vertex -10.325 -34.71817240078565 6.199999999999999
      vertex -9.918055312393363 -34.43322666288909 6.199999999999999
      vertex -10.325 -29.78182759921435 6.199999999999999
    endloop
  endfacet
  facet normal 0 0 1
    outer loop
      vertex -10.325 -34.71817240078565 6.199999999999999
      vertex -10.325 -29.78182759921435 6.199999999999999
      vertex -10.35 -32.25 6.199999999999999
    endloop
  endfacet
  facet normal 0 0 1
    outer loop
      vertex -9.918055312393363 -34.43322666288909 6.199999999999999
      vertex -9.566773337110913 -34.08194468760664 6.199999999999999
      vertex -9.918055312393363 -30.066773337110913 6.199999999999999
    endloop
  endfacet
  facet normal 0 0 1
    outer loop
      vertex -12.244897306350751 -29.44329790391521 6.199999999999999
      vertex -11.993107448733703 -30.871269145782907 6.199999999999999
      vertex -11.75 -29.4 6.199999999999999
    endloop
  endfacet
  facet normal 0 0 1
    outer loop
      vertex -11.993107448733703 -30.871269145782907 6.199999999999999
      vertex -11.506892551266297 -30.871269145782907 6.199999999999999
      vertex -11.75 -29.4 6.199999999999999
    endloop
  endfacet
  facet normal 0 0 1
    outer loop
      vertex -11.506892551266297 -30.871269145782907 6.199999999999999
      vertex -11.05 -31.037564434701785 6.199999999999999
      vertex -11.255102693649249 -29.44329790391521 6.199999999999999
    endloop
  endfacet
  facet normal 0 0 1
    outer loop
      vertex -11.506892551266297 -30.871269145782907 6.199999999999999
      vertex -11.255102693649249 -29.44329790391521 6.199999999999999
      vertex -11.75 -29.4 6.199999999999999
    endloop
  endfacet
  facet normal 0 0 1
    outer loop
      vertex -11.05 -31.037564434701785 6.199999999999999
      vertex -10.775242591521843 -29.571876030760162 6.199999999999999
      vertex -11.255102693649249 -29.44329790391521 6.199999999999999
    endloop
  endfacet
  facet normal -0.08715574274766451 0.9961946980917449 0
    outer loop
      vertex -12.244897306350751 -29.44329790391521 6.181532510892707
      vertex -12.244897306350751 -29.44329790391521 6.199999999999999
      vertex -11.75 -29.4 6.181532510892707
    endloop
  endfacet
  facet normal -0.08715574274766451 0.9961946980917449 0
    outer loop
      vertex -12.244897306350751 -29.44329790391521 6.199999999999999
      vertex -11.75 -29.4 6.199999999999999
      vertex -11.75 -29.4 6.181532510892707
    endloop
  endfacet
  facet normal 0.08715574274766451 0.9961946980917449 0
    outer loop
      vertex -11.75 -29.4 6.181532510892707
      vertex -11.75 -29.4 6.199999999999999
      vertex -11.255102693649249 -29.44329790391521 6.181532510892707
    endloop
  endfacet
  facet normal 0.08715574274766451 0.9961946980917449 0
    outer loop
      vertex -11.75 -29.4 6.199999999999999
      vertex -11.255102693649249 -29.44329790391521 6.199999999999999
      vertex -11.255102693649249 -29.44329790391521 6.181532510892707
    endloop
  endfacet
  facet normal 0.2588190451025187 0.9659258262890688 0
    outer loop
      vertex -11.255102693649249 -29.44329790391521 6.181532510892707
      vertex -11.255102693649249 -29.44329790391521 6.199999999999999
      vertex -10.775242591521843 -29.571876030760162 6.181532510892707
    endloop
  endfacet
  facet normal 0 0 1
    outer loop
      vertex -10.67753777963343 -31.350097346438844 6.199999999999999
      vertex -10.434430330899728 -31.771171799344064 6.199999999999999
      vertex -10.775242591521843 -29.571876030760162 6.199999999999999
    endloop
  endfacet
  facet normal 0 0 1
    outer loop
      vertex -10.35 -32.25 6.199999999999999
      vertex -10.325 -29.78182759921435 6.199999999999999
      vertex -10.434430330899728 -31.771171799344064 6.199999999999999
    endloop
  endfacet
  facet normal 0 0 1
    outer loop
      vertex -11.05 -31.037564434701785 6.199999999999999
      vertex -10.67753777963343 -31.350097346438844 6.199999999999999
      vertex -10.775242591521843 -29.571876030760162 6.199999999999999
    endloop
  endfacet
  facet normal 0 0 1
    outer loop
      vertex -10.434430330899728 -31.771171799344064 6.199999999999999
      vertex -10.325 -29.78182759921435 6.199999999999999
      vertex -10.775242591521843 -29.571876030760162 6.199999999999999
    endloop
  endfacet
  facet normal 0.42261826174069655 0.9063077870366513 0
    outer loop
      vertex -10.325 -29.78182759921435 6.181532510892707
      vertex -10.775242591521843 -29.571876030760162 6.199999999999999
      vertex -10.325 -29.78182759921435 6.199999999999999
    endloop
  endfacet
  facet normal 0 0 1
    outer loop
      vertex -9.918055312393363 -34.43322666288909 6.199999999999999
      vertex -9.918055312393363 -30.066773337110913 6.199999999999999
      vertex -10.325 -29.78182759921435 6.199999999999999
    endloop
  endfacet
  facet normal 0.5735764363510487 0.8191520442889899 0
    outer loop
      vertex -10.325 -29.78182759921435 6.199999999999999
      vertex -9.918055312393363 -30.066773337110913 6.199999999999999
      vertex -9.918055312393363 -30.066773337110913 6.181532510892707
    endloop
  endfacet
  facet normal 0.5735764363510487 0.8191520442889899 0
    outer loop
      vertex -10.325 -29.78182759921435 6.181532510892707
      vertex -10.325 -29.78182759921435 6.199999999999999
      vertex -9.918055312393363 -30.066773337110913 6.181532510892707
    endloop
  endfacet
  facet normal 0.7071067811865475 0.7071067811865475 0
    outer loop
      vertex -9.918055312393363 -30.066773337110913 6.181532510892707
      vertex -9.918055312393363 -30.066773337110913 6.199999999999999
      vertex -9.566773337110913 -30.418055312393363 6.181532510892707
    endloop
  endfacet
  facet normal 0.2588190451025187 0.9659258262890688 0
    outer loop
      vertex -11.255102693649249 -29.44329790391521 6.199999999999999
      vertex -10.775242591521843 -29.571876030760162 6.199999999999999
      vertex -10.775242591521843 -29.571876030760162 6.181532510892707
    endloop
  endfacet
  facet normal 0.42261826174069655 0.9063077870366513 0
    outer loop
      vertex -10.325 -29.78182759921435 6.181532510892707
      vertex -10.775242591521843 -29.571876030760162 6.181532510892707
      vertex -10.775242591521843 -29.571876030760162 6.199999999999999
    endloop
  endfacet
  facet normal 0.7071067811865511 -0.707106781186544 0
    outer loop
      vertex -9.918055312393363 -34.43322666288909 1.5999999999999996
      vertex -9.566773337110913 -34.08194468760664 1.5999999999999996
      vertex -9.566773337110913 -34.08194468760664 4.99
    endloop
  endfacet
  facet normal 0.8191520442889922 -0.5735764363510455 0
    outer loop
      vertex -9.566773337110913 -34.08194468760664 1.5999999999999996
      vertex -9.281827599214349 -33.675 1.5999999999999996
      vertex -9.281827599214349 -33.675 4.99
    endloop
  endfacet
  facet normal 0.9063077870366494 -0.42261826174070083 0
    outer loop
      vertex -9.281827599214349 -33.675 1.5999999999999996
      vertex -9.07187603076016 -33.224757408478155 1.5999999999999996
      vertex -9.07187603076016 -33.224757408478155 4.99
    endloop
  endfacet
  facet normal 0.9659258262890685 -0.2588190451025196 0
    outer loop
      vertex -9.07187603076016 -33.224757408478155 1.5999999999999996
      vertex -8.943297903915207 -32.74489730635075 1.5999999999999996
      vertex -8.943297903915207 -32.74489730635075 4.99
    endloop
  endfacet
  facet normal 0.9961946980917457 -0.08715574274765743 0
    outer loop
      vertex -8.943297903915207 -32.74489730635075 1.5999999999999996
      vertex -8.9 -32.25 1.5999999999999996
      vertex -8.9 -32.25 4.99
    endloop
  endfacet
  facet normal 0.9063077870366506 0.4226182617406981 0
    outer loop
      vertex -9.281827599214349 -30.825 1.5999999999999996
      vertex -9.281827599214349 -30.825 4.99
      vertex -9.07187603076016 -31.275242591521845 1.5999999999999996
    endloop
  endfacet
  facet normal 0.8191520442889899 0.5735764363510488 0
    outer loop
      vertex -9.281827599214349 -30.825 1.5999999999999996
      vertex -9.566773337110913 -30.418055312393363 1.5999999999999996
      vertex -9.566773337110913 -30.418055312393363 4.99
    endloop
  endfacet
  facet normal 0.9659258262890685 0.2588190451025196 0
    outer loop
      vertex -8.943297903915207 -31.75510269364925 1.5999999999999996
      vertex -9.07187603076016 -31.275242591521845 1.5999999999999996
      vertex -9.07187603076016 -31.275242591521845 4.99
    endloop
  endfacet
  facet normal 0.9961946980917457 0.08715574274765743 0
    outer loop
      vertex -8.9 -32.25 1.5999999999999996
      vertex -8.943297903915207 -31.75510269364925 1.5999999999999996
      vertex -8.943297903915207 -31.75510269364925 4.99
    endloop
  endfacet
  facet normal 0.8191520442889922 -0.5735764363510455 0
    outer loop
      vertex -9.566773337110913 -34.08194468760664 1.5999999999999996
      vertex -9.281827599214349 -33.675 4.99
      vertex -9.566773337110913 -34.08194468760664 4.99
    endloop
  endfacet
  facet normal 0.9063077870366494 -0.42261826174070083 0
    outer loop
      vertex -9.281827599214349 -33.675 1.5999999999999996
      vertex -9.07187603076016 -33.224757408478155 4.99
      vertex -9.281827599214349 -33.675 4.99
    endloop
  endfacet
  facet normal 0.9659258262890685 -0.2588190451025196 0
    outer loop
      vertex -9.07187603076016 -33.224757408478155 1.5999999999999996
      vertex -8.943297903915207 -32.74489730635075 4.99
      vertex -9.07187603076016 -33.224757408478155 4.99
    endloop
  endfacet
  facet normal 0.9961946980917457 -0.08715574274765743 0
    outer loop
      vertex -8.943297903915207 -32.74489730635075 1.5999999999999996
      vertex -8.9 -32.25 4.99
      vertex -8.943297903915207 -32.74489730635075 4.99
    endloop
  endfacet
  facet normal 0.9961946980917457 0.08715574274765743 0
    outer loop
      vertex -8.9 -32.25 1.5999999999999996
      vertex -8.943297903915207 -31.75510269364925 4.99
      vertex -8.9 -32.25 4.99
    endloop
  endfacet
  facet normal 0.9063077870366506 0.4226182617406981 0
    outer loop
      vertex -9.07187603076016 -31.275242591521845 1.5999999999999996
      vertex -9.281827599214349 -30.825 4.99
      vertex -9.07187603076016 -31.275242591521845 4.99
    endloop
  endfacet
  facet normal 0.7071067811865476 0.7071067811865476 0
    outer loop
      vertex -9.566773337110913 -30.418055312393363 1.5999999999999996
      vertex -9.918055312393363 -30.066773337110913 4.99
      vertex -9.566773337110913 -30.418055312393363 4.99
    endloop
  endfacet
  facet normal 0.8191520442889899 0.5735764363510488 0
    outer loop
      vertex -9.281827599214349 -30.825 1.5999999999999996
      vertex -9.566773337110913 -30.418055312393363 4.99
      vertex -9.281827599214349 -30.825 4.99
    endloop
  endfacet
  facet normal 0.9659258262890685 0.2588190451025196 0
    outer loop
      vertex -8.943297903915207 -31.75510269364925 1.5999999999999996
      vertex -9.07187603076016 -31.275242591521845 4.99
      vertex -8.943297903915207 -31.75510269364925 4.99
    endloop
  endfacet
  facet normal 0.707106781186551 -0.7071067811865439 0
    outer loop
      vertex -9.918055312393363 -34.43322666288909 6.181532510892707
      vertex -9.566773337110913 -34.08194468760664 6.181532510892707
      vertex -9.566773337110913 -34.08194468760664 6.199999999999999
    endloop
  endfacet
  facet normal 0.8191520442889921 -0.5735764363510454 0
    outer loop
      vertex -9.566773337110913 -34.08194468760664 6.181532510892707
      vertex -9.281827599214349 -33.675 6.199999999999999
      vertex -9.566773337110913 -34.08194468760664 6.199999999999999
    endloop
  endfacet
  facet normal 0.8191520442889921 -0.5735764363510454 0
    outer loop
      vertex -9.566773337110913 -34.08194468760664 6.181532510892707
      vertex -9.281827599214349 -33.675 6.181532510892707
      vertex -9.281827599214349 -33.675 6.199999999999999
    endloop
  endfacet
  facet normal 0.9063077870366492 -0.42261826174070083 0
    outer loop
      vertex -9.281827599214349 -33.675 6.181532510892707
      vertex -9.07187603076016 -33.224757408478155 6.199999999999999
      vertex -9.281827599214349 -33.675 6.199999999999999
    endloop
  endfacet
  facet normal 0.9063077870366492 -0.42261826174070083 0
    outer loop
      vertex -9.281827599214349 -33.675 6.181532510892707
      vertex -9.07187603076016 -33.224757408478155 6.181532510892707
      vertex -9.07187603076016 -33.224757408478155 6.199999999999999
    endloop
  endfacet
  facet normal 0 0 1
    outer loop
      vertex -9.566773337110913 -34.08194468760664 6.199999999999999
      vertex -9.281827599214349 -33.675 6.199999999999999
      vertex -9.566773337110913 -30.418055312393363 6.199999999999999
    endloop
  endfacet
  facet normal 0 0 1
    outer loop
      vertex -9.281827599214349 -33.675 6.199999999999999
      vertex -9.07187603076016 -33.224757408478155 6.199999999999999
      vertex -9.281827599214349 -30.825 6.199999999999999
    endloop
  endfacet
  facet normal 0.9659258262890686 -0.25881904510251963 0
    outer loop
      vertex -9.07187603076016 -33.224757408478155 6.181532510892707
      vertex -8.943297903915207 -32.74489730635075 6.199999999999999
      vertex -9.07187603076016 -33.224757408478155 6.199999999999999
    endloop
  endfacet
  facet normal 0.9659258262890686 -0.25881904510251963 0
    outer loop
      vertex -9.07187603076016 -33.224757408478155 6.181532510892707
      vertex -8.943297903915207 -32.74489730635075 6.181532510892707
      vertex -8.943297903915207 -32.74489730635075 6.199999999999999
    endloop
  endfacet
  facet normal 0.9961946980917457 -0.08715574274765742 0
    outer loop
      vertex -8.943297903915207 -32.74489730635075 6.181532510892707
      vertex -8.9 -32.25 6.199999999999999
      vertex -8.943297903915207 -32.74489730635075 6.199999999999999
    endloop
  endfacet
  facet normal 0 0 1
    outer loop
      vertex -9.07187603076016 -33.224757408478155 6.199999999999999
      vertex -8.943297903915207 -32.74489730635075 6.199999999999999
      vertex -9.07187603076016 -31.275242591521845 6.199999999999999
    endloop
  endfacet
  facet normal 0.9961946980917457 -0.08715574274765742 0
    outer loop
      vertex -8.943297903915207 -32.74489730635075 6.181532510892707
      vertex -8.9 -32.25 6.181532510892707
      vertex -8.9 -32.25 6.199999999999999
    endloop
  endfacet
  facet normal 0 0 1
    outer loop
      vertex -8.943297903915207 -32.74489730635075 6.199999999999999
      vertex -8.9 -32.25 6.199999999999999
      vertex -8.943297903915207 -31.75510269364925 6.199999999999999
    endloop
  endfacet
  facet normal 0.9961946980917457 0.08715574274765742 0
    outer loop
      vertex -8.9 -32.25 6.181532510892707
      vertex -8.943297903915207 -31.75510269364925 6.199999999999999
      vertex -8.9 -32.25 6.199999999999999
    endloop
  endfacet
  facet normal 0 0 1
    outer loop
      vertex -9.918055312393363 -30.066773337110913 6.199999999999999
      vertex -9.566773337110913 -34.08194468760664 6.199999999999999
      vertex -9.566773337110913 -30.418055312393363 6.199999999999999
    endloop
  endfacet
  facet normal 0 0 1
    outer loop
      vertex -9.281827599214349 -33.675 6.199999999999999
      vertex -9.281827599214349 -30.825 6.199999999999999
      vertex -9.566773337110913 -30.418055312393363 6.199999999999999
    endloop
  endfacet
  facet normal 0 0 1
    outer loop
      vertex -9.07187603076016 -33.224757408478155 6.199999999999999
      vertex -9.07187603076016 -31.275242591521845 6.199999999999999
      vertex -9.281827599214349 -30.825 6.199999999999999
    endloop
  endfacet
  facet normal 0.9063077870366506 0.4226182617406981 0
    outer loop
      vertex -9.281827599214349 -30.825 6.199999999999999
      vertex -9.07187603076016 -31.275242591521845 6.199999999999999
      vertex -9.07187603076016 -31.275242591521845 6.181532510892707
    endloop
  endfacet
  facet normal 0.9063077870366506 0.4226182617406981 0
    outer loop
      vertex -9.281827599214349 -30.825 6.181532510892707
      vertex -9.281827599214349 -30.825 6.199999999999999
      vertex -9.07187603076016 -31.275242591521845 6.181532510892707
    endloop
  endfacet
  facet normal 0.7071067811865475 0.7071067811865475 0
    outer loop
      vertex -9.918055312393363 -30.066773337110913 6.199999999999999
      vertex -9.566773337110913 -30.418055312393363 6.199999999999999
      vertex -9.566773337110913 -30.418055312393363 6.181532510892707
    endloop
  endfacet
  facet normal 0.8191520442889899 0.5735764363510487 0
    outer loop
      vertex -9.281827599214349 -30.825 6.181532510892707
      vertex -9.566773337110913 -30.418055312393363 6.181532510892707
      vertex -9.566773337110913 -30.418055312393363 6.199999999999999
    endloop
  endfacet
  facet normal 0.8191520442889899 0.5735764363510487 0
    outer loop
      vertex -9.281827599214349 -30.825 6.181532510892707
      vertex -9.566773337110913 -30.418055312393363 6.199999999999999
      vertex -9.281827599214349 -30.825 6.199999999999999
    endloop
  endfacet
  facet normal 0 0 1
    outer loop
      vertex -8.943297903915207 -32.74489730635075 6.199999999999999
      vertex -8.943297903915207 -31.75510269364925 6.199999999999999
      vertex -9.07187603076016 -31.275242591521845 6.199999999999999
    endloop
  endfacet
  facet normal 0.9659258262890686 0.25881904510251963 0
    outer loop
      vertex -8.943297903915207 -31.75510269364925 6.181532510892707
      vertex -9.07187603076016 -31.275242591521845 6.199999999999999
      vertex -8.943297903915207 -31.75510269364925 6.199999999999999
    endloop
  endfacet
  facet normal 0.9659258262890686 0.25881904510251963 0
    outer loop
      vertex -8.943297903915207 -31.75510269364925 6.181532510892707
      vertex -9.07187603076016 -31.275242591521845 6.181532510892707
      vertex -9.07187603076016 -31.275242591521845 6.199999999999999
    endloop
  endfacet
  facet normal 0.9961946980917457 0.08715574274765742 0
    outer loop
      vertex -8.9 -32.25 6.181532510892707
      vertex -8.943297903915207 -31.75510269364925 6.181532510892707
      vertex -8.943297903915207 -31.75510269364925 6.199999999999999
    endloop
  endfacet
  facet normal 0 0 -1
    outer loop
      vertex -14.386810403597309 31.186645364090513 1.5999999999999996
      vertex -14.282219635161306 33.36842844280595 1.5999999999999996
      vertex -14.218172400785651 30.825 1.5999999999999996
    endloop
  endfacet
  facet normal 0 0 -1
    outer loop
      vertex -14.218172400785651 30.825 1.5999999999999996
      vertex -14.077928646377076 33.8099961786483 1.5999999999999996
      vertex -13.933226662889087 30.418055312393363 1.5999999999999996
    endloop
  endfacet
  facet normal 0 0 -1
    outer loop
      vertex -13.933226662889087 30.418055312393363 1.5999999999999996
      vertex -13.783489856827046 34.1973237824202 1.5999999999999996
      vertex -13.581944687606637 30.066773337110913 1.5999999999999996
    endloop
  endfacet
  facet normal 0 0 -1
    outer loop
      vertex -13.175 29.78182759921435 1.5999999999999996
      vertex -12.82246222036657 31.350097346438844 1.5999999999999996
      vertex -12.45 31.037564434701785 1.5999999999999996
    endloop
  endfacet
  facet normal 0 0 -1
    outer loop
      vertex -13.175 29.78182759921435 1.5999999999999996
      vertex -13.15 32.25 1.5999999999999996
      vertex -13.065569669100272 31.771171799344064 1.5999999999999996
    endloop
  endfacet
  facet normal 0 0 -1
    outer loop
      vertex -13.581944687606637 30.066773337110913 1.5999999999999996
      vertex -13.412670897065361 34.512300245853005 1.5999999999999996
      vertex -13.175 29.78182759921435 1.5999999999999996
    endloop
  endfacet
  facet normal 0 0 -1
    outer loop
      vertex -13.175 29.78182759921435 1.5999999999999996
      vertex -13.065569669100272 31.771171799344064 1.5999999999999996
      vertex -12.82246222036657 31.350097346438844 1.5999999999999996
    endloop
  endfacet
  facet normal 0 0 -1
    outer loop
      vertex -12.724757408478157 29.571876030760162 1.5999999999999996
      vertex -13.175 29.78182759921435 1.5999999999999996
      vertex -12.45 31.037564434701785 1.5999999999999996
    endloop
  endfacet
  facet normal 0 0 -1
    outer loop
      vertex -12.724757408478157 29.571876030760162 1.5999999999999996
      vertex -11.993107448733703 30.871269145782907 1.5999999999999996
      vertex -12.244897306350751 29.44329790391521 1.5999999999999996
    endloop
  endfacet
  facet normal 0 0 -1
    outer loop
      vertex -12.724757408478157 29.571876030760162 1.5999999999999996
      vertex -12.45 31.037564434701785 1.5999999999999996
      vertex -11.993107448733703 30.871269145782907 1.5999999999999996
    endloop
  endfacet
  facet normal 0 0 -1
    outer loop
      vertex -14.386810403597309 31.186645364090513 1.5999999999999996
      vertex -14.386810403597309 32.893267791453866 1.5999999999999996
      vertex -14.282219635161306 33.36842844280595 1.5999999999999996
    endloop
  endfacet
  facet normal 0 0 -1
    outer loop
      vertex -14.218172400785651 30.825 1.5999999999999996
      vertex -14.282219635161306 33.36842844280595 1.5999999999999996
      vertex -14.077928646377076 33.8099961786483 1.5999999999999996
    endloop
  endfacet
  facet normal 0 0 -1
    outer loop
      vertex -13.933226662889087 30.418055312393363 1.5999999999999996
      vertex -14.077928646377076 33.8099961786483 1.5999999999999996
      vertex -13.783489856827046 34.1973237824202 1.5999999999999996
    endloop
  endfacet
  facet normal 0 0 -1
    outer loop
      vertex -13.581944687606637 30.066773337110913 1.5999999999999996
      vertex -13.783489856827046 34.1973237824202 1.5999999999999996
      vertex -13.412670897065361 34.512300245853005 1.5999999999999996
    endloop
  endfacet
  facet normal 0 0 -1
    outer loop
      vertex -13.175 29.78182759921435 1.5999999999999996
      vertex -13.412670897065361 34.512300245853005 1.5999999999999996
      vertex -13.15 32.25 1.5999999999999996
    endloop
  endfacet
  facet normal 0 0 -1
    outer loop
      vertex -13.412670897065361 34.512300245853005 1.5999999999999996
      vertex -13.065569669100272 32.72882820065593 1.5999999999999996
      vertex -13.15 32.25 1.5999999999999996
    endloop
  endfacet
  facet normal 0 0 -1
    outer loop
      vertex -13.412670897065361 34.512300245853005 1.5999999999999996
      vertex -12.982810849514808 34.74019761958778 1.5999999999999996
      vertex -13.065569669100272 32.72882820065593 1.5999999999999996
    endloop
  endfacet
  facet normal 0 0 -1
    outer loop
      vertex -13.065569669100272 32.72882820065593 1.5999999999999996
      vertex -12.982810849514808 34.74019761958778 1.5999999999999996
      vertex -12.82246222036657 33.149902653561156 1.5999999999999996
    endloop
  endfacet
  facet normal 0 0 -1
    outer loop
      vertex -12.82246222036657 33.149902653561156 1.5999999999999996
      vertex -12.982810849514808 34.74019761958778 1.5999999999999996
      vertex -12.45 33.462435565298215 1.5999999999999996
    endloop
  endfacet
  facet normal 0 0 -1
    outer loop
      vertex -12.45 33.462435565298215 1.5999999999999996
      vertex -12.514009492243721 34.87035967571843 1.5999999999999996
      vertex -11.993107448733703 33.62873085421709 1.5999999999999996
    endloop
  endfacet
  facet normal 0 0 -1
    outer loop
      vertex -12.45 33.462435565298215 1.5999999999999996
      vertex -12.982810849514808 34.74019761958778 1.5999999999999996
      vertex -12.514009492243721 34.87035967571843 1.5999999999999996
    endloop
  endfacet
  facet normal 0 0 -1
    outer loop
      vertex -12.514009492243721 34.87035967571843 1.5999999999999996
      vertex -12.028187455682811 34.89670018116503 1.5999999999999996
      vertex -11.993107448733703 33.62873085421709 1.5999999999999996
    endloop
  endfacet
  facet normal 0 0 -1
    outer loop
      vertex -12.244897306350751 29.44329790391521 1.5999999999999996
      vertex -11.993107448733703 30.871269145782907 1.5999999999999996
      vertex -11.75 29.4 1.5999999999999996
    endloop
  endfacet
  facet normal 0 0 -1
    outer loop
      vertex -11.75 29.4 1.5999999999999996
      vertex -11.993107448733703 30.871269145782907 1.5999999999999996
      vertex -11.506892551266297 30.871269145782907 1.5999999999999996
    endloop
  endfacet
  facet normal 0 0 -1
    outer loop
      vertex -11.75 29.4 1.5999999999999996
      vertex -11.506892551266297 30.871269145782907 1.5999999999999996
      vertex -11.255102693649249 29.44329790391521 1.5999999999999996
    endloop
  endfacet
  facet normal 0 0 -1
    outer loop
      vertex -11.255102693649249 29.44329790391521 1.5999999999999996
      vertex -11.506892551266297 30.871269145782907 1.5999999999999996
      vertex -11.05 31.037564434701785 1.5999999999999996
    endloop
  endfacet
  facet normal 0 0 -1
    outer loop
      vertex -11.255102693649249 29.44329790391521 1.5999999999999996
      vertex -11.05 31.037564434701785 1.5999999999999996
      vertex -10.775242591521843 29.571876030760162 1.5999999999999996
    endloop
  endfacet
  facet normal 0 0 -1
    outer loop
      vertex -11.05 31.037564434701785 1.5999999999999996
      vertex -10.67753777963343 31.350097346438844 1.5999999999999996
      vertex -10.775242591521843 29.571876030760162 1.5999999999999996
    endloop
  endfacet
  facet normal 0 0 -1
    outer loop
      vertex -10.775242591521843 29.571876030760162 1.5999999999999996
      vertex -10.434430330899728 31.771171799344064 1.5999999999999996
      vertex -10.325 29.78182759921435 1.5999999999999996
    endloop
  endfacet
  facet normal 0 0 -1
    outer loop
      vertex -10.775242591521843 29.571876030760162 1.5999999999999996
      vertex -10.67753777963343 31.350097346438844 1.5999999999999996
      vertex -10.434430330899728 31.771171799344064 1.5999999999999996
    endloop
  endfacet
  facet normal 0 0 -1
    outer loop
      vertex -10.434430330899728 31.771171799344064 1.5999999999999996
      vertex -10.35 32.25 1.5999999999999996
      vertex -10.325 29.78182759921435 1.5999999999999996
    endloop
  endfacet
  facet normal 0 0 -1
    outer loop
      vertex -10.325 29.78182759921435 1.5999999999999996
      vertex -9.918055312393363 34.43322666288909 1.5999999999999996
      vertex -9.918055312393363 30.066773337110913 1.5999999999999996
    endloop
  endfacet
  facet normal 0 0 -1
    outer loop
      vertex -11.993107448733703 33.62873085421709 1.5999999999999996
      vertex -12.028187455682811 34.89670018116503 1.5999999999999996
      vertex -11.506892551266297 33.62873085421709 1.5999999999999996
    endloop
  endfacet
  facet normal 0 0 -1
    outer loop
      vertex -11.506892551266297 33.62873085421709 1.5999999999999996
      vertex -12.028187455682811 34.89670018116503 1.5999999999999996
      vertex -11.05 33.462435565298215 1.5999999999999996
    endloop
  endfacet
  facet normal 0 0 -1
    outer loop
      vertex -11.05 33.462435565298215 1.5999999999999996
      vertex -12.028187455682811 34.89670018116503 1.5999999999999996
      vertex -10.325 34.71817240078565 1.5999999999999996
    endloop
  endfacet
  facet normal 0 0 -1
    outer loop
      vertex -12.028187455682811 34.89670018116503 1.5999999999999996
      vertex -10.707854060526788 34.89670018116503 1.5999999999999996
      vertex -10.325 34.71817240078565 1.5999999999999996
    endloop
  endfacet
  facet normal 0 0 -1
    outer loop
      vertex -11.05 33.462435565298215 1.5999999999999996
      vertex -10.325 34.71817240078565 1.5999999999999996
      vertex -10.67753777963343 33.149902653561156 1.5999999999999996
    endloop
  endfacet
  facet normal 0 0 -1
    outer loop
      vertex -10.35 32.25 1.5999999999999996
      vertex -10.434430330899728 32.72882820065593 1.5999999999999996
      vertex -10.325 34.71817240078565 1.5999999999999996
    endloop
  endfacet
  facet normal 0 0 -1
    outer loop
      vertex -10.434430330899728 32.72882820065593 1.5999999999999996
      vertex -10.67753777963343 33.149902653561156 1.5999999999999996
      vertex -10.325 34.71817240078565 1.5999999999999996
    endloop
  endfacet
  facet normal 0 0 -1
    outer loop
      vertex -10.325 29.78182759921435 1.5999999999999996
      vertex -10.35 32.25 1.5999999999999996
      vertex -10.325 34.71817240078565 1.5999999999999996
    endloop
  endfacet
  facet normal 0 0 -1
    outer loop
      vertex -10.325 29.78182759921435 1.5999999999999996
      vertex -10.325 34.71817240078565 1.5999999999999996
      vertex -9.918055312393363 34.43322666288909 1.5999999999999996
    endloop
  endfacet
  facet normal 0 0 -1
    outer loop
      vertex -9.918055312393363 30.066773337110913 1.5999999999999996
      vertex -9.918055312393363 34.43322666288909 1.5999999999999996
      vertex -9.566773337110913 34.08194468760664 1.5999999999999996
    endloop
  endfacet
  facet normal 0 0 -1
    outer loop
      vertex -9.918055312393363 30.066773337110913 1.5999999999999996
      vertex -9.566773337110913 34.08194468760664 1.5999999999999996
      vertex -9.566773337110913 30.418055312393363 1.5999999999999996
    endloop
  endfacet
  facet normal 0 0 -1
    outer loop
      vertex -9.566773337110913 30.418055312393363 1.5999999999999996
      vertex -9.281827599214349 33.675 1.5999999999999996
      vertex -9.281827599214349 30.825 1.5999999999999996
    endloop
  endfacet
  facet normal 0 0 -1
    outer loop
      vertex -9.281827599214349 30.825 1.5999999999999996
      vertex -9.07187603076016 33.224757408478155 1.5999999999999996
      vertex -9.07187603076016 31.275242591521845 1.5999999999999996
    endloop
  endfacet
  facet normal 0 0 -1
    outer loop
      vertex -9.07187603076016 31.275242591521845 1.5999999999999996
      vertex -8.943297903915207 32.74489730635075 1.5999999999999996
      vertex -8.943297903915207 31.75510269364925 1.5999999999999996
    endloop
  endfacet
  facet normal 0 0 -1
    outer loop
      vertex -9.566773337110913 30.418055312393363 1.5999999999999996
      vertex -9.566773337110913 34.08194468760664 1.5999999999999996
      vertex -9.281827599214349 33.675 1.5999999999999996
    endloop
  endfacet
  facet normal 0 0 -1
    outer loop
      vertex -9.281827599214349 30.825 1.5999999999999996
      vertex -9.281827599214349 33.675 1.5999999999999996
      vertex -9.07187603076016 33.224757408478155 1.5999999999999996
    endloop
  endfacet
  facet normal 0 0 -1
    outer loop
      vertex -9.07187603076016 31.275242591521845 1.5999999999999996
      vertex -9.07187603076016 33.224757408478155 1.5999999999999996
      vertex -8.943297903915207 32.74489730635075 1.5999999999999996
    endloop
  endfacet
  facet normal 0 0 -1
    outer loop
      vertex -8.943297903915207 31.75510269364925 1.5999999999999996
      vertex -8.943297903915207 32.74489730635075 1.5999999999999996
      vertex -8.9 32.25 1.5999999999999996
    endloop
  endfacet
  facet normal -0.8191520442889899 -0.5735764363510488 0
    outer loop
      vertex -14.218172400785651 30.825 1.5999999999999996
      vertex -13.933226662889087 30.418055312393363 1.5999999999999996
      vertex -13.933226662889087 30.418055312393363 4.99
    endloop
  endfacet
  facet normal -0.9063077870366509 -0.4226182617406972 0
    outer loop
      vertex -14.386810403597309 31.186645364090513 1.5999999999999996
      vertex -14.218172400785651 30.825 1.5999999999999996
      vertex -14.386810403597309 31.186645364090513 4.99
    endloop
  endfacet
  facet normal -0.7071067811865476 -0.7071067811865476 0
    outer loop
      vertex -13.933226662889087 30.418055312393363 1.5999999999999996
      vertex -13.581944687606637 30.066773337110913 1.5999999999999996
      vertex -13.581944687606637 30.066773337110913 4.99
    endloop
  endfacet
  facet normal -0.42261826174069655 -0.9063077870366514 0
    outer loop
      vertex -12.724757408478157 29.571876030760162 1.5999999999999996
      vertex -12.724757408478157 29.571876030760162 4.99
      vertex -13.175 29.78182759921435 1.5999999999999996
    endloop
  endfacet
  facet normal -0.25881904510251863 -0.9659258262890689 0
    outer loop
      vertex -12.724757408478157 29.571876030760162 1.5999999999999996
      vertex -12.244897306350751 29.44329790391521 1.5999999999999996
      vertex -12.244897306350751 29.44329790391521 4.99
    endloop
  endfacet
  facet normal -0.5735764363510488 -0.8191520442889899 0
    outer loop
      vertex -13.581944687606637 30.066773337110913 1.5999999999999996
      vertex -13.175 29.78182759921435 1.5999999999999996
      vertex -13.175 29.78182759921435 4.99
    endloop
  endfacet
  facet normal -0.08715574274766452 -0.996194698091745 0
    outer loop
      vertex -12.244897306350751 29.44329790391521 1.5999999999999996
      vertex -11.75 29.4 1.5999999999999996
      vertex -11.75 29.4 4.99
    endloop
  endfacet
  facet normal 0.08715574274766452 -0.996194698091745 0
    outer loop
      vertex -11.75 29.4 1.5999999999999996
      vertex -11.255102693649249 29.44329790391521 1.5999999999999996
      vertex -11.255102693649249 29.44329790391521 4.99
    endloop
  endfacet
  facet normal 0.25881904510251863 -0.9659258262890689 0
    outer loop
      vertex -11.255102693649249 29.44329790391521 1.5999999999999996
      vertex -10.775242591521843 29.571876030760162 1.5999999999999996
      vertex -10.775242591521843 29.571876030760162 4.99
    endloop
  endfacet
  facet normal 0.42261826174069655 -0.9063077870366514 0
    outer loop
      vertex -10.775242591521843 29.571876030760162 1.5999999999999996
      vertex -10.325 29.78182759921435 1.5999999999999996
      vertex -10.325 29.78182759921435 4.99
    endloop
  endfacet
  facet normal 0.5735764363510488 -0.8191520442889899 0
    outer loop
      vertex -10.325 29.78182759921435 1.5999999999999996
      vertex -9.918055312393363 30.066773337110913 1.5999999999999996
      vertex -9.918055312393363 30.066773337110913 4.99
    endloop
  endfacet
  facet normal 0.42261826174070755 0.9063077870366463 0
    outer loop
      vertex -10.707854060526788 34.89670018116503 1.5999999999999996
      vertex -10.707854060526788 34.89670018116503 4.99
      vertex -10.325 34.71817240078565 1.5999999999999996
    endloop
  endfacet
  facet normal 0.5735764363510392 0.8191520442889966 0
    outer loop
      vertex -10.325 34.71817240078565 1.5999999999999996
      vertex -10.325 34.71817240078565 4.99
      vertex -9.918055312393363 34.43322666288909 1.5999999999999996
    endloop
  endfacet
  facet normal 0.7071067811865511 0.707106781186544 0
    outer loop
      vertex -9.918055312393363 34.43322666288909 1.5999999999999996
      vertex -9.918055312393363 34.43322666288909 4.99
      vertex -9.566773337110913 34.08194468760664 1.5999999999999996
    endloop
  endfacet
  facet normal -0.8191520442889899 -0.5735764363510488 0
    outer loop
      vertex -14.218172400785651 30.825 1.5999999999999996
      vertex -13.933226662889087 30.418055312393363 4.99
      vertex -14.218172400785651 30.825 4.99
    endloop
  endfacet
  facet normal -0.9063077870366509 -0.4226182617406972 0
    outer loop
      vertex -14.218172400785651 30.825 1.5999999999999996
      vertex -14.218172400785651 30.825 4.99
      vertex -14.386810403597309 31.186645364090513 4.99
    endloop
  endfacet
  facet normal -0.7071067811865476 -0.7071067811865476 0
    outer loop
      vertex -13.933226662889087 30.418055312393363 1.5999999999999996
      vertex -13.581944687606637 30.066773337110913 4.99
      vertex -13.933226662889087 30.418055312393363 4.99
    endloop
  endfacet
  facet normal -0.5735764363510488 -0.8191520442889899 0
    outer loop
      vertex -13.581944687606637 30.066773337110913 1.5999999999999996
      vertex -13.175 29.78182759921435 4.99
      vertex -13.581944687606637 30.066773337110913 4.99
    endloop
  endfacet
  facet normal -0.25881904510251863 -0.9659258262890689 0
    outer loop
      vertex -12.724757408478157 29.571876030760162 1.5999999999999996
      vertex -12.244897306350751 29.44329790391521 4.99
      vertex -12.724757408478157 29.571876030760162 4.99
    endloop
  endfacet
  facet normal -0.42261826174069655 -0.9063077870366514 0
    outer loop
      vertex -13.175 29.78182759921435 1.5999999999999996
      vertex -12.724757408478157 29.571876030760162 4.99
      vertex -13.175 29.78182759921435 4.99
    endloop
  endfacet
  facet normal -0.08715574274766452 -0.996194698091745 0
    outer loop
      vertex -12.244897306350751 29.44329790391521 1.5999999999999996
      vertex -11.75 29.4 4.99
      vertex -12.244897306350751 29.44329790391521 4.99
    endloop
  endfacet
  facet normal 0.08715574274766452 -0.996194698091745 0
    outer loop
      vertex -11.75 29.4 1.5999999999999996
      vertex -11.255102693649249 29.44329790391521 4.99
      vertex -11.75 29.4 4.99
    endloop
  endfacet
  facet normal 0.25881904510251863 -0.9659258262890689 0
    outer loop
      vertex -11.255102693649249 29.44329790391521 1.5999999999999996
      vertex -10.775242591521843 29.571876030760162 4.99
      vertex -11.255102693649249 29.44329790391521 4.99
    endloop
  endfacet
  facet normal 0.42261826174069655 -0.9063077870366514 0
    outer loop
      vertex -10.775242591521843 29.571876030760162 1.5999999999999996
      vertex -10.325 29.78182759921435 4.99
      vertex -10.775242591521843 29.571876030760162 4.99
    endloop
  endfacet
  facet normal 0.5735764363510488 -0.8191520442889899 0
    outer loop
      vertex -10.325 29.78182759921435 1.5999999999999996
      vertex -9.918055312393363 30.066773337110913 4.99
      vertex -10.325 29.78182759921435 4.99
    endloop
  endfacet
  facet normal 0.7071067811865476 -0.7071067811865476 0
    outer loop
      vertex -9.918055312393363 30.066773337110913 1.5999999999999996
      vertex -9.566773337110913 30.418055312393363 4.99
      vertex -9.918055312393363 30.066773337110913 4.99
    endloop
  endfacet
  facet normal 0.42261826174070755 0.9063077870366463 0
    outer loop
      vertex -10.325 34.71817240078565 1.5999999999999996
      vertex -10.707854060526788 34.89670018116503 4.99
      vertex -10.325 34.71817240078565 4.99
    endloop
  endfacet
  facet normal 0.5735764363510392 0.8191520442889966 0
    outer loop
      vertex -9.918055312393363 34.43322666288909 1.5999999999999996
      vertex -10.325 34.71817240078565 4.99
      vertex -9.918055312393363 34.43322666288909 4.99
    endloop
  endfacet
  facet normal -0.8191520442889899 -0.5735764363510487 0
    outer loop
      vertex -14.218172400785651 30.825 6.181532510892707
      vertex -13.933226662889087 30.418055312393363 6.199999999999999
      vertex -14.218172400785651 30.825 6.199999999999999
    endloop
  endfacet
  facet normal -0.8191520442889899 -0.5735764363510487 0
    outer loop
      vertex -14.218172400785651 30.825 6.181532510892707
      vertex -13.933226662889087 30.418055312393363 6.181532510892707
      vertex -13.933226662889087 30.418055312393363 6.199999999999999
    endloop
  endfacet
  facet normal -0.9063077870366506 -0.4226182617406981 0
    outer loop
      vertex -14.42812396923984 31.275242591521845 6.181532510892707
      vertex -14.218172400785651 30.825 6.199999999999999
      vertex -14.42812396923984 31.275242591521845 6.199999999999999
    endloop
  endfacet
  facet normal -0.9659258262890686 -0.25881904510251963 0
    outer loop
      vertex -14.42812396923984 31.275242591521845 6.181532510892707
      vertex -14.42812396923984 31.275242591521845 6.199999999999999
      vertex -14.556702096084793 31.75510269364925 6.181532510892707
    endloop
  endfacet
  facet normal -0.9659258262890686 -0.25881904510251963 0
    outer loop
      vertex -14.42812396923984 31.275242591521845 6.199999999999999
      vertex -14.556702096084793 31.75510269364925 6.199999999999999
      vertex -14.556702096084793 31.75510269364925 6.181532510892707
    endloop
  endfacet
  facet normal -0.9961946980917457 -0.08715574274765742 0
    outer loop
      vertex -14.556702096084793 31.75510269364925 6.181532510892707
      vertex -14.556702096084793 31.75510269364925 6.199999999999999
      vertex -14.6 32.25 6.181532510892707
    endloop
  endfacet
  facet normal 0 0 1
    outer loop
      vertex -14.42812396923984 31.275242591521845 6.199999999999999
      vertex -14.556702096084793 32.74489730635075 6.199999999999999
      vertex -14.556702096084793 31.75510269364925 6.199999999999999
    endloop
  endfacet
  facet normal 0 0 1
    outer loop
      vertex -14.42812396923984 31.275242591521845 6.199999999999999
      vertex -14.218172400785651 30.825 6.199999999999999
      vertex -14.42812396923984 33.224757408478155 6.199999999999999
    endloop
  endfacet
  facet normal -0.9063077870366506 -0.4226182617406981 0
    outer loop
      vertex -14.42812396923984 31.275242591521845 6.181532510892707
      vertex -14.218172400785651 30.825 6.181532510892707
      vertex -14.218172400785651 30.825 6.199999999999999
    endloop
  endfacet
  facet normal 0 0 1
    outer loop
      vertex -14.218172400785651 30.825 6.199999999999999
      vertex -13.933226662889087 30.418055312393363 6.199999999999999
      vertex -14.218172400785651 33.675 6.199999999999999
    endloop
  endfacet
  facet normal -0.7071067811865475 -0.7071067811865475 0
    outer loop
      vertex -13.933226662889087 30.418055312393363 6.181532510892707
      vertex -13.581944687606637 30.066773337110913 6.199999999999999
      vertex -13.933226662889087 30.418055312393363 6.199999999999999
    endloop
  endfacet
  facet normal -0.7071067811865475 -0.7071067811865475 0
    outer loop
      vertex -13.933226662889087 30.418055312393363 6.181532510892707
      vertex -13.581944687606637 30.066773337110913 6.181532510892707
      vertex -13.581944687606637 30.066773337110913 6.199999999999999
    endloop
  endfacet
  facet normal -0.5735764363510487 -0.8191520442889899 0
    outer loop
      vertex -13.581944687606637 30.066773337110913 6.181532510892707
      vertex -13.175 29.78182759921435 6.199999999999999
      vertex -13.581944687606637 30.066773337110913 6.199999999999999
    endloop
  endfacet
  facet normal 0 0 1
    outer loop
      vertex -13.933226662889087 30.418055312393363 6.199999999999999
      vertex -13.581944687606637 30.066773337110913 6.199999999999999
      vertex -13.933226662889087 34.08194468760664 6.199999999999999
    endloop
  endfacet
  facet normal 0 0 1
    outer loop
      vertex -13.581944687606637 30.066773337110913 6.199999999999999
      vertex -13.175 29.78182759921435 6.199999999999999
      vertex -13.581944687606637 34.43322666288909 6.199999999999999
    endloop
  endfacet
  facet normal -0.42261826174069655 -0.9063077870366513 0
    outer loop
      vertex -12.724757408478157 29.571876030760162 6.181532510892707
      vertex -12.724757408478157 29.571876030760162 6.199999999999999
      vertex -13.175 29.78182759921435 6.181532510892707
    endloop
  endfacet
  facet normal -0.2588190451025187 -0.9659258262890688 0
    outer loop
      vertex -12.724757408478157 29.571876030760162 6.181532510892707
      vertex -12.244897306350751 29.44329790391521 6.199999999999999
      vertex -12.724757408478157 29.571876030760162 6.199999999999999
    endloop
  endfacet
  facet normal -0.2588190451025187 -0.9659258262890688 0
    outer loop
      vertex -12.724757408478157 29.571876030760162 6.181532510892707
      vertex -12.244897306350751 29.44329790391521 6.181532510892707
      vertex -12.244897306350751 29.44329790391521 6.199999999999999
    endloop
  endfacet
  facet normal -0.5735764363510487 -0.8191520442889899 0
    outer loop
      vertex -13.581944687606637 30.066773337110913 6.181532510892707
      vertex -13.175 29.78182759921435 6.181532510892707
      vertex -13.175 29.78182759921435 6.199999999999999
    endloop
  endfacet
  facet normal -0.42261826174069655 -0.9063077870366513 0
    outer loop
      vertex -12.724757408478157 29.571876030760162 6.199999999999999
      vertex -13.175 29.78182759921435 6.199999999999999
      vertex -13.175 29.78182759921435 6.181532510892707
    endloop
  endfacet
  facet normal 0 0 1
    outer loop
      vertex -12.724757408478157 29.571876030760162 6.199999999999999
      vertex -13.065569669100272 31.771171799344064 6.199999999999999
      vertex -13.175 29.78182759921435 6.199999999999999
    endloop
  endfacet
  facet normal 0 0 1
    outer loop
      vertex -13.175 29.78182759921435 6.199999999999999
      vertex -13.065569669100272 31.771171799344064 6.199999999999999
      vertex -13.15 32.25 6.199999999999999
    endloop
  endfacet
  facet normal 0 0 1
    outer loop
      vertex -12.724757408478157 29.571876030760162 6.199999999999999
      vertex -12.82246222036657 31.350097346438844 6.199999999999999
      vertex -13.065569669100272 31.771171799344064 6.199999999999999
    endloop
  endfacet
  facet normal 0 0 1
    outer loop
      vertex -12.724757408478157 29.571876030760162 6.199999999999999
      vertex -12.45 31.037564434701785 6.199999999999999
      vertex -12.82246222036657 31.350097346438844 6.199999999999999
    endloop
  endfacet
  facet normal 0 0 1
    outer loop
      vertex -12.724757408478157 29.571876030760162 6.199999999999999
      vertex -12.244897306350751 29.44329790391521 6.199999999999999
      vertex -12.45 31.037564434701785 6.199999999999999
    endloop
  endfacet
  facet normal 0 0 1
    outer loop
      vertex -12.244897306350751 29.44329790391521 6.199999999999999
      vertex -11.993107448733703 30.871269145782907 6.199999999999999
      vertex -12.45 31.037564434701785 6.199999999999999
    endloop
  endfacet
  facet normal -0.9961946980917457 -0.08715574274765742 0
    outer loop
      vertex -14.556702096084793 31.75510269364925 6.199999999999999
      vertex -14.6 32.25 6.199999999999999
      vertex -14.6 32.25 6.181532510892707
    endloop
  endfacet
  facet normal 0 0 1
    outer loop
      vertex -14.556702096084793 31.75510269364925 6.199999999999999
      vertex -14.556702096084793 32.74489730635075 6.199999999999999
      vertex -14.6 32.25 6.199999999999999
    endloop
  endfacet
  facet normal -0.9961946980917457 0.08715574274765742 0
    outer loop
      vertex -14.6 32.25 6.181532510892707
      vertex -14.6 32.25 6.199999999999999
      vertex -14.556702096084793 32.74489730635075 6.181532510892707
    endloop
  endfacet
  facet normal 0 0 1
    outer loop
      vertex -14.42812396923984 31.275242591521845 6.199999999999999
      vertex -14.42812396923984 33.224757408478155 6.199999999999999
      vertex -14.556702096084793 32.74489730635075 6.199999999999999
    endloop
  endfacet
  facet normal -0.9961946980917457 0.08715574274765742 0
    outer loop
      vertex -14.6 32.25 6.199999999999999
      vertex -14.556702096084793 32.74489730635075 6.199999999999999
      vertex -14.556702096084793 32.74489730635075 6.181532510892707
    endloop
  endfacet
  facet normal -0.9659258262890686 0.25881904510251963 0
    outer loop
      vertex -14.556702096084793 32.74489730635075 6.181532510892707
      vertex -14.556702096084793 32.74489730635075 6.199999999999999
      vertex -14.42812396923984 33.224757408478155 6.181532510892707
    endloop
  endfacet
  facet normal -0.9659258262890686 0.25881904510251963 0
    outer loop
      vertex -14.556702096084793 32.74489730635075 6.199999999999999
      vertex -14.42812396923984 33.224757408478155 6.199999999999999
      vertex -14.42812396923984 33.224757408478155 6.181532510892707
    endloop
  endfacet
  facet normal 0 0 1
    outer loop
      vertex -14.218172400785651 30.825 6.199999999999999
      vertex -14.218172400785651 33.675 6.199999999999999
      vertex -14.42812396923984 33.224757408478155 6.199999999999999
    endloop
  endfacet
  facet normal 0 0 1
    outer loop
      vertex -13.933226662889087 30.418055312393363 6.199999999999999
      vertex -13.933226662889087 34.08194468760664 6.199999999999999
      vertex -14.218172400785651 33.675 6.199999999999999
    endloop
  endfacet
  facet normal -0.9063077870366492 0.42261826174070083 0
    outer loop
      vertex -14.42812396923984 33.224757408478155 6.181532510892707
      vertex -14.42812396923984 33.224757408478155 6.199999999999999
      vertex -14.218172400785651 33.675 6.181532510892707
    endloop
  endfacet
  facet normal -0.9063077870366492 0.42261826174070083 0
    outer loop
      vertex -14.42812396923984 33.224757408478155 6.199999999999999
      vertex -14.218172400785651 33.675 6.199999999999999
      vertex -14.218172400785651 33.675 6.181532510892707
    endloop
  endfacet
  facet normal -0.8191520442889921 0.5735764363510454 0
    outer loop
      vertex -14.218172400785651 33.675 6.181532510892707
      vertex -14.218172400785651 33.675 6.199999999999999
      vertex -13.933226662889087 34.08194468760664 6.181532510892707
    endloop
  endfacet
  facet normal -0.8191520442889921 0.5735764363510454 0
    outer loop
      vertex -14.218172400785651 33.675 6.199999999999999
      vertex -13.933226662889087 34.08194468760664 6.199999999999999
      vertex -13.933226662889087 34.08194468760664 6.181532510892707
    endloop
  endfacet
  facet normal 0 0 1
    outer loop
      vertex -13.581944687606637 30.066773337110913 6.199999999999999
      vertex -13.581944687606637 34.43322666288909 6.199999999999999
      vertex -13.933226662889087 34.08194468760664 6.199999999999999
    endloop
  endfacet
  facet normal -0.707106781186551 0.7071067811865439 0
    outer loop
      vertex -13.933226662889087 34.08194468760664 6.181532510892707
      vertex -13.933226662889087 34.08194468760664 6.199999999999999
      vertex -13.581944687606637 34.43322666288909 6.181532510892707
    endloop
  endfacet
  facet normal -0.707106781186551 0.7071067811865439 0
    outer loop
      vertex -13.933226662889087 34.08194468760664 6.199999999999999
      vertex -13.581944687606637 34.43322666288909 6.199999999999999
      vertex -13.581944687606637 34.43322666288909 6.181532510892707
    endloop
  endfacet
  facet normal -0.5735764363510392 0.8191520442889967 0
    outer loop
      vertex -13.581944687606637 34.43322666288909 6.181532510892707
      vertex -13.581944687606637 34.43322666288909 6.199999999999999
      vertex -13.175 34.71817240078565 6.181532510892707
    endloop
  endfacet
  facet normal 0 0 1
    outer loop
      vertex -13.175 29.78182759921435 6.199999999999999
      vertex -13.15 32.25 6.199999999999999
      vertex -13.175 34.71817240078565 6.199999999999999
    endloop
  endfacet
  facet normal 0 0 1
    outer loop
      vertex -13.175 29.78182759921435 6.199999999999999
      vertex -13.175 34.71817240078565 6.199999999999999
      vertex -13.581944687606637 34.43322666288909 6.199999999999999
    endloop
  endfacet
  facet normal 0 0 1
    outer loop
      vertex -13.15 32.25 6.199999999999999
      vertex -13.065569669100272 32.72882820065593 6.199999999999999
      vertex -13.175 34.71817240078565 6.199999999999999
    endloop
  endfacet
  facet normal 0 0 1
    outer loop
      vertex -13.065569669100272 32.72882820065593 6.199999999999999
      vertex -12.82246222036657 33.149902653561156 6.199999999999999
      vertex -13.175 34.71817240078565 6.199999999999999
    endloop
  endfacet
  facet normal 0 0 1
    outer loop
      vertex -12.82246222036657 33.149902653561156 6.199999999999999
      vertex -12.45 33.462435565298215 6.199999999999999
      vertex -13.175 34.71817240078565 6.199999999999999
    endloop
  endfacet
  facet normal 0 0 1
    outer loop
      vertex -12.45 33.462435565298215 6.199999999999999
      vertex -11.993107448733703 33.62873085421709 6.199999999999999
      vertex -12.724757408478157 34.92812396923984 6.199999999999999
    endloop
  endfacet
  facet normal -0.5735764363510392 0.8191520442889967 0
    outer loop
      vertex -13.581944687606637 34.43322666288909 6.199999999999999
      vertex -13.175 34.71817240078565 6.199999999999999
      vertex -13.175 34.71817240078565 6.181532510892707
    endloop
  endfacet
  facet normal -0.4226182617407083 0.9063077870366457 0
    outer loop
      vertex -13.175 34.71817240078565 6.181532510892707
      vertex -13.175 34.71817240078565 6.199999999999999
      vertex -12.724757408478157 34.92812396923984 6.181532510892707
    endloop
  endfacet
  facet normal -0.4226182617407083 0.9063077870366457 0
    outer loop
      vertex -13.175 34.71817240078565 6.199999999999999
      vertex -12.724757408478157 34.92812396923984 6.199999999999999
      vertex -12.724757408478157 34.92812396923984 6.181532510892707
    endloop
  endfacet
  facet normal 0 0 1
    outer loop
      vertex -12.45 33.462435565298215 6.199999999999999
      vertex -12.724757408478157 34.92812396923984 6.199999999999999
      vertex -13.175 34.71817240078565 6.199999999999999
    endloop
  endfacet
  facet normal -0.258819045102512 0.9659258262890705 0
    outer loop
      vertex -12.724757408478157 34.92812396923984 6.181532510892707
      vertex -12.724757408478157 34.92812396923984 6.199999999999999
      vertex -12.244897306350751 35.05670209608479 6.181532510892707
    endloop
  endfacet
  facet normal 0 0 1
    outer loop
      vertex -12.724757408478157 34.92812396923984 6.199999999999999
      vertex -11.993107448733703 33.62873085421709 6.199999999999999
      vertex -12.244897306350751 35.05670209608479 6.199999999999999
    endloop
  endfacet
  facet normal -0.258819045102512 0.9659258262890705 0
    outer loop
      vertex -12.724757408478157 34.92812396923984 6.199999999999999
      vertex -12.244897306350751 35.05670209608479 6.199999999999999
      vertex -12.244897306350751 35.05670209608479 6.181532510892707
    endloop
  endfacet
  facet normal -0.08715574274766451 -0.9961946980917449 0
    outer loop
      vertex -12.244897306350751 29.44329790391521 6.181532510892707
      vertex -11.75 29.4 6.199999999999999
      vertex -12.244897306350751 29.44329790391521 6.199999999999999
    endloop
  endfacet
  facet normal -0.08715574274766451 -0.9961946980917449 0
    outer loop
      vertex -12.244897306350751 29.44329790391521 6.181532510892707
      vertex -11.75 29.4 6.181532510892707
      vertex -11.75 29.4 6.199999999999999
    endloop
  endfacet
  facet normal 0.08715574274766451 -0.9961946980917449 0
    outer loop
      vertex -11.75 29.4 6.181532510892707
      vertex -11.255102693649249 29.44329790391521 6.199999999999999
      vertex -11.75 29.4 6.199999999999999
    endloop
  endfacet
  facet normal 0.08715574274766451 -0.9961946980917449 0
    outer loop
      vertex -11.75 29.4 6.181532510892707
      vertex -11.255102693649249 29.44329790391521 6.181532510892707
      vertex -11.255102693649249 29.44329790391521 6.199999999999999
    endloop
  endfacet
  facet normal 0.2588190451025187 -0.9659258262890688 0
    outer loop
      vertex -11.255102693649249 29.44329790391521 6.181532510892707
      vertex -10.775242591521843 29.571876030760162 6.199999999999999
      vertex -11.255102693649249 29.44329790391521 6.199999999999999
    endloop
  endfacet
  facet normal 0 0 1
    outer loop
      vertex -12.244897306350751 29.44329790391521 6.199999999999999
      vertex -11.75 29.4 6.199999999999999
      vertex -11.993107448733703 30.871269145782907 6.199999999999999
    endloop
  endfacet
  facet normal 0 0 1
    outer loop
      vertex -11.75 29.4 6.199999999999999
      vertex -11.506892551266297 30.871269145782907 6.199999999999999
      vertex -11.993107448733703 30.871269145782907 6.199999999999999
    endloop
  endfacet
  facet normal 0 0 1
    outer loop
      vertex -11.75 29.4 6.199999999999999
      vertex -11.255102693649249 29.44329790391521 6.199999999999999
      vertex -11.506892551266297 30.871269145782907 6.199999999999999
    endloop
  endfacet
  facet normal 0 0 1
    outer loop
      vertex -11.255102693649249 29.44329790391521 6.199999999999999
      vertex -10.775242591521843 29.571876030760162 6.199999999999999
      vertex -11.506892551266297 30.871269145782907 6.199999999999999
    endloop
  endfacet
  facet normal 0 0 1
    outer loop
      vertex -11.506892551266297 30.871269145782907 6.199999999999999
      vertex -10.775242591521843 29.571876030760162 6.199999999999999
      vertex -11.05 31.037564434701785 6.199999999999999
    endloop
  endfacet
  facet normal 0.2588190451025187 -0.9659258262890688 0
    outer loop
      vertex -11.255102693649249 29.44329790391521 6.181532510892707
      vertex -10.775242591521843 29.571876030760162 6.181532510892707
      vertex -10.775242591521843 29.571876030760162 6.199999999999999
    endloop
  endfacet
  facet normal 0.42261826174069655 -0.9063077870366513 0
    outer loop
      vertex -10.775242591521843 29.571876030760162 6.181532510892707
      vertex -10.325 29.78182759921435 6.199999999999999
      vertex -10.775242591521843 29.571876030760162 6.199999999999999
    endloop
  endfacet
  facet normal 0 0 1
    outer loop
      vertex -11.05 31.037564434701785 6.199999999999999
      vertex -10.775242591521843 29.571876030760162 6.199999999999999
      vertex -10.325 29.78182759921435 6.199999999999999
    endloop
  endfacet
  facet normal 0 0 1
    outer loop
      vertex -11.05 31.037564434701785 6.199999999999999
      vertex -10.325 29.78182759921435 6.199999999999999
      vertex -10.67753777963343 31.350097346438844 6.199999999999999
    endloop
  endfacet
  facet normal 0.42261826174069655 -0.9063077870366513 0
    outer loop
      vertex -10.775242591521843 29.571876030760162 6.181532510892707
      vertex -10.325 29.78182759921435 6.181532510892707
      vertex -10.325 29.78182759921435 6.199999999999999
    endloop
  endfacet
  facet normal 0 0 1
    outer loop
      vertex -10.67753777963343 31.350097346438844 6.199999999999999
      vertex -10.325 29.78182759921435 6.199999999999999
      vertex -10.434430330899728 31.771171799344064 6.199999999999999
    endloop
  endfacet
  facet normal 0 0 1
    outer loop
      vertex -10.434430330899728 31.771171799344064 6.199999999999999
      vertex -10.325 29.78182759921435 6.199999999999999
      vertex -10.35 32.25 6.199999999999999
    endloop
  endfacet
  facet normal 0.5735764363510487 -0.8191520442889899 0
    outer loop
      vertex -10.325 29.78182759921435 6.181532510892707
      vertex -9.918055312393363 30.066773337110913 6.199999999999999
      vertex -10.325 29.78182759921435 6.199999999999999
    endloop
  endfacet
  facet normal 0.5735764363510487 -0.8191520442889899 0
    outer loop
      vertex -10.325 29.78182759921435 6.181532510892707
      vertex -9.918055312393363 30.066773337110913 6.181532510892707
      vertex -9.918055312393363 30.066773337110913 6.199999999999999
    endloop
  endfacet
  facet normal 0.7071067811865475 -0.7071067811865475 0
    outer loop
      vertex -9.918055312393363 30.066773337110913 6.181532510892707
      vertex -9.566773337110913 30.418055312393363 6.199999999999999
      vertex -9.918055312393363 30.066773337110913 6.199999999999999
    endloop
  endfacet
  facet normal 0 0 1
    outer loop
      vertex -10.325 29.78182759921435 6.199999999999999
      vertex -9.918055312393363 30.066773337110913 6.199999999999999
      vertex -10.325 34.71817240078565 6.199999999999999
    endloop
  endfacet
  facet normal 0 0 1
    outer loop
      vertex -9.918055312393363 30.066773337110913 6.199999999999999
      vertex -9.566773337110913 30.418055312393363 6.199999999999999
      vertex -9.918055312393363 34.43322666288909 6.199999999999999
    endloop
  endfacet
  facet normal 0 0 1
    outer loop
      vertex -11.993107448733703 33.62873085421709 6.199999999999999
      vertex -11.506892551266297 33.62873085421709 6.199999999999999
      vertex -11.75 35.1 6.199999999999999
    endloop
  endfacet
  facet normal 0 0 1
    outer loop
      vertex -11.506892551266297 33.62873085421709 6.199999999999999
      vertex -11.05 33.462435565298215 6.199999999999999
      vertex -11.255102693649249 35.05670209608479 6.199999999999999
    endloop
  endfacet
  facet normal 0 0 1
    outer loop
      vertex -12.244897306350751 35.05670209608479 6.199999999999999
      vertex -11.993107448733703 33.62873085421709 6.199999999999999
      vertex -11.75 35.1 6.199999999999999
    endloop
  endfacet
  facet normal -0.08715574274766451 0.9961946980917449 0
    outer loop
      vertex -12.244897306350751 35.05670209608479 6.181532510892707
      vertex -12.244897306350751 35.05670209608479 6.199999999999999
      vertex -11.75 35.1 6.181532510892707
    endloop
  endfacet
  facet normal -0.08715574274766451 0.9961946980917449 0
    outer loop
      vertex -12.244897306350751 35.05670209608479 6.199999999999999
      vertex -11.75 35.1 6.199999999999999
      vertex -11.75 35.1 6.181532510892707
    endloop
  endfacet
  facet normal 0.08715574274766451 0.9961946980917449 0
    outer loop
      vertex -11.75 35.1 6.181532510892707
      vertex -11.75 35.1 6.199999999999999
      vertex -11.255102693649249 35.05670209608479 6.181532510892707
    endloop
  endfacet
  facet normal 0 0 1
    outer loop
      vertex -11.506892551266297 33.62873085421709 6.199999999999999
      vertex -11.255102693649249 35.05670209608479 6.199999999999999
      vertex -11.75 35.1 6.199999999999999
    endloop
  endfacet
  facet normal 0.08715574274766451 0.9961946980917449 0
    outer loop
      vertex -11.75 35.1 6.199999999999999
      vertex -11.255102693649249 35.05670209608479 6.199999999999999
      vertex -11.255102693649249 35.05670209608479 6.181532510892707
    endloop
  endfacet
  facet normal 0 0 1
    outer loop
      vertex -11.05 33.462435565298215 6.199999999999999
      vertex -10.775242591521843 34.92812396923984 6.199999999999999
      vertex -11.255102693649249 35.05670209608479 6.199999999999999
    endloop
  endfacet
  facet normal 0.258819045102512 0.9659258262890705 0
    outer loop
      vertex -11.255102693649249 35.05670209608479 6.181532510892707
      vertex -11.255102693649249 35.05670209608479 6.199999999999999
      vertex -10.775242591521843 34.92812396923984 6.181532510892707
    endloop
  endfacet
  facet normal 0 0 1
    outer loop
      vertex -11.05 33.462435565298215 6.199999999999999
      vertex -10.67753777963343 33.149902653561156 6.199999999999999
      vertex -10.775242591521843 34.92812396923984 6.199999999999999
    endloop
  endfacet
  facet normal 0 0 1
    outer loop
      vertex -10.434430330899728 32.72882820065593 6.199999999999999
      vertex -10.775242591521843 34.92812396923984 6.199999999999999
      vertex -10.67753777963343 33.149902653561156 6.199999999999999
    endloop
  endfacet
  facet normal 0 0 1
    outer loop
      vertex -10.35 32.25 6.199999999999999
      vertex -10.325 34.71817240078565 6.199999999999999
      vertex -10.434430330899728 32.72882820065593 6.199999999999999
    endloop
  endfacet
  facet normal 0 0 1
    outer loop
      vertex -10.434430330899728 32.72882820065593 6.199999999999999
      vertex -10.325 34.71817240078565 6.199999999999999
      vertex -10.775242591521843 34.92812396923984 6.199999999999999
    endloop
  endfacet
  facet normal 0 0 1
    outer loop
      vertex -10.325 29.78182759921435 6.199999999999999
      vertex -10.325 34.71817240078565 6.199999999999999
      vertex -10.35 32.25 6.199999999999999
    endloop
  endfacet
  facet normal 0 0 1
    outer loop
      vertex -9.918055312393363 30.066773337110913 6.199999999999999
      vertex -9.918055312393363 34.43322666288909 6.199999999999999
      vertex -10.325 34.71817240078565 6.199999999999999
    endloop
  endfacet
  facet normal 0.258819045102512 0.9659258262890705 0
    outer loop
      vertex -11.255102693649249 35.05670209608479 6.199999999999999
      vertex -10.775242591521843 34.92812396923984 6.199999999999999
      vertex -10.775242591521843 34.92812396923984 6.181532510892707
    endloop
  endfacet
  facet normal 0.4226182617407083 0.9063077870366457 0
    outer loop
      vertex -10.775242591521843 34.92812396923984 6.181532510892707
      vertex -10.775242591521843 34.92812396923984 6.199999999999999
      vertex -10.325 34.71817240078565 6.181532510892707
    endloop
  endfacet
  facet normal 0.4226182617407083 0.9063077870366457 0
    outer loop
      vertex -10.775242591521843 34.92812396923984 6.199999999999999
      vertex -10.325 34.71817240078565 6.199999999999999
      vertex -10.325 34.71817240078565 6.181532510892707
    endloop
  endfacet
  facet normal 0.5735764363510392 0.8191520442889967 0
    outer loop
      vertex -10.325 34.71817240078565 6.181532510892707
      vertex -10.325 34.71817240078565 6.199999999999999
      vertex -9.918055312393363 34.43322666288909 6.181532510892707
    endloop
  endfacet
  facet normal 0.5735764363510392 0.8191520442889967 0
    outer loop
      vertex -10.325 34.71817240078565 6.199999999999999
      vertex -9.918055312393363 34.43322666288909 6.199999999999999
      vertex -9.918055312393363 34.43322666288909 6.181532510892707
    endloop
  endfacet
  facet normal 0.707106781186551 0.7071067811865439 0
    outer loop
      vertex -9.918055312393363 34.43322666288909 6.181532510892707
      vertex -9.918055312393363 34.43322666288909 6.199999999999999
      vertex -9.566773337110913 34.08194468760664 6.181532510892707
    endloop
  endfacet
  facet normal 0.7071067811865476 -0.7071067811865476 0
    outer loop
      vertex -9.918055312393363 30.066773337110913 1.5999999999999996
      vertex -9.566773337110913 30.418055312393363 1.5999999999999996
      vertex -9.566773337110913 30.418055312393363 4.99
    endloop
  endfacet
  facet normal 0.8191520442889899 -0.5735764363510488 0
    outer loop
      vertex -9.566773337110913 30.418055312393363 1.5999999999999996
      vertex -9.281827599214349 30.825 1.5999999999999996
      vertex -9.281827599214349 30.825 4.99
    endloop
  endfacet
  facet normal 0.9063077870366506 -0.4226182617406981 0
    outer loop
      vertex -9.281827599214349 30.825 1.5999999999999996
      vertex -9.07187603076016 31.275242591521845 1.5999999999999996
      vertex -9.07187603076016 31.275242591521845 4.99
    endloop
  endfacet
  facet normal 0.9659258262890685 -0.2588190451025196 0
    outer loop
      vertex -9.07187603076016 31.275242591521845 1.5999999999999996
      vertex -8.943297903915207 31.75510269364925 1.5999999999999996
      vertex -8.943297903915207 31.75510269364925 4.99
    endloop
  endfacet
  facet normal 0.8191520442889922 0.5735764363510455 0
    outer loop
      vertex -9.566773337110913 34.08194468760664 1.5999999999999996
      vertex -9.566773337110913 34.08194468760664 4.99
      vertex -9.281827599214349 33.675 1.5999999999999996
    endloop
  endfacet
  facet normal 0.9063077870366494 0.42261826174070083 0
    outer loop
      vertex -9.281827599214349 33.675 1.5999999999999996
      vertex -9.281827599214349 33.675 4.99
      vertex -9.07187603076016 33.224757408478155 1.5999999999999996
    endloop
  endfacet
  facet normal 0.9961946980917457 -0.08715574274765743 0
    outer loop
      vertex -8.943297903915207 31.75510269364925 1.5999999999999996
      vertex -8.9 32.25 1.5999999999999996
      vertex -8.9 32.25 4.99
    endloop
  endfacet
  facet normal 0.9659258262890685 0.2588190451025196 0
    outer loop
      vertex -8.943297903915207 32.74489730635075 1.5999999999999996
      vertex -9.07187603076016 33.224757408478155 1.5999999999999996
      vertex -9.07187603076016 33.224757408478155 4.99
    endloop
  endfacet
  facet normal 0.9961946980917457 0.08715574274765743 0
    outer loop
      vertex -8.9 32.25 1.5999999999999996
      vertex -8.943297903915207 32.74489730635075 1.5999999999999996
      vertex -8.943297903915207 32.74489730635075 4.99
    endloop
  endfacet
  facet normal 0.8191520442889899 -0.5735764363510488 0
    outer loop
      vertex -9.566773337110913 30.418055312393363 1.5999999999999996
      vertex -9.281827599214349 30.825 4.99
      vertex -9.566773337110913 30.418055312393363 4.99
    endloop
  endfacet
  facet normal 0.9063077870366506 -0.4226182617406981 0
    outer loop
      vertex -9.281827599214349 30.825 1.5999999999999996
      vertex -9.07187603076016 31.275242591521845 4.99
      vertex -9.281827599214349 30.825 4.99
    endloop
  endfacet
  facet normal 0.9659258262890685 -0.2588190451025196 0
    outer loop
      vertex -9.07187603076016 31.275242591521845 1.5999999999999996
      vertex -8.943297903915207 31.75510269364925 4.99
      vertex -9.07187603076016 31.275242591521845 4.99
    endloop
  endfacet
  facet normal 0.9961946980917457 -0.08715574274765743 0
    outer loop
      vertex -8.943297903915207 31.75510269364925 1.5999999999999996
      vertex -8.9 32.25 4.99
      vertex -8.943297903915207 31.75510269364925 4.99
    endloop
  endfacet
  facet normal 0.7071067811865511 0.707106781186544 0
    outer loop
      vertex -9.566773337110913 34.08194468760664 1.5999999999999996
      vertex -9.918055312393363 34.43322666288909 4.99
      vertex -9.566773337110913 34.08194468760664 4.99
    endloop
  endfacet
  facet normal 0.9063077870366494 0.42261826174070083 0
    outer loop
      vertex -9.07187603076016 33.224757408478155 1.5999999999999996
      vertex -9.281827599214349 33.675 4.99
      vertex -9.07187603076016 33.224757408478155 4.99
    endloop
  endfacet
  facet normal 0.8191520442889922 0.5735764363510455 0
    outer loop
      vertex -9.281827599214349 33.675 1.5999999999999996
      vertex -9.566773337110913 34.08194468760664 4.99
      vertex -9.281827599214349 33.675 4.99
    endloop
  endfacet
  facet normal 0.9961946980917457 0.08715574274765743 0
    outer loop
      vertex -8.9 32.25 1.5999999999999996
      vertex -8.943297903915207 32.74489730635075 4.99
      vertex -8.9 32.25 4.99
    endloop
  endfacet
  facet normal 0.9659258262890685 0.2588190451025196 0
    outer loop
      vertex -8.943297903915207 32.74489730635075 1.5999999999999996
      vertex -9.07187603076016 33.224757408478155 4.99
      vertex -8.943297903915207 32.74489730635075 4.99
    endloop
  endfacet
  facet normal 0.7071067811865475 -0.7071067811865475 0
    outer loop
      vertex -9.918055312393363 30.066773337110913 6.181532510892707
      vertex -9.566773337110913 30.418055312393363 6.181532510892707
      vertex -9.566773337110913 30.418055312393363 6.199999999999999
    endloop
  endfacet
  facet normal 0.8191520442889899 -0.5735764363510487 0
    outer loop
      vertex -9.566773337110913 30.418055312393363 6.181532510892707
      vertex -9.281827599214349 30.825 6.199999999999999
      vertex -9.566773337110913 30.418055312393363 6.199999999999999
    endloop
  endfacet
  facet normal 0.8191520442889899 -0.5735764363510487 0
    outer loop
      vertex -9.566773337110913 30.418055312393363 6.181532510892707
      vertex -9.281827599214349 30.825 6.181532510892707
      vertex -9.281827599214349 30.825 6.199999999999999
    endloop
  endfacet
  facet normal 0 0 1
    outer loop
      vertex -9.566773337110913 30.418055312393363 6.199999999999999
      vertex -9.281827599214349 30.825 6.199999999999999
      vertex -9.566773337110913 34.08194468760664 6.199999999999999
    endloop
  endfacet
  facet normal 0.9063077870366506 -0.4226182617406981 0
    outer loop
      vertex -9.281827599214349 30.825 6.181532510892707
      vertex -9.07187603076016 31.275242591521845 6.199999999999999
      vertex -9.281827599214349 30.825 6.199999999999999
    endloop
  endfacet
  facet normal 0.9063077870366506 -0.4226182617406981 0
    outer loop
      vertex -9.281827599214349 30.825 6.181532510892707
      vertex -9.07187603076016 31.275242591521845 6.181532510892707
      vertex -9.07187603076016 31.275242591521845 6.199999999999999
    endloop
  endfacet
  facet normal 0 0 1
    outer loop
      vertex -9.281827599214349 30.825 6.199999999999999
      vertex -9.07187603076016 31.275242591521845 6.199999999999999
      vertex -9.281827599214349 33.675 6.199999999999999
    endloop
  endfacet
  facet normal 0.9659258262890686 -0.25881904510251963 0
    outer loop
      vertex -9.07187603076016 31.275242591521845 6.181532510892707
      vertex -8.943297903915207 31.75510269364925 6.199999999999999
      vertex -9.07187603076016 31.275242591521845 6.199999999999999
    endloop
  endfacet
  facet normal 0.9659258262890686 -0.25881904510251963 0
    outer loop
      vertex -9.07187603076016 31.275242591521845 6.181532510892707
      vertex -8.943297903915207 31.75510269364925 6.181532510892707
      vertex -8.943297903915207 31.75510269364925 6.199999999999999
    endloop
  endfacet
  facet normal 0.9961946980917457 -0.08715574274765742 0
    outer loop
      vertex -8.943297903915207 31.75510269364925 6.181532510892707
      vertex -8.9 32.25 6.199999999999999
      vertex -8.943297903915207 31.75510269364925 6.199999999999999
    endloop
  endfacet
  facet normal 0 0 1
    outer loop
      vertex -9.918055312393363 34.43322666288909 6.199999999999999
      vertex -9.566773337110913 30.418055312393363 6.199999999999999
      vertex -9.566773337110913 34.08194468760664 6.199999999999999
    endloop
  endfacet
  facet normal 0 0 1
    outer loop
      vertex -9.281827599214349 30.825 6.199999999999999
      vertex -9.281827599214349 33.675 6.199999999999999
      vertex -9.566773337110913 34.08194468760664 6.199999999999999
    endloop
  endfacet
  facet normal 0 0 1
    outer loop
      vertex -9.07187603076016 31.275242591521845 6.199999999999999
      vertex -9.07187603076016 33.224757408478155 6.199999999999999
      vertex -9.281827599214349 33.675 6.199999999999999
    endloop
  endfacet
  facet normal 0.707106781186551 0.7071067811865439 0
    outer loop
      vertex -9.918055312393363 34.43322666288909 6.199999999999999
      vertex -9.566773337110913 34.08194468760664 6.199999999999999
      vertex -9.566773337110913 34.08194468760664 6.181532510892707
    endloop
  endfacet
  facet normal 0.8191520442889921 0.5735764363510454 0
    outer loop
      vertex -9.566773337110913 34.08194468760664 6.181532510892707
      vertex -9.566773337110913 34.08194468760664 6.199999999999999
      vertex -9.281827599214349 33.675 6.181532510892707
    endloop
  endfacet
  facet normal 0.9063077870366492 0.42261826174070083 0
    outer loop
      vertex -9.281827599214349 33.675 6.181532510892707
      vertex -9.281827599214349 33.675 6.199999999999999
      vertex -9.07187603076016 33.224757408478155 6.181532510892707
    endloop
  endfacet
  facet normal 0.9063077870366492 0.42261826174070083 0
    outer loop
      vertex -9.281827599214349 33.675 6.199999999999999
      vertex -9.07187603076016 33.224757408478155 6.199999999999999
      vertex -9.07187603076016 33.224757408478155 6.181532510892707
    endloop
  endfacet
  facet normal 0.8191520442889921 0.5735764363510454 0
    outer loop
      vertex -9.566773337110913 34.08194468760664 6.199999999999999
      vertex -9.281827599214349 33.675 6.199999999999999
      vertex -9.281827599214349 33.675 6.181532510892707
    endloop
  endfacet
  facet normal 0 0 1
    outer loop
      vertex -9.07187603076016 31.275242591521845 6.199999999999999
      vertex -8.943297903915207 31.75510269364925 6.199999999999999
      vertex -9.07187603076016 33.224757408478155 6.199999999999999
    endloop
  endfacet
  facet normal 0.9961946980917457 -0.08715574274765742 0
    outer loop
      vertex -8.943297903915207 31.75510269364925 6.181532510892707
      vertex -8.9 32.25 6.181532510892707
      vertex -8.9 32.25 6.199999999999999
    endloop
  endfacet
  facet normal 0 0 1
    outer loop
      vertex -8.943297903915207 31.75510269364925 6.199999999999999
      vertex -8.9 32.25 6.199999999999999
      vertex -8.943297903915207 32.74489730635075 6.199999999999999
    endloop
  endfacet
  facet normal 0.9961946980917457 0.08715574274765742 0
    outer loop
      vertex -8.9 32.25 6.181532510892707
      vertex -8.943297903915207 32.74489730635075 6.199999999999999
      vertex -8.9 32.25 6.199999999999999
    endloop
  endfacet
  facet normal 0 0 1
    outer loop
      vertex -8.943297903915207 31.75510269364925 6.199999999999999
      vertex -8.943297903915207 32.74489730635075 6.199999999999999
      vertex -9.07187603076016 33.224757408478155 6.199999999999999
    endloop
  endfacet
  facet normal 0.9659258262890686 0.25881904510251963 0
    outer loop
      vertex -8.943297903915207 32.74489730635075 6.181532510892707
      vertex -9.07187603076016 33.224757408478155 6.199999999999999
      vertex -8.943297903915207 32.74489730635075 6.199999999999999
    endloop
  endfacet
  facet normal 0.9659258262890686 0.25881904510251963 0
    outer loop
      vertex -8.943297903915207 32.74489730635075 6.181532510892707
      vertex -9.07187603076016 33.224757408478155 6.181532510892707
      vertex -9.07187603076016 33.224757408478155 6.199999999999999
    endloop
  endfacet
  facet normal 0.9961946980917457 0.08715574274765742 0
    outer loop
      vertex -8.9 32.25 6.181532510892707
      vertex -8.943297903915207 32.74489730635075 6.181532510892707
      vertex -8.943297903915207 32.74489730635075 6.199999999999999
    endloop
  endfacet
  facet normal 0 0 -1
    outer loop
      vertex 9.07187603076016 31.275242591521845 1.5999999999999996
      vertex 9.281827599214349 33.675 1.5999999999999996
      vertex 9.281827599214349 30.825 1.5999999999999996
    endloop
  endfacet
  facet normal 0 0 -1
    outer loop
      vertex 9.566773337110913 30.418055312393363 1.5999999999999996
      vertex 9.281827599214349 30.825 1.5999999999999996
      vertex 9.566773337110913 34.08194468760664 1.5999999999999996
    endloop
  endfacet
  facet normal 0 0 -1
    outer loop
      vertex 8.943297903915207 31.75510269364925 1.5999999999999996
      vertex 8.9 32.25 1.5999999999999996
      vertex 8.943297903915207 32.74489730635075 1.5999999999999996
    endloop
  endfacet
  facet normal 0 0 -1
    outer loop
      vertex 9.07187603076016 31.275242591521845 1.5999999999999996
      vertex 8.943297903915207 31.75510269364925 1.5999999999999996
      vertex 9.07187603076016 33.224757408478155 1.5999999999999996
    endloop
  endfacet
  facet normal 0 0 -1
    outer loop
      vertex 8.943297903915207 31.75510269364925 1.5999999999999996
      vertex 8.943297903915207 32.74489730635075 1.5999999999999996
      vertex 9.07187603076016 33.224757408478155 1.5999999999999996
    endloop
  endfacet
  facet normal 0 0 -1
    outer loop
      vertex 9.07187603076016 31.275242591521845 1.5999999999999996
      vertex 9.07187603076016 33.224757408478155 1.5999999999999996
      vertex 9.281827599214349 33.675 1.5999999999999996
    endloop
  endfacet
  facet normal 0 0 -1
    outer loop
      vertex 9.281827599214349 30.825 1.5999999999999996
      vertex 9.281827599214349 33.675 1.5999999999999996
      vertex 9.566773337110913 34.08194468760664 1.5999999999999996
    endloop
  endfacet
  facet normal 0 0 -1
    outer loop
      vertex 9.566773337110913 30.418055312393363 1.5999999999999996
      vertex 9.566773337110913 34.08194468760664 1.5999999999999996
      vertex 9.918055312393363 34.43322666288909 1.5999999999999996
    endloop
  endfacet
  facet normal 0 0 -1
    outer loop
      vertex 9.566773337110913 30.418055312393363 1.5999999999999996
      vertex 9.918055312393363 34.43322666288909 1.5999999999999996
      vertex 9.918055312393363 30.066773337110913 1.5999999999999996
    endloop
  endfacet
  facet normal 0 0 -1
    outer loop
      vertex 9.918055312393363 30.066773337110913 1.5999999999999996
      vertex 10.325 34.71817240078565 1.5999999999999996
      vertex 10.325 29.78182759921435 1.5999999999999996
    endloop
  endfacet
  facet normal 0 0 -1
    outer loop
      vertex 10.775242591521843 29.571876030760162 1.5999999999999996
      vertex 10.325 29.78182759921435 1.5999999999999996
      vertex 11.05 31.037564434701785 1.5999999999999996
    endloop
  endfacet
  facet normal 0 0 -1
    outer loop
      vertex 10.325 29.78182759921435 1.5999999999999996
      vertex 10.67753777963343 31.350097346438844 1.5999999999999996
      vertex 11.05 31.037564434701785 1.5999999999999996
    endloop
  endfacet
  facet normal 0 0 -1
    outer loop
      vertex 10.325 29.78182759921435 1.5999999999999996
      vertex 10.434430330899728 31.771171799344064 1.5999999999999996
      vertex 10.67753777963343 31.350097346438844 1.5999999999999996
    endloop
  endfacet
  facet normal 0 0 -1
    outer loop
      vertex 10.325 29.78182759921435 1.5999999999999996
      vertex 10.35 32.25 1.5999999999999996
      vertex 10.434430330899728 31.771171799344064 1.5999999999999996
    endloop
  endfacet
  facet normal 0 0 -1
    outer loop
      vertex 10.775242591521843 29.571876030760162 1.5999999999999996
      vertex 11.506892551266297 30.871269145782907 1.5999999999999996
      vertex 11.255102693649249 29.44329790391521 1.5999999999999996
    endloop
  endfacet
  facet normal 0 0 -1
    outer loop
      vertex 10.775242591521843 29.571876030760162 1.5999999999999996
      vertex 11.05 31.037564434701785 1.5999999999999996
      vertex 11.506892551266297 30.871269145782907 1.5999999999999996
    endloop
  endfacet
  facet normal 0 0 -1
    outer loop
      vertex 11.255102693649249 29.44329790391521 1.5999999999999996
      vertex 11.506892551266297 30.871269145782907 1.5999999999999996
      vertex 11.75 29.4 1.5999999999999996
    endloop
  endfacet
  facet normal 0 0 -1
    outer loop
      vertex 11.75 29.4 1.5999999999999996
      vertex 11.506892551266297 30.871269145782907 1.5999999999999996
      vertex 11.993107448733703 30.871269145782907 1.5999999999999996
    endloop
  endfacet
  facet normal 0 0 -1
    outer loop
      vertex 11.75 29.4 1.5999999999999996
      vertex 11.993107448733703 30.871269145782907 1.5999999999999996
      vertex 12.244897306350751 29.44329790391521 1.5999999999999996
    endloop
  endfacet
  facet normal 0 0 -1
    outer loop
      vertex 9.918055312393363 30.066773337110913 1.5999999999999996
      vertex 9.918055312393363 34.43322666288909 1.5999999999999996
      vertex 10.325 34.71817240078565 1.5999999999999996
    endloop
  endfacet
  facet normal 0 0 -1
    outer loop
      vertex 10.325 29.78182759921435 1.5999999999999996
      vertex 10.325 34.71817240078565 1.5999999999999996
      vertex 10.35 32.25 1.5999999999999996
    endloop
  endfacet
  facet normal 0 0 -1
    outer loop
      vertex 10.35 32.25 1.5999999999999996
      vertex 10.325 34.71817240078565 1.5999999999999996
      vertex 10.434430330899728 32.72882820065593 1.5999999999999996
    endloop
  endfacet
  facet normal 0 0 -1
    outer loop
      vertex 10.434430330899728 32.72882820065593 1.5999999999999996
      vertex 10.707854060526788 34.89670018116503 1.5999999999999996
      vertex 10.67753777963343 33.149902653561156 1.5999999999999996
    endloop
  endfacet
  facet normal 0 0 -1
    outer loop
      vertex 10.434430330899728 32.72882820065593 1.5999999999999996
      vertex 10.325 34.71817240078565 1.5999999999999996
      vertex 10.707854060526788 34.89670018116503 1.5999999999999996
    endloop
  endfacet
  facet normal 0 0 -1
    outer loop
      vertex 10.67753777963343 33.149902653561156 1.5999999999999996
      vertex 10.707854060526788 34.89670018116503 1.5999999999999996
      vertex 11.05 33.462435565298215 1.5999999999999996
    endloop
  endfacet
  facet normal 0 0 -1
    outer loop
      vertex 10.707854060526788 34.89670018116503 1.5999999999999996
      vertex 11.506892551266297 33.62873085421709 1.5999999999999996
      vertex 11.05 33.462435565298215 1.5999999999999996
    endloop
  endfacet
  facet normal 0 0 -1
    outer loop
      vertex 10.707854060526788 34.89670018116503 1.5999999999999996
      vertex 11.993107448733703 33.62873085421709 1.5999999999999996
      vertex 11.506892551266297 33.62873085421709 1.5999999999999996
    endloop
  endfacet
  facet normal 0 0 -1
    outer loop
      vertex 10.707854060526788 34.89670018116503 1.5999999999999996
      vertex 12.27181254431719 34.89670018116503 1.5999999999999996
      vertex 11.993107448733703 33.62873085421709 1.5999999999999996
    endloop
  endfacet
  facet normal 0 0 -1
    outer loop
      vertex 12.244897306350751 29.44329790391521 1.5999999999999996
      vertex 12.45 31.037564434701785 1.5999999999999996
      vertex 12.724757408478157 29.571876030760162 1.5999999999999996
    endloop
  endfacet
  facet normal 0 0 -1
    outer loop
      vertex 11.993107448733703 30.871269145782907 1.5999999999999996
      vertex 12.45 31.037564434701785 1.5999999999999996
      vertex 12.244897306350751 29.44329790391521 1.5999999999999996
    endloop
  endfacet
  facet normal 0 0 -1
    outer loop
      vertex 12.724757408478157 29.571876030760162 1.5999999999999996
      vertex 12.45 31.037564434701785 1.5999999999999996
      vertex 12.82246222036657 31.350097346438844 1.5999999999999996
    endloop
  endfacet
  facet normal 0 0 -1
    outer loop
      vertex 12.724757408478157 29.571876030760162 1.5999999999999996
      vertex 13.065569669100272 31.771171799344064 1.5999999999999996
      vertex 13.175 29.78182759921435 1.5999999999999996
    endloop
  endfacet
  facet normal 0 0 -1
    outer loop
      vertex 12.724757408478157 29.571876030760162 1.5999999999999996
      vertex 12.82246222036657 31.350097346438844 1.5999999999999996
      vertex 13.065569669100272 31.771171799344064 1.5999999999999996
    endloop
  endfacet
  facet normal 0 0 -1
    outer loop
      vertex 13.175 29.78182759921435 1.5999999999999996
      vertex 13.065569669100272 31.771171799344064 1.5999999999999996
      vertex 13.15 32.25 1.5999999999999996
    endloop
  endfacet
  facet normal 0 0 -1
    outer loop
      vertex 13.175 29.78182759921435 1.5999999999999996
      vertex 13.203918991574529 34.63790210000355 1.5999999999999996
      vertex 13.581944687606637 30.066773337110913 1.5999999999999996
    endloop
  endfacet
  facet normal 0 0 -1
    outer loop
      vertex 13.581944687606637 30.066773337110913 1.5999999999999996
      vertex 13.606619140759113 34.36486462403718 1.5999999999999996
      vertex 13.933226662889087 30.418055312393363 1.5999999999999996
    endloop
  endfacet
  facet normal 0 0 -1
    outer loop
      vertex 13.933226662889087 30.418055312393363 1.5999999999999996
      vertex 14.192044694259653 33.59475047851059 1.5999999999999996
      vertex 14.218172400785651 30.825 1.5999999999999996
    endloop
  endfacet
  facet normal 0 0 -1
    outer loop
      vertex 14.218172400785651 30.825 1.5999999999999996
      vertex 14.347396250347696 33.1336834904748 1.5999999999999996
      vertex 14.4 31.214930544854813 1.5999999999999996
    endloop
  endfacet
  facet normal 0 0 -1
    outer loop
      vertex 11.993107448733703 33.62873085421709 1.5999999999999996
      vertex 12.27181254431719 34.89670018116503 1.5999999999999996
      vertex 12.45 33.462435565298215 1.5999999999999996
    endloop
  endfacet
  facet normal 0 0 -1
    outer loop
      vertex 13.175 29.78182759921435 1.5999999999999996
      vertex 13.15 32.25 1.5999999999999996
      vertex 13.203918991574529 34.63790210000355 1.5999999999999996
    endloop
  endfacet
  facet normal 0 0 -1
    outer loop
      vertex 13.065569669100272 32.72882820065593 1.5999999999999996
      vertex 12.82246222036657 33.149902653561156 1.5999999999999996
      vertex 13.203918991574529 34.63790210000355 1.5999999999999996
    endloop
  endfacet
  facet normal 0 0 -1
    outer loop
      vertex 12.45 33.462435565298215 1.5999999999999996
      vertex 13.203918991574529 34.63790210000355 1.5999999999999996
      vertex 12.82246222036657 33.149902653561156 1.5999999999999996
    endloop
  endfacet
  facet normal 0 0 -1
    outer loop
      vertex 13.065569669100272 32.72882820065593 1.5999999999999996
      vertex 13.203918991574529 34.63790210000355 1.5999999999999996
      vertex 13.15 32.25 1.5999999999999996
    endloop
  endfacet
  facet normal 0 0 -1
    outer loop
      vertex 12.45 33.462435565298215 1.5999999999999996
      vertex 12.27181254431719 34.89670018116503 1.5999999999999996
      vertex 12.751938761690747 34.81798748316825 1.5999999999999996
    endloop
  endfacet
  facet normal 0 0 -1
    outer loop
      vertex 12.45 33.462435565298215 1.5999999999999996
      vertex 12.751938761690747 34.81798748316825 1.5999999999999996
      vertex 13.203918991574529 34.63790210000355 1.5999999999999996
    endloop
  endfacet
  facet normal 0 0 -1
    outer loop
      vertex 13.581944687606637 30.066773337110913 1.5999999999999996
      vertex 13.203918991574529 34.63790210000355 1.5999999999999996
      vertex 13.606619140759113 34.36486462403718 1.5999999999999996
    endloop
  endfacet
  facet normal 0 0 -1
    outer loop
      vertex 13.933226662889087 30.418055312393363 1.5999999999999996
      vertex 13.606619140759113 34.36486462403718 1.5999999999999996
      vertex 13.9412093978377 34.01164198418597 1.5999999999999996
    endloop
  endfacet
  facet normal 0 0 -1
    outer loop
      vertex 13.933226662889087 30.418055312393363 1.5999999999999996
      vertex 13.9412093978377 34.01164198418597 1.5999999999999996
      vertex 14.192044694259653 33.59475047851059 1.5999999999999996
    endloop
  endfacet
  facet normal 0 0 -1
    outer loop
      vertex 14.218172400785651 30.825 1.5999999999999996
      vertex 14.192044694259653 33.59475047851059 1.5999999999999996
      vertex 14.347396250347696 33.1336834904748 1.5999999999999996
    endloop
  endfacet
  facet normal 0 0 -1
    outer loop
      vertex 14.4 31.214930544854813 1.5999999999999996
      vertex 14.347396250347696 33.1336834904748 1.5999999999999996
      vertex 14.4 32.65 1.5999999999999996
    endloop
  endfacet
  facet normal -0.9961946980917457 -0.08715574274765743 0
    outer loop
      vertex 8.943297903915207 31.75510269364925 1.5999999999999996
      vertex 8.943297903915207 31.75510269364925 4.99
      vertex 8.9 32.25 1.5999999999999996
    endloop
  endfacet
  facet normal -0.9659258262890685 -0.2588190451025196 0
    outer loop
      vertex 9.07187603076016 31.275242591521845 1.5999999999999996
      vertex 9.07187603076016 31.275242591521845 4.99
      vertex 8.943297903915207 31.75510269364925 1.5999999999999996
    endloop
  endfacet
  facet normal -0.8191520442889899 -0.5735764363510488 0
    outer loop
      vertex 9.566773337110913 30.418055312393363 1.5999999999999996
      vertex 9.566773337110913 30.418055312393363 4.99
      vertex 9.281827599214349 30.825 1.5999999999999996
    endloop
  endfacet
  facet normal -0.9063077870366506 -0.4226182617406981 0
    outer loop
      vertex 9.07187603076016 31.275242591521845 1.5999999999999996
      vertex 9.281827599214349 30.825 1.5999999999999996
      vertex 9.281827599214349 30.825 4.99
    endloop
  endfacet
  facet normal -0.9961946980917457 0.08715574274765743 0
    outer loop
      vertex 8.9 32.25 1.5999999999999996
      vertex 8.9 32.25 4.99
      vertex 8.943297903915207 32.74489730635075 1.5999999999999996
    endloop
  endfacet
  facet normal -0.9659258262890685 0.2588190451025196 0
    outer loop
      vertex 8.943297903915207 32.74489730635075 1.5999999999999996
      vertex 8.943297903915207 32.74489730635075 4.99
      vertex 9.07187603076016 33.224757408478155 1.5999999999999996
    endloop
  endfacet
  facet normal -0.9063077870366494 0.42261826174070083 0
    outer loop
      vertex 9.07187603076016 33.224757408478155 1.5999999999999996
      vertex 9.07187603076016 33.224757408478155 4.99
      vertex 9.281827599214349 33.675 1.5999999999999996
    endloop
  endfacet
  facet normal -0.8191520442889922 0.5735764363510455 0
    outer loop
      vertex 9.281827599214349 33.675 1.5999999999999996
      vertex 9.281827599214349 33.675 4.99
      vertex 9.566773337110913 34.08194468760664 1.5999999999999996
    endloop
  endfacet
  facet normal -0.7071067811865511 0.707106781186544 0
    outer loop
      vertex 9.566773337110913 34.08194468760664 1.5999999999999996
      vertex 9.566773337110913 34.08194468760664 4.99
      vertex 9.918055312393363 34.43322666288909 1.5999999999999996
    endloop
  endfacet
  facet normal -0.9063077870366506 -0.4226182617406981 0
    outer loop
      vertex 9.07187603076016 31.275242591521845 1.5999999999999996
      vertex 9.281827599214349 30.825 4.99
      vertex 9.07187603076016 31.275242591521845 4.99
    endloop
  endfacet
  facet normal -0.9659258262890685 -0.2588190451025196 0
    outer loop
      vertex 8.943297903915207 31.75510269364925 1.5999999999999996
      vertex 9.07187603076016 31.275242591521845 4.99
      vertex 8.943297903915207 31.75510269364925 4.99
    endloop
  endfacet
  facet normal -0.8191520442889899 -0.5735764363510488 0
    outer loop
      vertex 9.281827599214349 30.825 1.5999999999999996
      vertex 9.566773337110913 30.418055312393363 4.99
      vertex 9.281827599214349 30.825 4.99
    endloop
  endfacet
  facet normal -0.7071067811865476 -0.7071067811865476 0
    outer loop
      vertex 9.566773337110913 30.418055312393363 1.5999999999999996
      vertex 9.918055312393363 30.066773337110913 4.99
      vertex 9.566773337110913 30.418055312393363 4.99
    endloop
  endfacet
  facet normal -0.9961946980917457 -0.08715574274765743 0
    outer loop
      vertex 8.9 32.25 1.5999999999999996
      vertex 8.943297903915207 31.75510269364925 4.99
      vertex 8.9 32.25 4.99
    endloop
  endfacet
  facet normal -0.9961946980917457 0.08715574274765743 0
    outer loop
      vertex 8.943297903915207 32.74489730635075 1.5999999999999996
      vertex 8.9 32.25 4.99
      vertex 8.943297903915207 32.74489730635075 4.99
    endloop
  endfacet
  facet normal -0.9659258262890685 0.2588190451025196 0
    outer loop
      vertex 9.07187603076016 33.224757408478155 1.5999999999999996
      vertex 8.943297903915207 32.74489730635075 4.99
      vertex 9.07187603076016 33.224757408478155 4.99
    endloop
  endfacet
  facet normal -0.9063077870366494 0.42261826174070083 0
    outer loop
      vertex 9.281827599214349 33.675 1.5999999999999996
      vertex 9.07187603076016 33.224757408478155 4.99
      vertex 9.281827599214349 33.675 4.99
    endloop
  endfacet
  facet normal -0.8191520442889922 0.5735764363510455 0
    outer loop
      vertex 9.566773337110913 34.08194468760664 1.5999999999999996
      vertex 9.281827599214349 33.675 4.99
      vertex 9.566773337110913 34.08194468760664 4.99
    endloop
  endfacet
  facet normal -0.9063077870366506 -0.4226182617406981 0
    outer loop
      vertex 9.07187603076016 31.275242591521845 6.181532510892707
      vertex 9.281827599214349 30.825 6.199999999999999
      vertex 9.07187603076016 31.275242591521845 6.199999999999999
    endloop
  endfacet
  facet normal -0.9659258262890686 -0.25881904510251963 0
    outer loop
      vertex 9.07187603076016 31.275242591521845 6.199999999999999
      vertex 8.943297903915207 31.75510269364925 6.199999999999999
      vertex 8.943297903915207 31.75510269364925 6.181532510892707
    endloop
  endfacet
  facet normal -0.9961946980917457 -0.08715574274765742 0
    outer loop
      vertex 8.943297903915207 31.75510269364925 6.181532510892707
      vertex 8.943297903915207 31.75510269364925 6.199999999999999
      vertex 8.9 32.25 6.181532510892707
    endloop
  endfacet
  facet normal 0 0 1
    outer loop
      vertex 9.07187603076016 31.275242591521845 6.199999999999999
      vertex 8.943297903915207 32.74489730635075 6.199999999999999
      vertex 8.943297903915207 31.75510269364925 6.199999999999999
    endloop
  endfacet
  facet normal -0.9659258262890686 -0.25881904510251963 0
    outer loop
      vertex 9.07187603076016 31.275242591521845 6.181532510892707
      vertex 9.07187603076016 31.275242591521845 6.199999999999999
      vertex 8.943297903915207 31.75510269364925 6.181532510892707
    endloop
  endfacet
  facet normal 0 0 1
    outer loop
      vertex 9.07187603076016 31.275242591521845 6.199999999999999
      vertex 9.281827599214349 30.825 6.199999999999999
      vertex 9.07187603076016 33.224757408478155 6.199999999999999
    endloop
  endfacet
  facet normal -0.8191520442889899 -0.5735764363510487 0
    outer loop
      vertex 9.566773337110913 30.418055312393363 6.199999999999999
      vertex 9.281827599214349 30.825 6.199999999999999
      vertex 9.281827599214349 30.825 6.181532510892707
    endloop
  endfacet
  facet normal -0.8191520442889899 -0.5735764363510487 0
    outer loop
      vertex 9.566773337110913 30.418055312393363 6.181532510892707
      vertex 9.566773337110913 30.418055312393363 6.199999999999999
      vertex 9.281827599214349 30.825 6.181532510892707
    endloop
  endfacet
  facet normal -0.7071067811865475 -0.7071067811865475 0
    outer loop
      vertex 9.566773337110913 30.418055312393363 6.181532510892707
      vertex 9.918055312393363 30.066773337110913 6.199999999999999
      vertex 9.566773337110913 30.418055312393363 6.199999999999999
    endloop
  endfacet
  facet normal -0.9063077870366506 -0.4226182617406981 0
    outer loop
      vertex 9.07187603076016 31.275242591521845 6.181532510892707
      vertex 9.281827599214349 30.825 6.181532510892707
      vertex 9.281827599214349 30.825 6.199999999999999
    endloop
  endfacet
  facet normal 0 0 1
    outer loop
      vertex 9.566773337110913 30.418055312393363 6.199999999999999
      vertex 9.281827599214349 33.675 6.199999999999999
      vertex 9.281827599214349 30.825 6.199999999999999
    endloop
  endfacet
  facet normal 0 0 1
    outer loop
      vertex 9.566773337110913 30.418055312393363 6.199999999999999
      vertex 9.918055312393363 30.066773337110913 6.199999999999999
      vertex 9.566773337110913 34.08194468760664 6.199999999999999
    endloop
  endfacet
  facet normal -0.9961946980917457 -0.08715574274765742 0
    outer loop
      vertex 8.943297903915207 31.75510269364925 6.199999999999999
      vertex 8.9 32.25 6.199999999999999
      vertex 8.9 32.25 6.181532510892707
    endloop
  endfacet
  facet normal -0.9961946980917457 0.08715574274765742 0
    outer loop
      vertex 8.9 32.25 6.181532510892707
      vertex 8.9 32.25 6.199999999999999
      vertex 8.943297903915207 32.74489730635075 6.181532510892707
    endloop
  endfacet
  facet normal 0 0 1
    outer loop
      vertex 8.943297903915207 31.75510269364925 6.199999999999999
      vertex 8.943297903915207 32.74489730635075 6.199999999999999
      vertex 8.9 32.25 6.199999999999999
    endloop
  endfacet
  facet normal 0 0 1
    outer loop
      vertex 9.07187603076016 31.275242591521845 6.199999999999999
      vertex 9.07187603076016 33.224757408478155 6.199999999999999
      vertex 8.943297903915207 32.74489730635075 6.199999999999999
    endloop
  endfacet
  facet normal -0.9961946980917457 0.08715574274765742 0
    outer loop
      vertex 8.9 32.25 6.199999999999999
      vertex 8.943297903915207 32.74489730635075 6.199999999999999
      vertex 8.943297903915207 32.74489730635075 6.181532510892707
    endloop
  endfacet
  facet normal -0.9659258262890686 0.25881904510251963 0
    outer loop
      vertex 8.943297903915207 32.74489730635075 6.181532510892707
      vertex 8.943297903915207 32.74489730635075 6.199999999999999
      vertex 9.07187603076016 33.224757408478155 6.181532510892707
    endloop
  endfacet
  facet normal -0.9659258262890686 0.25881904510251963 0
    outer loop
      vertex 8.943297903915207 32.74489730635075 6.199999999999999
      vertex 9.07187603076016 33.224757408478155 6.199999999999999
      vertex 9.07187603076016 33.224757408478155 6.181532510892707
    endloop
  endfacet
  facet normal -0.9063077870366492 0.42261826174070083 0
    outer loop
      vertex 9.07187603076016 33.224757408478155 6.181532510892707
      vertex 9.07187603076016 33.224757408478155 6.199999999999999
      vertex 9.281827599214349 33.675 6.181532510892707
    endloop
  endfacet
  facet normal 0 0 1
    outer loop
      vertex 9.281827599214349 30.825 6.199999999999999
      vertex 9.281827599214349 33.675 6.199999999999999
      vertex 9.07187603076016 33.224757408478155 6.199999999999999
    endloop
  endfacet
  facet normal 0 0 1
    outer loop
      vertex 9.566773337110913 30.418055312393363 6.199999999999999
      vertex 9.566773337110913 34.08194468760664 6.199999999999999
      vertex 9.281827599214349 33.675 6.199999999999999
    endloop
  endfacet
  facet normal -0.9063077870366492 0.42261826174070083 0
    outer loop
      vertex 9.07187603076016 33.224757408478155 6.199999999999999
      vertex 9.281827599214349 33.675 6.199999999999999
      vertex 9.281827599214349 33.675 6.181532510892707
    endloop
  endfacet
  facet normal -0.8191520442889921 0.5735764363510454 0
    outer loop
      vertex 9.281827599214349 33.675 6.181532510892707
      vertex 9.281827599214349 33.675 6.199999999999999
      vertex 9.566773337110913 34.08194468760664 6.181532510892707
    endloop
  endfacet
  facet normal -0.8191520442889921 0.5735764363510454 0
    outer loop
      vertex 9.281827599214349 33.675 6.199999999999999
      vertex 9.566773337110913 34.08194468760664 6.199999999999999
      vertex 9.566773337110913 34.08194468760664 6.181532510892707
    endloop
  endfacet
  facet normal -0.707106781186551 0.7071067811865439 0
    outer loop
      vertex 9.566773337110913 34.08194468760664 6.181532510892707
      vertex 9.566773337110913 34.08194468760664 6.199999999999999
      vertex 9.918055312393363 34.43322666288909 6.181532510892707
    endloop
  endfacet
  facet normal -0.42261826174069655 -0.9063077870366514 0
    outer loop
      vertex 10.775242591521843 29.571876030760162 1.5999999999999996
      vertex 10.775242591521843 29.571876030760162 4.99
      vertex 10.325 29.78182759921435 1.5999999999999996
    endloop
  endfacet
  facet normal -0.7071067811865476 -0.7071067811865476 0
    outer loop
      vertex 9.566773337110913 30.418055312393363 1.5999999999999996
      vertex 9.918055312393363 30.066773337110913 1.5999999999999996
      vertex 9.918055312393363 30.066773337110913 4.99
    endloop
  endfacet
  facet normal -0.5735764363510488 -0.8191520442889899 0
    outer loop
      vertex 9.918055312393363 30.066773337110913 1.5999999999999996
      vertex 10.325 29.78182759921435 1.5999999999999996
      vertex 10.325 29.78182759921435 4.99
    endloop
  endfacet
  facet normal -0.25881904510251863 -0.9659258262890689 0
    outer loop
      vertex 10.775242591521843 29.571876030760162 1.5999999999999996
      vertex 11.255102693649249 29.44329790391521 1.5999999999999996
      vertex 11.255102693649249 29.44329790391521 4.99
    endloop
  endfacet
  facet normal -0.08715574274766452 -0.996194698091745 0
    outer loop
      vertex 11.255102693649249 29.44329790391521 1.5999999999999996
      vertex 11.75 29.4 1.5999999999999996
      vertex 11.75 29.4 4.99
    endloop
  endfacet
  facet normal 0.08715574274766452 -0.996194698091745 0
    outer loop
      vertex 11.75 29.4 1.5999999999999996
      vertex 12.244897306350751 29.44329790391521 1.5999999999999996
      vertex 12.244897306350751 29.44329790391521 4.99
    endloop
  endfacet
  facet normal -0.5735764363510392 0.8191520442889966 0
    outer loop
      vertex 9.918055312393363 34.43322666288909 1.5999999999999996
      vertex 9.918055312393363 34.43322666288909 4.99
      vertex 10.325 34.71817240078565 1.5999999999999996
    endloop
  endfacet
  facet normal -0.42261826174070755 0.9063077870366463 0
    outer loop
      vertex 10.325 34.71817240078565 1.5999999999999996
      vertex 10.707854060526788 34.89670018116503 4.99
      vertex 10.707854060526788 34.89670018116503 1.5999999999999996
    endloop
  endfacet
  facet normal 0.25881904510251863 -0.9659258262890689 0
    outer loop
      vertex 12.244897306350751 29.44329790391521 1.5999999999999996
      vertex 12.724757408478157 29.571876030760162 1.5999999999999996
      vertex 12.724757408478157 29.571876030760162 4.99
    endloop
  endfacet
  facet normal 0.42261826174069655 -0.9063077870366514 0
    outer loop
      vertex 12.724757408478157 29.571876030760162 1.5999999999999996
      vertex 13.175 29.78182759921435 1.5999999999999996
      vertex 13.175 29.78182759921435 4.99
    endloop
  endfacet
  facet normal 0.5735764363510488 -0.8191520442889899 0
    outer loop
      vertex 13.175 29.78182759921435 1.5999999999999996
      vertex 13.581944687606637 30.066773337110913 1.5999999999999996
      vertex 13.581944687606637 30.066773337110913 4.99
    endloop
  endfacet
  facet normal 0.7071067811865476 -0.7071067811865476 0
    outer loop
      vertex 13.581944687606637 30.066773337110913 1.5999999999999996
      vertex 13.933226662889087 30.418055312393363 1.5999999999999996
      vertex 13.933226662889087 30.418055312393363 4.99
    endloop
  endfacet
  facet normal 0.8191520442889899 -0.5735764363510488 0
    outer loop
      vertex 13.933226662889087 30.418055312393363 1.5999999999999996
      vertex 14.218172400785651 30.825 1.5999999999999996
      vertex 14.218172400785651 30.825 4.99
    endloop
  endfacet
  facet normal 0.906307787036651 -0.42261826174069705 0
    outer loop
      vertex 14.218172400785651 30.825 1.5999999999999996
      vertex 14.4 31.214930544854813 1.5999999999999996
      vertex 14.218172400785651 30.825 4.99
    endloop
  endfacet
  facet normal -0.25881904510251863 -0.9659258262890689 0
    outer loop
      vertex 10.775242591521843 29.571876030760162 1.5999999999999996
      vertex 11.255102693649249 29.44329790391521 4.99
      vertex 10.775242591521843 29.571876030760162 4.99
    endloop
  endfacet
  facet normal -0.5735764363510488 -0.8191520442889899 0
    outer loop
      vertex 9.918055312393363 30.066773337110913 1.5999999999999996
      vertex 10.325 29.78182759921435 4.99
      vertex 9.918055312393363 30.066773337110913 4.99
    endloop
  endfacet
  facet normal -0.42261826174069655 -0.9063077870366514 0
    outer loop
      vertex 10.325 29.78182759921435 1.5999999999999996
      vertex 10.775242591521843 29.571876030760162 4.99
      vertex 10.325 29.78182759921435 4.99
    endloop
  endfacet
  facet normal -0.08715574274766452 -0.996194698091745 0
    outer loop
      vertex 11.255102693649249 29.44329790391521 1.5999999999999996
      vertex 11.75 29.4 4.99
      vertex 11.255102693649249 29.44329790391521 4.99
    endloop
  endfacet
  facet normal 0.08715574274766452 -0.996194698091745 0
    outer loop
      vertex 11.75 29.4 1.5999999999999996
      vertex 12.244897306350751 29.44329790391521 4.99
      vertex 11.75 29.4 4.99
    endloop
  endfacet
  facet normal -0.7071067811865511 0.707106781186544 0
    outer loop
      vertex 9.918055312393363 34.43322666288909 1.5999999999999996
      vertex 9.566773337110913 34.08194468760664 4.99
      vertex 9.918055312393363 34.43322666288909 4.99
    endloop
  endfacet
  facet normal -0.5735764363510392 0.8191520442889966 0
    outer loop
      vertex 10.325 34.71817240078565 1.5999999999999996
      vertex 9.918055312393363 34.43322666288909 4.99
      vertex 10.325 34.71817240078565 4.99
    endloop
  endfacet
  facet normal -0.42261826174070755 0.9063077870366463 0
    outer loop
      vertex 10.325 34.71817240078565 1.5999999999999996
      vertex 10.325 34.71817240078565 4.99
      vertex 10.707854060526788 34.89670018116503 4.99
    endloop
  endfacet
  facet normal 0.25881904510251863 -0.9659258262890689 0
    outer loop
      vertex 12.244897306350751 29.44329790391521 1.5999999999999996
      vertex 12.724757408478157 29.571876030760162 4.99
      vertex 12.244897306350751 29.44329790391521 4.99
    endloop
  endfacet
  facet normal 0.42261826174069655 -0.9063077870366514 0
    outer loop
      vertex 12.724757408478157 29.571876030760162 1.5999999999999996
      vertex 13.175 29.78182759921435 4.99
      vertex 12.724757408478157 29.571876030760162 4.99
    endloop
  endfacet
  facet normal 0.5735764363510488 -0.8191520442889899 0
    outer loop
      vertex 13.175 29.78182759921435 1.5999999999999996
      vertex 13.581944687606637 30.066773337110913 4.99
      vertex 13.175 29.78182759921435 4.99
    endloop
  endfacet
  facet normal 0.7071067811865476 -0.7071067811865476 0
    outer loop
      vertex 13.581944687606637 30.066773337110913 1.5999999999999996
      vertex 13.933226662889087 30.418055312393363 4.99
      vertex 13.581944687606637 30.066773337110913 4.99
    endloop
  endfacet
  facet normal 0.8191520442889899 -0.5735764363510488 0
    outer loop
      vertex 13.933226662889087 30.418055312393363 1.5999999999999996
      vertex 14.218172400785651 30.825 4.99
      vertex 13.933226662889087 30.418055312393363 4.99
    endloop
  endfacet
  facet normal 0.906307787036651 -0.42261826174069705 0
    outer loop
      vertex 14.4 31.214930544854813 1.5999999999999996
      vertex 14.4 31.214930544854813 4.99
      vertex 14.218172400785651 30.825 4.99
    endloop
  endfacet
  facet normal -0.42261826174069655 -0.9063077870366513 0
    outer loop
      vertex 10.775242591521843 29.571876030760162 6.181532510892707
      vertex 10.775242591521843 29.571876030760162 6.199999999999999
      vertex 10.325 29.78182759921435 6.181532510892707
    endloop
  endfacet
  facet normal -0.2588190451025187 -0.9659258262890688 0
    outer loop
      vertex 10.775242591521843 29.571876030760162 6.181532510892707
      vertex 11.255102693649249 29.44329790391521 6.199999999999999
      vertex 10.775242591521843 29.571876030760162 6.199999999999999
    endloop
  endfacet
  facet normal -0.7071067811865475 -0.7071067811865475 0
    outer loop
      vertex 9.566773337110913 30.418055312393363 6.181532510892707
      vertex 9.918055312393363 30.066773337110913 6.181532510892707
      vertex 9.918055312393363 30.066773337110913 6.199999999999999
    endloop
  endfacet
  facet normal -0.5735764363510487 -0.8191520442889899 0
    outer loop
      vertex 9.918055312393363 30.066773337110913 6.181532510892707
      vertex 10.325 29.78182759921435 6.199999999999999
      vertex 9.918055312393363 30.066773337110913 6.199999999999999
    endloop
  endfacet
  facet normal -0.5735764363510487 -0.8191520442889899 0
    outer loop
      vertex 9.918055312393363 30.066773337110913 6.181532510892707
      vertex 10.325 29.78182759921435 6.181532510892707
      vertex 10.325 29.78182759921435 6.199999999999999
    endloop
  endfacet
  facet normal 0 0 1
    outer loop
      vertex 9.918055312393363 30.066773337110913 6.199999999999999
      vertex 10.325 29.78182759921435 6.199999999999999
      vertex 9.918055312393363 34.43322666288909 6.199999999999999
    endloop
  endfacet
  facet normal -0.42261826174069655 -0.9063077870366513 0
    outer loop
      vertex 10.775242591521843 29.571876030760162 6.199999999999999
      vertex 10.325 29.78182759921435 6.199999999999999
      vertex 10.325 29.78182759921435 6.181532510892707
    endloop
  endfacet
  facet normal 0 0 1
    outer loop
      vertex 10.775242591521843 29.571876030760162 6.199999999999999
      vertex 10.434430330899728 31.771171799344064 6.199999999999999
      vertex 10.325 29.78182759921435 6.199999999999999
    endloop
  endfacet
  facet normal 0 0 1
    outer loop
      vertex 10.775242591521843 29.571876030760162 6.199999999999999
      vertex 11.05 31.037564434701785 6.199999999999999
      vertex 10.67753777963343 31.350097346438844 6.199999999999999
    endloop
  endfacet
  facet normal 0 0 1
    outer loop
      vertex 10.325 29.78182759921435 6.199999999999999
      vertex 10.434430330899728 31.771171799344064 6.199999999999999
      vertex 10.35 32.25 6.199999999999999
    endloop
  endfacet
  facet normal 0 0 1
    outer loop
      vertex 10.775242591521843 29.571876030760162 6.199999999999999
      vertex 10.67753777963343 31.350097346438844 6.199999999999999
      vertex 10.434430330899728 31.771171799344064 6.199999999999999
    endloop
  endfacet
  facet normal -0.2588190451025187 -0.9659258262890688 0
    outer loop
      vertex 10.775242591521843 29.571876030760162 6.181532510892707
      vertex 11.255102693649249 29.44329790391521 6.181532510892707
      vertex 11.255102693649249 29.44329790391521 6.199999999999999
    endloop
  endfacet
  facet normal -0.08715574274766451 -0.9961946980917449 0
    outer loop
      vertex 11.255102693649249 29.44329790391521 6.181532510892707
      vertex 11.75 29.4 6.199999999999999
      vertex 11.255102693649249 29.44329790391521 6.199999999999999
    endloop
  endfacet
  facet normal -0.08715574274766451 -0.9961946980917449 0
    outer loop
      vertex 11.255102693649249 29.44329790391521 6.181532510892707
      vertex 11.75 29.4 6.181532510892707
      vertex 11.75 29.4 6.199999999999999
    endloop
  endfacet
  facet normal 0.08715574274766451 -0.9961946980917449 0
    outer loop
      vertex 11.75 29.4 6.181532510892707
      vertex 12.244897306350751 29.44329790391521 6.199999999999999
      vertex 11.75 29.4 6.199999999999999
    endloop
  endfacet
  facet normal 0.08715574274766451 -0.9961946980917449 0
    outer loop
      vertex 11.75 29.4 6.181532510892707
      vertex 12.244897306350751 29.44329790391521 6.181532510892707
      vertex 12.244897306350751 29.44329790391521 6.199999999999999
    endloop
  endfacet
  facet normal 0 0 1
    outer loop
      vertex 10.775242591521843 29.571876030760162 6.199999999999999
      vertex 11.255102693649249 29.44329790391521 6.199999999999999
      vertex 11.05 31.037564434701785 6.199999999999999
    endloop
  endfacet
  facet normal 0 0 1
    outer loop
      vertex 11.255102693649249 29.44329790391521 6.199999999999999
      vertex 11.506892551266297 30.871269145782907 6.199999999999999
      vertex 11.05 31.037564434701785 6.199999999999999
    endloop
  endfacet
  facet normal 0 0 1
    outer loop
      vertex 11.255102693649249 29.44329790391521 6.199999999999999
      vertex 11.75 29.4 6.199999999999999
      vertex 11.506892551266297 30.871269145782907 6.199999999999999
    endloop
  endfacet
  facet normal 0 0 1
    outer loop
      vertex 11.75 29.4 6.199999999999999
      vertex 11.993107448733703 30.871269145782907 6.199999999999999
      vertex 11.506892551266297 30.871269145782907 6.199999999999999
    endloop
  endfacet
  facet normal 0 0 1
    outer loop
      vertex 11.75 29.4 6.199999999999999
      vertex 12.244897306350751 29.44329790391521 6.199999999999999
      vertex 11.993107448733703 30.871269145782907 6.199999999999999
    endloop
  endfacet
  facet normal 0 0 1
    outer loop
      vertex 9.566773337110913 34.08194468760664 6.199999999999999
      vertex 9.918055312393363 30.066773337110913 6.199999999999999
      vertex 9.918055312393363 34.43322666288909 6.199999999999999
    endloop
  endfacet
  facet normal 0 0 1
    outer loop
      vertex 10.325 29.78182759921435 6.199999999999999
      vertex 10.35 32.25 6.199999999999999
      vertex 10.325 34.71817240078565 6.199999999999999
    endloop
  endfacet
  facet normal 0 0 1
    outer loop
      vertex 10.325 29.78182759921435 6.199999999999999
      vertex 10.325 34.71817240078565 6.199999999999999
      vertex 9.918055312393363 34.43322666288909 6.199999999999999
    endloop
  endfacet
  facet normal 0 0 1
    outer loop
      vertex 10.35 32.25 6.199999999999999
      vertex 10.434430330899728 32.72882820065593 6.199999999999999
      vertex 10.325 34.71817240078565 6.199999999999999
    endloop
  endfacet
  facet normal 0 0 1
    outer loop
      vertex 10.434430330899728 32.72882820065593 6.199999999999999
      vertex 10.67753777963343 33.149902653561156 6.199999999999999
      vertex 10.325 34.71817240078565 6.199999999999999
    endloop
  endfacet
  facet normal 0 0 1
    outer loop
      vertex 10.67753777963343 33.149902653561156 6.199999999999999
      vertex 11.05 33.462435565298215 6.199999999999999
      vertex 10.325 34.71817240078565 6.199999999999999
    endloop
  endfacet
  facet normal -0.707106781186551 0.7071067811865439 0
    outer loop
      vertex 9.566773337110913 34.08194468760664 6.199999999999999
      vertex 9.918055312393363 34.43322666288909 6.199999999999999
      vertex 9.918055312393363 34.43322666288909 6.181532510892707
    endloop
  endfacet
  facet normal -0.5735764363510392 0.8191520442889967 0
    outer loop
      vertex 9.918055312393363 34.43322666288909 6.181532510892707
      vertex 9.918055312393363 34.43322666288909 6.199999999999999
      vertex 10.325 34.71817240078565 6.181532510892707
    endloop
  endfacet
  facet normal -0.5735764363510392 0.8191520442889967 0
    outer loop
      vertex 9.918055312393363 34.43322666288909 6.199999999999999
      vertex 10.325 34.71817240078565 6.199999999999999
      vertex 10.325 34.71817240078565 6.181532510892707
    endloop
  endfacet
  facet normal -0.4226182617407083 0.9063077870366457 0
    outer loop
      vertex 10.325 34.71817240078565 6.181532510892707
      vertex 10.325 34.71817240078565 6.199999999999999
      vertex 10.775242591521843 34.92812396923984 6.181532510892707
    endloop
  endfacet
  facet normal -0.4226182617407083 0.9063077870366457 0
    outer loop
      vertex 10.325 34.71817240078565 6.199999999999999
      vertex 10.775242591521843 34.92812396923984 6.199999999999999
      vertex 10.775242591521843 34.92812396923984 6.181532510892707
    endloop
  endfacet
  facet normal 0 0 1
    outer loop
      vertex 10.325 34.71817240078565 6.199999999999999
      vertex 11.05 33.462435565298215 6.199999999999999
      vertex 10.775242591521843 34.92812396923984 6.199999999999999
    endloop
  endfacet
  facet normal -0.258819045102512 0.9659258262890705 0
    outer loop
      vertex 10.775242591521843 34.92812396923984 6.181532510892707
      vertex 10.775242591521843 34.92812396923984 6.199999999999999
      vertex 11.255102693649249 35.05670209608479 6.181532510892707
    endloop
  endfacet
  facet normal 0 0 1
    outer loop
      vertex 10.775242591521843 34.92812396923984 6.199999999999999
      vertex 11.05 33.462435565298215 6.199999999999999
      vertex 11.506892551266297 33.62873085421709 6.199999999999999
    endloop
  endfacet
  facet normal 0 0 1
    outer loop
      vertex 11.506892551266297 33.62873085421709 6.199999999999999
      vertex 11.993107448733703 33.62873085421709 6.199999999999999
      vertex 11.75 35.1 6.199999999999999
    endloop
  endfacet
  facet normal 0 0 1
    outer loop
      vertex 10.775242591521843 34.92812396923984 6.199999999999999
      vertex 11.506892551266297 33.62873085421709 6.199999999999999
      vertex 11.255102693649249 35.05670209608479 6.199999999999999
    endloop
  endfacet
  facet normal -0.258819045102512 0.9659258262890705 0
    outer loop
      vertex 10.775242591521843 34.92812396923984 6.199999999999999
      vertex 11.255102693649249 35.05670209608479 6.199999999999999
      vertex 11.255102693649249 35.05670209608479 6.181532510892707
    endloop
  endfacet
  facet normal 0 0 1
    outer loop
      vertex 11.506892551266297 33.62873085421709 6.199999999999999
      vertex 11.75 35.1 6.199999999999999
      vertex 11.255102693649249 35.05670209608479 6.199999999999999
    endloop
  endfacet
  facet normal -0.08715574274766451 0.9961946980917449 0
    outer loop
      vertex 11.255102693649249 35.05670209608479 6.181532510892707
      vertex 11.255102693649249 35.05670209608479 6.199999999999999
      vertex 11.75 35.1 6.181532510892707
    endloop
  endfacet
  facet normal -0.08715574274766451 0.9961946980917449 0
    outer loop
      vertex 11.255102693649249 35.05670209608479 6.199999999999999
      vertex 11.75 35.1 6.199999999999999
      vertex 11.75 35.1 6.181532510892707
    endloop
  endfacet
  facet normal 0 0 1
    outer loop
      vertex 11.993107448733703 33.62873085421709 6.199999999999999
      vertex 12.244897306350751 35.05670209608479 6.199999999999999
      vertex 11.75 35.1 6.199999999999999
    endloop
  endfacet
  facet normal 0.08715574274766451 0.9961946980917449 0
    outer loop
      vertex 11.75 35.1 6.181532510892707
      vertex 11.75 35.1 6.199999999999999
      vertex 12.244897306350751 35.05670209608479 6.181532510892707
    endloop
  endfacet
  facet normal 0.08715574274766451 0.9961946980917449 0
    outer loop
      vertex 11.75 35.1 6.199999999999999
      vertex 12.244897306350751 35.05670209608479 6.199999999999999
      vertex 12.244897306350751 35.05670209608479 6.181532510892707
    endloop
  endfacet
  facet normal 0.2588190451025187 -0.9659258262890688 0
    outer loop
      vertex 12.244897306350751 29.44329790391521 6.181532510892707
      vertex 12.724757408478157 29.571876030760162 6.199999999999999
      vertex 12.244897306350751 29.44329790391521 6.199999999999999
    endloop
  endfacet
  facet normal 0.2588190451025187 -0.9659258262890688 0
    outer loop
      vertex 12.244897306350751 29.44329790391521 6.181532510892707
      vertex 12.724757408478157 29.571876030760162 6.181532510892707
      vertex 12.724757408478157 29.571876030760162 6.199999999999999
    endloop
  endfacet
  facet normal 0.42261826174069655 -0.9063077870366513 0
    outer loop
      vertex 12.724757408478157 29.571876030760162 6.181532510892707
      vertex 13.175 29.78182759921435 6.199999999999999
      vertex 12.724757408478157 29.571876030760162 6.199999999999999
    endloop
  endfacet
  facet normal 0 0 1
    outer loop
      vertex 11.993107448733703 30.871269145782907 6.199999999999999
      vertex 12.244897306350751 29.44329790391521 6.199999999999999
      vertex 12.724757408478157 29.571876030760162 6.199999999999999
    endloop
  endfacet
  facet normal 0 0 1
    outer loop
      vertex 11.993107448733703 30.871269145782907 6.199999999999999
      vertex 12.724757408478157 29.571876030760162 6.199999999999999
      vertex 12.45 31.037564434701785 6.199999999999999
    endloop
  endfacet
  facet normal 0 0 1
    outer loop
      vertex 12.724757408478157 29.571876030760162 6.199999999999999
      vertex 13.175 29.78182759921435 6.199999999999999
      vertex 12.45 31.037564434701785 6.199999999999999
    endloop
  endfacet
  facet normal 0.42261826174069655 -0.9063077870366513 0
    outer loop
      vertex 12.724757408478157 29.571876030760162 6.181532510892707
      vertex 13.175 29.78182759921435 6.181532510892707
      vertex 13.175 29.78182759921435 6.199999999999999
    endloop
  endfacet
  facet normal 0 0 1
    outer loop
      vertex 12.45 31.037564434701785 6.199999999999999
      vertex 13.175 29.78182759921435 6.199999999999999
      vertex 12.82246222036657 31.350097346438844 6.199999999999999
    endloop
  endfacet
  facet normal 0.5735764363510487 -0.8191520442889899 0
    outer loop
      vertex 13.175 29.78182759921435 6.181532510892707
      vertex 13.581944687606637 30.066773337110913 6.199999999999999
      vertex 13.175 29.78182759921435 6.199999999999999
    endloop
  endfacet
  facet normal 0 0 1
    outer loop
      vertex 13.175 29.78182759921435 6.199999999999999
      vertex 13.065569669100272 31.771171799344064 6.199999999999999
      vertex 12.82246222036657 31.350097346438844 6.199999999999999
    endloop
  endfacet
  facet normal 0 0 1
    outer loop
      vertex 13.175 29.78182759921435 6.199999999999999
      vertex 13.15 32.25 6.199999999999999
      vertex 13.065569669100272 31.771171799344064 6.199999999999999
    endloop
  endfacet
  facet normal 0 0 1
    outer loop
      vertex 13.175 29.78182759921435 6.199999999999999
      vertex 13.581944687606637 30.066773337110913 6.199999999999999
      vertex 13.175 34.71817240078565 6.199999999999999
    endloop
  endfacet
  facet normal 0.5735764363510487 -0.8191520442889899 0
    outer loop
      vertex 13.175 29.78182759921435 6.181532510892707
      vertex 13.581944687606637 30.066773337110913 6.181532510892707
      vertex 13.581944687606637 30.066773337110913 6.199999999999999
    endloop
  endfacet
  facet normal 0.7071067811865475 -0.7071067811865475 0
    outer loop
      vertex 13.581944687606637 30.066773337110913 6.181532510892707
      vertex 13.933226662889087 30.418055312393363 6.199999999999999
      vertex 13.581944687606637 30.066773337110913 6.199999999999999
    endloop
  endfacet
  facet normal 0.7071067811865475 -0.7071067811865475 0
    outer loop
      vertex 13.581944687606637 30.066773337110913 6.181532510892707
      vertex 13.933226662889087 30.418055312393363 6.181532510892707
      vertex 13.933226662889087 30.418055312393363 6.199999999999999
    endloop
  endfacet
  facet normal 0 0 1
    outer loop
      vertex 13.581944687606637 30.066773337110913 6.199999999999999
      vertex 13.933226662889087 30.418055312393363 6.199999999999999
      vertex 13.581944687606637 34.43322666288909 6.199999999999999
    endloop
  endfacet
  facet normal 0.8191520442889899 -0.5735764363510487 0
    outer loop
      vertex 13.933226662889087 30.418055312393363 6.181532510892707
      vertex 14.218172400785651 30.825 6.199999999999999
      vertex 13.933226662889087 30.418055312393363 6.199999999999999
    endloop
  endfacet
  facet normal 0.8191520442889899 -0.5735764363510487 0
    outer loop
      vertex 13.933226662889087 30.418055312393363 6.181532510892707
      vertex 14.218172400785651 30.825 6.181532510892707
      vertex 14.218172400785651 30.825 6.199999999999999
    endloop
  endfacet
  facet normal 0.9063077870366506 -0.4226182617406981 0
    outer loop
      vertex 14.218172400785651 30.825 6.181532510892707
      vertex 14.42812396923984 31.275242591521845 6.199999999999999
      vertex 14.218172400785651 30.825 6.199999999999999
    endloop
  endfacet
  facet normal 0 0 1
    outer loop
      vertex 13.933226662889087 30.418055312393363 6.199999999999999
      vertex 14.218172400785651 30.825 6.199999999999999
      vertex 13.933226662889087 34.08194468760664 6.199999999999999
    endloop
  endfacet
  facet normal 0 0 1
    outer loop
      vertex 14.218172400785651 30.825 6.199999999999999
      vertex 14.42812396923984 31.275242591521845 6.199999999999999
      vertex 14.218172400785651 33.675 6.199999999999999
    endloop
  endfacet
  facet normal 0.9063077870366506 -0.4226182617406981 0
    outer loop
      vertex 14.218172400785651 30.825 6.181532510892707
      vertex 14.42812396923984 31.275242591521845 6.181532510892707
      vertex 14.42812396923984 31.275242591521845 6.199999999999999
    endloop
  endfacet
  facet normal 0.9659258262890686 -0.25881904510251963 0
    outer loop
      vertex 14.42812396923984 31.275242591521845 6.181532510892707
      vertex 14.556702096084793 31.75510269364925 6.199999999999999
      vertex 14.42812396923984 31.275242591521845 6.199999999999999
    endloop
  endfacet
  facet normal 0.9659258262890686 -0.25881904510251963 0
    outer loop
      vertex 14.42812396923984 31.275242591521845 6.181532510892707
      vertex 14.556702096084793 31.75510269364925 6.181532510892707
      vertex 14.556702096084793 31.75510269364925 6.199999999999999
    endloop
  endfacet
  facet normal 0.9961946980917457 -0.08715574274765742 0
    outer loop
      vertex 14.556702096084793 31.75510269364925 6.181532510892707
      vertex 14.6 32.25 6.199999999999999
      vertex 14.556702096084793 31.75510269364925 6.199999999999999
    endloop
  endfacet
  facet normal 0 0 1
    outer loop
      vertex 11.993107448733703 33.62873085421709 6.199999999999999
      vertex 12.45 33.462435565298215 6.199999999999999
      vertex 12.244897306350751 35.05670209608479 6.199999999999999
    endloop
  endfacet
  facet normal 0 0 1
    outer loop
      vertex 12.45 33.462435565298215 6.199999999999999
      vertex 12.82246222036657 33.149902653561156 6.199999999999999
      vertex 12.724757408478157 34.92812396923984 6.199999999999999
    endloop
  endfacet
  facet normal 0 0 1
    outer loop
      vertex 13.175 29.78182759921435 6.199999999999999
      vertex 13.175 34.71817240078565 6.199999999999999
      vertex 13.15 32.25 6.199999999999999
    endloop
  endfacet
  facet normal 0 0 1
    outer loop
      vertex 13.065569669100272 32.72882820065593 6.199999999999999
      vertex 12.724757408478157 34.92812396923984 6.199999999999999
      vertex 12.82246222036657 33.149902653561156 6.199999999999999
    endloop
  endfacet
  facet normal 0 0 1
    outer loop
      vertex 13.065569669100272 32.72882820065593 6.199999999999999
      vertex 13.175 34.71817240078565 6.199999999999999
      vertex 12.724757408478157 34.92812396923984 6.199999999999999
    endloop
  endfacet
  facet normal 0 0 1
    outer loop
      vertex 13.065569669100272 32.72882820065593 6.199999999999999
      vertex 13.15 32.25 6.199999999999999
      vertex 13.175 34.71817240078565 6.199999999999999
    endloop
  endfacet
  facet normal 0 0 1
    outer loop
      vertex 12.45 33.462435565298215 6.199999999999999
      vertex 12.724757408478157 34.92812396923984 6.199999999999999
      vertex 12.244897306350751 35.05670209608479 6.199999999999999
    endloop
  endfacet
  facet normal 0.258819045102512 0.9659258262890705 0
    outer loop
      vertex 12.244897306350751 35.05670209608479 6.181532510892707
      vertex 12.244897306350751 35.05670209608479 6.199999999999999
      vertex 12.724757408478157 34.92812396923984 6.181532510892707
    endloop
  endfacet
  facet normal 0.258819045102512 0.9659258262890705 0
    outer loop
      vertex 12.244897306350751 35.05670209608479 6.199999999999999
      vertex 12.724757408478157 34.92812396923984 6.199999999999999
      vertex 12.724757408478157 34.92812396923984 6.181532510892707
    endloop
  endfacet
  facet normal 0.4226182617407083 0.9063077870366457 0
    outer loop
      vertex 12.724757408478157 34.92812396923984 6.181532510892707
      vertex 12.724757408478157 34.92812396923984 6.199999999999999
      vertex 13.175 34.71817240078565 6.181532510892707
    endloop
  endfacet
  facet normal 0.4226182617407083 0.9063077870366457 0
    outer loop
      vertex 12.724757408478157 34.92812396923984 6.199999999999999
      vertex 13.175 34.71817240078565 6.199999999999999
      vertex 13.175 34.71817240078565 6.181532510892707
    endloop
  endfacet
  facet normal 0.5735764363510392 0.8191520442889967 0
    outer loop
      vertex 13.175 34.71817240078565 6.181532510892707
      vertex 13.175 34.71817240078565 6.199999999999999
      vertex 13.581944687606637 34.43322666288909 6.181532510892707
    endloop
  endfacet
  facet normal 0 0 1
    outer loop
      vertex 13.581944687606637 30.066773337110913 6.199999999999999
      vertex 13.581944687606637 34.43322666288909 6.199999999999999
      vertex 13.175 34.71817240078565 6.199999999999999
    endloop
  endfacet
  facet normal 0 0 1
    outer loop
      vertex 13.933226662889087 30.418055312393363 6.199999999999999
      vertex 13.933226662889087 34.08194468760664 6.199999999999999
      vertex 13.581944687606637 34.43322666288909 6.199999999999999
    endloop
  endfacet
  facet normal 0.707106781186551 0.7071067811865439 0
    outer loop
      vertex 13.933226662889087 34.08194468760664 6.181532510892707
      vertex 13.581944687606637 34.43322666288909 6.199999999999999
      vertex 13.933226662889087 34.08194468760664 6.199999999999999
    endloop
  endfacet
  facet normal 0 0 1
    outer loop
      vertex 14.218172400785651 30.825 6.199999999999999
      vertex 14.218172400785651 33.675 6.199999999999999
      vertex 13.933226662889087 34.08194468760664 6.199999999999999
    endloop
  endfacet
  facet normal 0 0 1
    outer loop
      vertex 14.42812396923984 31.275242591521845 6.199999999999999
      vertex 14.556702096084793 31.75510269364925 6.199999999999999
      vertex 14.42812396923984 33.224757408478155 6.199999999999999
    endloop
  endfacet
  facet normal 0.9961946980917457 -0.08715574274765742 0
    outer loop
      vertex 14.556702096084793 31.75510269364925 6.181532510892707
      vertex 14.6 32.25 6.181532510892707
      vertex 14.6 32.25 6.199999999999999
    endloop
  endfacet
  facet normal 0 0 1
    outer loop
      vertex 14.556702096084793 31.75510269364925 6.199999999999999
      vertex 14.6 32.25 6.199999999999999
      vertex 14.556702096084793 32.74489730635075 6.199999999999999
    endloop
  endfacet
  facet normal 0.9961946980917457 0.08715574274765742 0
    outer loop
      vertex 14.6 32.25 6.181532510892707
      vertex 14.556702096084793 32.74489730635075 6.199999999999999
      vertex 14.6 32.25 6.199999999999999
    endloop
  endfacet
  facet normal 0 0 1
    outer loop
      vertex 14.42812396923984 31.275242591521845 6.199999999999999
      vertex 14.42812396923984 33.224757408478155 6.199999999999999
      vertex 14.218172400785651 33.675 6.199999999999999
    endloop
  endfacet
  facet normal 0.9659258262890686 0.25881904510251963 0
    outer loop
      vertex 14.556702096084793 32.74489730635075 6.181532510892707
      vertex 14.42812396923984 33.224757408478155 6.181532510892707
      vertex 14.42812396923984 33.224757408478155 6.199999999999999
    endloop
  endfacet
  facet normal 0 0 1
    outer loop
      vertex 14.556702096084793 31.75510269364925 6.199999999999999
      vertex 14.556702096084793 32.74489730635075 6.199999999999999
      vertex 14.42812396923984 33.224757408478155 6.199999999999999
    endloop
  endfacet
  facet normal 0.9961946980917457 0.08715574274765742 0
    outer loop
      vertex 14.6 32.25 6.181532510892707
      vertex 14.556702096084793 32.74489730635075 6.181532510892707
      vertex 14.556702096084793 32.74489730635075 6.199999999999999
    endloop
  endfacet
  facet normal 0.9659258262890686 0.25881904510251963 0
    outer loop
      vertex 14.556702096084793 32.74489730635075 6.181532510892707
      vertex 14.42812396923984 33.224757408478155 6.199999999999999
      vertex 14.556702096084793 32.74489730635075 6.199999999999999
    endloop
  endfacet
  facet normal 0.9063077870366492 0.42261826174070083 0
    outer loop
      vertex 14.218172400785651 33.675 6.181532510892707
      vertex 14.218172400785651 33.675 6.199999999999999
      vertex 14.42812396923984 33.224757408478155 6.181532510892707
    endloop
  endfacet
  facet normal 0.8191520442889921 0.5735764363510454 0
    outer loop
      vertex 13.933226662889087 34.08194468760664 6.199999999999999
      vertex 14.218172400785651 33.675 6.199999999999999
      vertex 14.218172400785651 33.675 6.181532510892707
    endloop
  endfacet
  facet normal 0.8191520442889921 0.5735764363510454 0
    outer loop
      vertex 13.933226662889087 34.08194468760664 6.181532510892707
      vertex 13.933226662889087 34.08194468760664 6.199999999999999
      vertex 14.218172400785651 33.675 6.181532510892707
    endloop
  endfacet
  facet normal 0.9063077870366492 0.42261826174070083 0
    outer loop
      vertex 14.218172400785651 33.675 6.199999999999999
      vertex 14.42812396923984 33.224757408478155 6.199999999999999
      vertex 14.42812396923984 33.224757408478155 6.181532510892707
    endloop
  endfacet
  facet normal 0.5735764363510392 0.8191520442889967 0
    outer loop
      vertex 13.175 34.71817240078565 6.199999999999999
      vertex 13.581944687606637 34.43322666288909 6.199999999999999
      vertex 13.581944687606637 34.43322666288909 6.181532510892707
    endloop
  endfacet
  facet normal 0.707106781186551 0.7071067811865439 0
    outer loop
      vertex 13.933226662889087 34.08194468760664 6.181532510892707
      vertex 13.581944687606637 34.43322666288909 6.181532510892707
      vertex 13.581944687606637 34.43322666288909 6.199999999999999
    endloop
  endfacet
  facet normal 0 0 -1
    outer loop
      vertex 8.943297903915207 -32.74489730635075 1.5999999999999996
      vertex 8.9 -32.25 1.5999999999999996
      vertex 8.943297903915207 -31.75510269364925 1.5999999999999996
    endloop
  endfacet
  facet normal 0 0 -1
    outer loop
      vertex 9.07187603076016 -33.224757408478155 1.5999999999999996
      vertex 8.943297903915207 -32.74489730635075 1.5999999999999996
      vertex 9.07187603076016 -31.275242591521845 1.5999999999999996
    endloop
  endfacet
  facet normal 0 0 -1
    outer loop
      vertex 9.07187603076016 -33.224757408478155 1.5999999999999996
      vertex 9.281827599214349 -30.825 1.5999999999999996
      vertex 9.281827599214349 -33.675 1.5999999999999996
    endloop
  endfacet
  facet normal 0 0 -1
    outer loop
      vertex 9.281827599214349 -33.675 1.5999999999999996
      vertex 9.566773337110913 -30.418055312393363 1.5999999999999996
      vertex 9.566773337110913 -34.08194468760664 1.5999999999999996
    endloop
  endfacet
  facet normal 0 0 -1
    outer loop
      vertex 8.943297903915207 -32.74489730635075 1.5999999999999996
      vertex 8.943297903915207 -31.75510269364925 1.5999999999999996
      vertex 9.07187603076016 -31.275242591521845 1.5999999999999996
    endloop
  endfacet
  facet normal 0 0 -1
    outer loop
      vertex 9.07187603076016 -33.224757408478155 1.5999999999999996
      vertex 9.07187603076016 -31.275242591521845 1.5999999999999996
      vertex 9.281827599214349 -30.825 1.5999999999999996
    endloop
  endfacet
  facet normal 0 0 -1
    outer loop
      vertex 9.281827599214349 -33.675 1.5999999999999996
      vertex 9.281827599214349 -30.825 1.5999999999999996
      vertex 9.566773337110913 -30.418055312393363 1.5999999999999996
    endloop
  endfacet
  facet normal 0 0 -1
    outer loop
      vertex 9.566773337110913 -34.08194468760664 1.5999999999999996
      vertex 9.566773337110913 -30.418055312393363 1.5999999999999996
      vertex 9.918055312393363 -30.066773337110913 1.5999999999999996
    endloop
  endfacet
  facet normal 0 0 -1
    outer loop
      vertex 9.566773337110913 -34.08194468760664 1.5999999999999996
      vertex 9.918055312393363 -30.066773337110913 1.5999999999999996
      vertex 9.918055312393363 -34.43322666288909 1.5999999999999996
    endloop
  endfacet
  facet normal 0 0 -1
    outer loop
      vertex 9.918055312393363 -34.43322666288909 1.5999999999999996
      vertex 10.325 -29.78182759921435 1.5999999999999996
      vertex 10.325 -34.71817240078565 1.5999999999999996
    endloop
  endfacet
  facet normal 0 0 -1
    outer loop
      vertex 10.325 -34.71817240078565 1.5999999999999996
      vertex 10.325 -29.78182759921435 1.5999999999999996
      vertex 10.35 -32.25 1.5999999999999996
    endloop
  endfacet
  facet normal 0 0 -1
    outer loop
      vertex 10.325 -34.71817240078565 1.5999999999999996
      vertex 10.434430330899728 -32.72882820065593 1.5999999999999996
      vertex 10.67753777963343 -33.149902653561156 1.5999999999999996
    endloop
  endfacet
  facet normal 0 0 -1
    outer loop
      vertex 10.325 -34.71817240078565 1.5999999999999996
      vertex 10.35 -32.25 1.5999999999999996
      vertex 10.434430330899728 -32.72882820065593 1.5999999999999996
    endloop
  endfacet
  facet normal 0 0 -1
    outer loop
      vertex 10.325 -34.71817240078565 1.5999999999999996
      vertex 10.67753777963343 -33.149902653561156 1.5999999999999996
      vertex 11.05 -33.462435565298215 1.5999999999999996
    endloop
  endfacet
  facet normal 0 0 -1
    outer loop
      vertex 10.325 -34.71817240078565 1.5999999999999996
      vertex 12.271812544317191 -34.89670018116503 1.5999999999999996
      vertex 10.707854060526788 -34.89670018116503 1.5999999999999996
    endloop
  endfacet
  facet normal 0 0 -1
    outer loop
      vertex 10.325 -34.71817240078565 1.5999999999999996
      vertex 11.05 -33.462435565298215 1.5999999999999996
      vertex 12.271812544317191 -34.89670018116503 1.5999999999999996
    endloop
  endfacet
  facet normal 0 0 -1
    outer loop
      vertex 11.05 -33.462435565298215 1.5999999999999996
      vertex 11.506892551266297 -33.62873085421709 1.5999999999999996
      vertex 12.271812544317191 -34.89670018116503 1.5999999999999996
    endloop
  endfacet
  facet normal 0 0 -1
    outer loop
      vertex 11.506892551266297 -33.62873085421709 1.5999999999999996
      vertex 11.993107448733703 -33.62873085421709 1.5999999999999996
      vertex 12.271812544317191 -34.89670018116503 1.5999999999999996
    endloop
  endfacet
  facet normal 0 0 -1
    outer loop
      vertex 9.918055312393363 -34.43322666288909 1.5999999999999996
      vertex 9.918055312393363 -30.066773337110913 1.5999999999999996
      vertex 10.325 -29.78182759921435 1.5999999999999996
    endloop
  endfacet
  facet normal 0 0 -1
    outer loop
      vertex 10.35 -32.25 1.5999999999999996
      vertex 10.325 -29.78182759921435 1.5999999999999996
      vertex 10.434430330899728 -31.771171799344064 1.5999999999999996
    endloop
  endfacet
  facet normal 0 0 -1
    outer loop
      vertex 10.434430330899728 -31.771171799344064 1.5999999999999996
      vertex 10.775242591521843 -29.571876030760162 1.5999999999999996
      vertex 10.67753777963343 -31.350097346438844 1.5999999999999996
    endloop
  endfacet
  facet normal 0 0 -1
    outer loop
      vertex 10.325 -29.78182759921435 1.5999999999999996
      vertex 10.775242591521843 -29.571876030760162 1.5999999999999996
      vertex 10.434430330899728 -31.771171799344064 1.5999999999999996
    endloop
  endfacet
  facet normal 0 0 -1
    outer loop
      vertex 10.67753777963343 -31.350097346438844 1.5999999999999996
      vertex 10.775242591521843 -29.571876030760162 1.5999999999999996
      vertex 11.05 -31.037564434701785 1.5999999999999996
    endloop
  endfacet
  facet normal 0 0 -1
    outer loop
      vertex 11.05 -31.037564434701785 1.5999999999999996
      vertex 11.255102693649249 -29.44329790391521 1.5999999999999996
      vertex 11.506892551266297 -30.871269145782907 1.5999999999999996
    endloop
  endfacet
  facet normal 0 0 -1
    outer loop
      vertex 10.775242591521843 -29.571876030760162 1.5999999999999996
      vertex 11.255102693649249 -29.44329790391521 1.5999999999999996
      vertex 11.05 -31.037564434701785 1.5999999999999996
    endloop
  endfacet
  facet normal 0 0 -1
    outer loop
      vertex 11.506892551266297 -30.871269145782907 1.5999999999999996
      vertex 11.255102693649249 -29.44329790391521 1.5999999999999996
      vertex 11.75 -29.4 1.5999999999999996
    endloop
  endfacet
  facet normal 0 0 -1
    outer loop
      vertex 11.506892551266297 -30.871269145782907 1.5999999999999996
      vertex 11.75 -29.4 1.5999999999999996
      vertex 11.993107448733703 -30.871269145782907 1.5999999999999996
    endloop
  endfacet
  facet normal 0 0 -1
    outer loop
      vertex 11.993107448733703 -30.871269145782907 1.5999999999999996
      vertex 11.75 -29.4 1.5999999999999996
      vertex 12.244897306350751 -29.44329790391521 1.5999999999999996
    endloop
  endfacet
  facet normal 0 0 -1
    outer loop
      vertex 12.271812544317191 -34.89670018116503 1.5999999999999996
      vertex 12.45 -33.462435565298215 1.5999999999999996
      vertex 12.751938761690747 -34.81798748316825 1.5999999999999996
    endloop
  endfacet
  facet normal 0 0 -1
    outer loop
      vertex 11.993107448733703 -33.62873085421709 1.5999999999999996
      vertex 12.45 -33.462435565298215 1.5999999999999996
      vertex 12.271812544317191 -34.89670018116503 1.5999999999999996
    endloop
  endfacet
  facet normal 0 0 -1
    outer loop
      vertex 12.751938761690747 -34.81798748316825 1.5999999999999996
      vertex 12.45 -33.462435565298215 1.5999999999999996
      vertex 12.82246222036657 -33.149902653561156 1.5999999999999996
    endloop
  endfacet
  facet normal 0 0 -1
    outer loop
      vertex 12.751938761690747 -34.81798748316825 1.5999999999999996
      vertex 13.065569669100272 -32.72882820065593 1.5999999999999996
      vertex 13.203918991574527 -34.63790210000355 1.5999999999999996
    endloop
  endfacet
  facet normal 0 0 -1
    outer loop
      vertex 12.751938761690747 -34.81798748316825 1.5999999999999996
      vertex 12.82246222036657 -33.149902653561156 1.5999999999999996
      vertex 13.065569669100272 -32.72882820065593 1.5999999999999996
    endloop
  endfacet
  facet normal 0 0 -1
    outer loop
      vertex 13.203918991574527 -34.63790210000355 1.5999999999999996
      vertex 13.065569669100272 -32.72882820065593 1.5999999999999996
      vertex 13.15 -32.25 1.5999999999999996
    endloop
  endfacet
  facet normal 0 0 -1
    outer loop
      vertex 13.203918991574527 -34.63790210000355 1.5999999999999996
      vertex 13.15 -32.25 1.5999999999999996
      vertex 13.175 -29.78182759921435 1.5999999999999996
    endloop
  endfacet
  facet normal 0 0 -1
    outer loop
      vertex 13.203918991574527 -34.63790210000355 1.5999999999999996
      vertex 13.581944687606637 -30.066773337110913 1.5999999999999996
      vertex 13.606619140759113 -34.36486462403718 1.5999999999999996
    endloop
  endfacet
  facet normal 0 0 -1
    outer loop
      vertex 13.606619140759113 -34.36486462403718 1.5999999999999996
      vertex 13.933226662889087 -30.418055312393363 1.5999999999999996
      vertex 13.9412093978377 -34.01164198418597 1.5999999999999996
    endloop
  endfacet
  facet normal 0 0 -1
    outer loop
      vertex 13.9412093978377 -34.01164198418597 1.5999999999999996
      vertex 14.218172400785651 -30.825 1.5999999999999996
      vertex 14.192044694259653 -33.5947504785106 1.5999999999999996
    endloop
  endfacet
  facet normal 0 0 -1
    outer loop
      vertex 14.192044694259653 -33.5947504785106 1.5999999999999996
      vertex 14.218172400785651 -30.825 1.5999999999999996
      vertex 14.347396250347696 -33.1336834904748 1.5999999999999996
    endloop
  endfacet
  facet normal 0 0 -1
    outer loop
      vertex 14.347396250347696 -33.1336834904748 1.5999999999999996
      vertex 14.4 -31.214930544854813 1.5999999999999996
      vertex 14.4 -32.65 1.5999999999999996
    endloop
  endfacet
  facet normal 0 0 -1
    outer loop
      vertex 11.993107448733703 -30.871269145782907 1.5999999999999996
      vertex 12.724757408478157 -29.571876030760162 1.5999999999999996
      vertex 12.45 -31.037564434701785 1.5999999999999996
    endloop
  endfacet
  facet normal 0 0 -1
    outer loop
      vertex 11.993107448733703 -30.871269145782907 1.5999999999999996
      vertex 12.244897306350751 -29.44329790391521 1.5999999999999996
      vertex 12.724757408478157 -29.571876030760162 1.5999999999999996
    endloop
  endfacet
  facet normal 0 0 -1
    outer loop
      vertex 12.45 -31.037564434701785 1.5999999999999996
      vertex 12.724757408478157 -29.571876030760162 1.5999999999999996
      vertex 13.175 -29.78182759921435 1.5999999999999996
    endloop
  endfacet
  facet normal 0 0 -1
    outer loop
      vertex 13.065569669100272 -31.771171799344064 1.5999999999999996
      vertex 12.82246222036657 -31.350097346438844 1.5999999999999996
      vertex 13.175 -29.78182759921435 1.5999999999999996
    endloop
  endfacet
  facet normal 0 0 -1
    outer loop
      vertex 13.203918991574527 -34.63790210000355 1.5999999999999996
      vertex 13.175 -29.78182759921435 1.5999999999999996
      vertex 13.581944687606637 -30.066773337110913 1.5999999999999996
    endloop
  endfacet
  facet normal 0 0 -1
    outer loop
      vertex 13.15 -32.25 1.5999999999999996
      vertex 13.065569669100272 -31.771171799344064 1.5999999999999996
      vertex 13.175 -29.78182759921435 1.5999999999999996
    endloop
  endfacet
  facet normal 0 0 -1
    outer loop
      vertex 12.45 -31.037564434701785 1.5999999999999996
      vertex 13.175 -29.78182759921435 1.5999999999999996
      vertex 12.82246222036657 -31.350097346438844 1.5999999999999996
    endloop
  endfacet
  facet normal 0 0 -1
    outer loop
      vertex 13.606619140759113 -34.36486462403718 1.5999999999999996
      vertex 13.581944687606637 -30.066773337110913 1.5999999999999996
      vertex 13.933226662889087 -30.418055312393363 1.5999999999999996
    endloop
  endfacet
  facet normal 0 0 -1
    outer loop
      vertex 13.9412093978377 -34.01164198418597 1.5999999999999996
      vertex 13.933226662889087 -30.418055312393363 1.5999999999999996
      vertex 14.218172400785651 -30.825 1.5999999999999996
    endloop
  endfacet
  facet normal 0 0 -1
    outer loop
      vertex 14.347396250347696 -33.1336834904748 1.5999999999999996
      vertex 14.218172400785651 -30.825 1.5999999999999996
      vertex 14.4 -31.214930544854813 1.5999999999999996
    endloop
  endfacet
  facet normal -0.9961946980917457 -0.08715574274765743 0
    outer loop
      vertex 8.943297903915207 -32.74489730635075 1.5999999999999996
      vertex 8.943297903915207 -32.74489730635075 4.99
      vertex 8.9 -32.25 1.5999999999999996
    endloop
  endfacet
  facet normal -0.9659258262890685 -0.2588190451025196 0
    outer loop
      vertex 9.07187603076016 -33.224757408478155 1.5999999999999996
      vertex 9.07187603076016 -33.224757408478155 4.99
      vertex 8.943297903915207 -32.74489730635075 1.5999999999999996
    endloop
  endfacet
  facet normal -0.9961946980917457 0.08715574274765743 0
    outer loop
      vertex 8.9 -32.25 1.5999999999999996
      vertex 8.9 -32.25 4.99
      vertex 8.943297903915207 -31.75510269364925 1.5999999999999996
    endloop
  endfacet
  facet normal -0.9063077870366494 -0.42261826174070083 0
    outer loop
      vertex 9.07187603076016 -33.224757408478155 1.5999999999999996
      vertex 9.281827599214349 -33.675 1.5999999999999996
      vertex 9.281827599214349 -33.675 4.99
    endloop
  endfacet
  facet normal -0.8191520442889922 -0.5735764363510455 0
    outer loop
      vertex 9.281827599214349 -33.675 1.5999999999999996
      vertex 9.566773337110913 -34.08194468760664 1.5999999999999996
      vertex 9.566773337110913 -34.08194468760664 4.99
    endloop
  endfacet
  facet normal -0.9659258262890685 0.2588190451025196 0
    outer loop
      vertex 8.943297903915207 -31.75510269364925 1.5999999999999996
      vertex 8.943297903915207 -31.75510269364925 4.99
      vertex 9.07187603076016 -31.275242591521845 1.5999999999999996
    endloop
  endfacet
  facet normal -0.9063077870366506 0.4226182617406981 0
    outer loop
      vertex 9.07187603076016 -31.275242591521845 1.5999999999999996
      vertex 9.07187603076016 -31.275242591521845 4.99
      vertex 9.281827599214349 -30.825 1.5999999999999996
    endloop
  endfacet
  facet normal -0.8191520442889899 0.5735764363510488 0
    outer loop
      vertex 9.281827599214349 -30.825 1.5999999999999996
      vertex 9.281827599214349 -30.825 4.99
      vertex 9.566773337110913 -30.418055312393363 1.5999999999999996
    endloop
  endfacet
  facet normal -0.7071067811865476 0.7071067811865476 0
    outer loop
      vertex 9.566773337110913 -30.418055312393363 1.5999999999999996
      vertex 9.566773337110913 -30.418055312393363 4.99
      vertex 9.918055312393363 -30.066773337110913 1.5999999999999996
    endloop
  endfacet
  facet normal -0.9063077870366494 -0.42261826174070083 0
    outer loop
      vertex 9.07187603076016 -33.224757408478155 1.5999999999999996
      vertex 9.281827599214349 -33.675 4.99
      vertex 9.07187603076016 -33.224757408478155 4.99
    endloop
  endfacet
  facet normal -0.9659258262890685 -0.2588190451025196 0
    outer loop
      vertex 8.943297903915207 -32.74489730635075 1.5999999999999996
      vertex 9.07187603076016 -33.224757408478155 4.99
      vertex 8.943297903915207 -32.74489730635075 4.99
    endloop
  endfacet
  facet normal -0.9961946980917457 -0.08715574274765743 0
    outer loop
      vertex 8.9 -32.25 1.5999999999999996
      vertex 8.943297903915207 -32.74489730635075 4.99
      vertex 8.9 -32.25 4.99
    endloop
  endfacet
  facet normal -0.8191520442889922 -0.5735764363510455 0
    outer loop
      vertex 9.281827599214349 -33.675 1.5999999999999996
      vertex 9.566773337110913 -34.08194468760664 4.99
      vertex 9.281827599214349 -33.675 4.99
    endloop
  endfacet
  facet normal -0.7071067811865511 -0.707106781186544 0
    outer loop
      vertex 9.566773337110913 -34.08194468760664 1.5999999999999996
      vertex 9.918055312393363 -34.43322666288909 4.99
      vertex 9.566773337110913 -34.08194468760664 4.99
    endloop
  endfacet
  facet normal -0.9961946980917457 0.08715574274765743 0
    outer loop
      vertex 8.943297903915207 -31.75510269364925 1.5999999999999996
      vertex 8.9 -32.25 4.99
      vertex 8.943297903915207 -31.75510269364925 4.99
    endloop
  endfacet
  facet normal -0.9659258262890685 0.2588190451025196 0
    outer loop
      vertex 9.07187603076016 -31.275242591521845 1.5999999999999996
      vertex 8.943297903915207 -31.75510269364925 4.99
      vertex 9.07187603076016 -31.275242591521845 4.99
    endloop
  endfacet
  facet normal -0.9063077870366506 0.4226182617406981 0
    outer loop
      vertex 9.281827599214349 -30.825 1.5999999999999996
      vertex 9.07187603076016 -31.275242591521845 4.99
      vertex 9.281827599214349 -30.825 4.99
    endloop
  endfacet
  facet normal -0.8191520442889899 0.5735764363510488 0
    outer loop
      vertex 9.566773337110913 -30.418055312393363 1.5999999999999996
      vertex 9.281827599214349 -30.825 4.99
      vertex 9.566773337110913 -30.418055312393363 4.99
    endloop
  endfacet
  facet normal -0.9063077870366492 -0.42261826174070083 0
    outer loop
      vertex 9.07187603076016 -33.224757408478155 6.181532510892707
      vertex 9.281827599214349 -33.675 6.199999999999999
      vertex 9.07187603076016 -33.224757408478155 6.199999999999999
    endloop
  endfacet
  facet normal -0.9659258262890686 -0.25881904510251963 0
    outer loop
      vertex 9.07187603076016 -33.224757408478155 6.199999999999999
      vertex 8.943297903915207 -32.74489730635075 6.199999999999999
      vertex 8.943297903915207 -32.74489730635075 6.181532510892707
    endloop
  endfacet
  facet normal -0.9961946980917457 -0.08715574274765742 0
    outer loop
      vertex 8.943297903915207 -32.74489730635075 6.181532510892707
      vertex 8.943297903915207 -32.74489730635075 6.199999999999999
      vertex 8.9 -32.25 6.181532510892707
    endloop
  endfacet
  facet normal 0 0 1
    outer loop
      vertex 9.07187603076016 -33.224757408478155 6.199999999999999
      vertex 8.943297903915207 -31.75510269364925 6.199999999999999
      vertex 8.943297903915207 -32.74489730635075 6.199999999999999
    endloop
  endfacet
  facet normal -0.9659258262890686 -0.25881904510251963 0
    outer loop
      vertex 9.07187603076016 -33.224757408478155 6.181532510892707
      vertex 9.07187603076016 -33.224757408478155 6.199999999999999
      vertex 8.943297903915207 -32.74489730635075 6.181532510892707
    endloop
  endfacet
  facet normal 0 0 1
    outer loop
      vertex 9.07187603076016 -33.224757408478155 6.199999999999999
      vertex 9.281827599214349 -33.675 6.199999999999999
      vertex 9.07187603076016 -31.275242591521845 6.199999999999999
    endloop
  endfacet
  facet normal -0.9961946980917457 -0.08715574274765742 0
    outer loop
      vertex 8.943297903915207 -32.74489730635075 6.199999999999999
      vertex 8.9 -32.25 6.199999999999999
      vertex 8.9 -32.25 6.181532510892707
    endloop
  endfacet
  facet normal 0 0 1
    outer loop
      vertex 8.943297903915207 -32.74489730635075 6.199999999999999
      vertex 8.943297903915207 -31.75510269364925 6.199999999999999
      vertex 8.9 -32.25 6.199999999999999
    endloop
  endfacet
  facet normal -0.9961946980917457 0.08715574274765742 0
    outer loop
      vertex 8.9 -32.25 6.181532510892707
      vertex 8.9 -32.25 6.199999999999999
      vertex 8.943297903915207 -31.75510269364925 6.181532510892707
    endloop
  endfacet
  facet normal 0 0 1
    outer loop
      vertex 9.07187603076016 -33.224757408478155 6.199999999999999
      vertex 9.07187603076016 -31.275242591521845 6.199999999999999
      vertex 8.943297903915207 -31.75510269364925 6.199999999999999
    endloop
  endfacet
  facet normal -0.8191520442889921 -0.5735764363510454 0
    outer loop
      vertex 9.281827599214349 -33.675 6.181532510892707
      vertex 9.566773337110913 -34.08194468760664 6.199999999999999
      vertex 9.281827599214349 -33.675 6.199999999999999
    endloop
  endfacet
  facet normal -0.9063077870366492 -0.42261826174070083 0
    outer loop
      vertex 9.07187603076016 -33.224757408478155 6.181532510892707
      vertex 9.281827599214349 -33.675 6.181532510892707
      vertex 9.281827599214349 -33.675 6.199999999999999
    endloop
  endfacet
  facet normal -0.8191520442889921 -0.5735764363510454 0
    outer loop
      vertex 9.281827599214349 -33.675 6.181532510892707
      vertex 9.566773337110913 -34.08194468760664 6.181532510892707
      vertex 9.566773337110913 -34.08194468760664 6.199999999999999
    endloop
  endfacet
  facet normal -0.707106781186551 -0.7071067811865439 0
    outer loop
      vertex 9.566773337110913 -34.08194468760664 6.181532510892707
      vertex 9.918055312393363 -34.43322666288909 6.199999999999999
      vertex 9.566773337110913 -34.08194468760664 6.199999999999999
    endloop
  endfacet
  facet normal 0 0 1
    outer loop
      vertex 9.281827599214349 -33.675 6.199999999999999
      vertex 9.566773337110913 -34.08194468760664 6.199999999999999
      vertex 9.281827599214349 -30.825 6.199999999999999
    endloop
  endfacet
  facet normal 0 0 1
    outer loop
      vertex 9.566773337110913 -34.08194468760664 6.199999999999999
      vertex 9.918055312393363 -34.43322666288909 6.199999999999999
      vertex 9.566773337110913 -30.418055312393363 6.199999999999999
    endloop
  endfacet
  facet normal -0.9961946980917457 0.08715574274765742 0
    outer loop
      vertex 8.9 -32.25 6.199999999999999
      vertex 8.943297903915207 -31.75510269364925 6.199999999999999
      vertex 8.943297903915207 -31.75510269364925 6.181532510892707
    endloop
  endfacet
  facet normal -0.9659258262890686 0.25881904510251963 0
    outer loop
      vertex 8.943297903915207 -31.75510269364925 6.181532510892707
      vertex 8.943297903915207 -31.75510269364925 6.199999999999999
      vertex 9.07187603076016 -31.275242591521845 6.181532510892707
    endloop
  endfacet
  facet normal -0.9659258262890686 0.25881904510251963 0
    outer loop
      vertex 8.943297903915207 -31.75510269364925 6.199999999999999
      vertex 9.07187603076016 -31.275242591521845 6.199999999999999
      vertex 9.07187603076016 -31.275242591521845 6.181532510892707
    endloop
  endfacet
  facet normal -0.9063077870366506 0.4226182617406981 0
    outer loop
      vertex 9.07187603076016 -31.275242591521845 6.181532510892707
      vertex 9.07187603076016 -31.275242591521845 6.199999999999999
      vertex 9.281827599214349 -30.825 6.181532510892707
    endloop
  endfacet
  facet normal 0 0 1
    outer loop
      vertex 9.281827599214349 -33.675 6.199999999999999
      vertex 9.281827599214349 -30.825 6.199999999999999
      vertex 9.07187603076016 -31.275242591521845 6.199999999999999
    endloop
  endfacet
  facet normal -0.9063077870366506 0.4226182617406981 0
    outer loop
      vertex 9.07187603076016 -31.275242591521845 6.199999999999999
      vertex 9.281827599214349 -30.825 6.199999999999999
      vertex 9.281827599214349 -30.825 6.181532510892707
    endloop
  endfacet
  facet normal 0 0 1
    outer loop
      vertex 9.566773337110913 -34.08194468760664 6.199999999999999
      vertex 9.566773337110913 -30.418055312393363 6.199999999999999
      vertex 9.281827599214349 -30.825 6.199999999999999
    endloop
  endfacet
  facet normal -0.8191520442889899 0.5735764363510487 0
    outer loop
      vertex 9.281827599214349 -30.825 6.181532510892707
      vertex 9.281827599214349 -30.825 6.199999999999999
      vertex 9.566773337110913 -30.418055312393363 6.181532510892707
    endloop
  endfacet
  facet normal -0.8191520442889899 0.5735764363510487 0
    outer loop
      vertex 9.281827599214349 -30.825 6.199999999999999
      vertex 9.566773337110913 -30.418055312393363 6.199999999999999
      vertex 9.566773337110913 -30.418055312393363 6.181532510892707
    endloop
  endfacet
  facet normal -0.7071067811865475 0.7071067811865475 0
    outer loop
      vertex 9.566773337110913 -30.418055312393363 6.181532510892707
      vertex 9.566773337110913 -30.418055312393363 6.199999999999999
      vertex 9.918055312393363 -30.066773337110913 6.181532510892707
    endloop
  endfacet
  facet normal -0.7071067811865511 -0.707106781186544 0
    outer loop
      vertex 9.566773337110913 -34.08194468760664 1.5999999999999996
      vertex 9.918055312393363 -34.43322666288909 1.5999999999999996
      vertex 9.918055312393363 -34.43322666288909 4.99
    endloop
  endfacet
  facet normal -0.5735764363510392 -0.8191520442889966 0
    outer loop
      vertex 9.918055312393363 -34.43322666288909 1.5999999999999996
      vertex 10.325 -34.71817240078565 1.5999999999999996
      vertex 10.325 -34.71817240078565 4.99
    endloop
  endfacet
  facet normal -0.42261826174070755 -0.9063077870366463 0
    outer loop
      vertex 10.325 -34.71817240078565 1.5999999999999996
      vertex 10.707854060526788 -34.89670018116503 1.5999999999999996
      vertex 10.707854060526788 -34.89670018116503 4.99
    endloop
  endfacet
  facet normal -0.5735764363510488 0.8191520442889899 0
    outer loop
      vertex 9.918055312393363 -30.066773337110913 1.5999999999999996
      vertex 9.918055312393363 -30.066773337110913 4.99
      vertex 10.325 -29.78182759921435 1.5999999999999996
    endloop
  endfacet
  facet normal -0.42261826174069655 0.9063077870366514 0
    outer loop
      vertex 10.325 -29.78182759921435 1.5999999999999996
      vertex 10.325 -29.78182759921435 4.99
      vertex 10.775242591521843 -29.571876030760162 1.5999999999999996
    endloop
  endfacet
  facet normal -0.25881904510251863 0.9659258262890689 0
    outer loop
      vertex 10.775242591521843 -29.571876030760162 1.5999999999999996
      vertex 10.775242591521843 -29.571876030760162 4.99
      vertex 11.255102693649249 -29.44329790391521 1.5999999999999996
    endloop
  endfacet
  facet normal -0.08715574274766452 0.996194698091745 0
    outer loop
      vertex 11.255102693649249 -29.44329790391521 1.5999999999999996
      vertex 11.255102693649249 -29.44329790391521 4.99
      vertex 11.75 -29.4 1.5999999999999996
    endloop
  endfacet
  facet normal 0.08715574274766452 0.996194698091745 0
    outer loop
      vertex 11.75 -29.4 1.5999999999999996
      vertex 11.75 -29.4 4.99
      vertex 12.244897306350751 -29.44329790391521 1.5999999999999996
    endloop
  endfacet
  facet normal 0.5735764363510488 0.8191520442889899 0
    outer loop
      vertex 13.175 -29.78182759921435 1.5999999999999996
      vertex 13.175 -29.78182759921435 4.99
      vertex 13.581944687606637 -30.066773337110913 1.5999999999999996
    endloop
  endfacet
  facet normal 0.25881904510251863 0.9659258262890689 0
    outer loop
      vertex 12.244897306350751 -29.44329790391521 1.5999999999999996
      vertex 12.244897306350751 -29.44329790391521 4.99
      vertex 12.724757408478157 -29.571876030760162 1.5999999999999996
    endloop
  endfacet
  facet normal 0.42261826174069655 0.9063077870366514 0
    outer loop
      vertex 13.175 -29.78182759921435 1.5999999999999996
      vertex 12.724757408478157 -29.571876030760162 1.5999999999999996
      vertex 12.724757408478157 -29.571876030760162 4.99
    endloop
  endfacet
  facet normal 0.7071067811865476 0.7071067811865476 0
    outer loop
      vertex 13.581944687606637 -30.066773337110913 1.5999999999999996
      vertex 13.581944687606637 -30.066773337110913 4.99
      vertex 13.933226662889087 -30.418055312393363 1.5999999999999996
    endloop
  endfacet
  facet normal 0.906307787036651 0.42261826174069705 0
    outer loop
      vertex 14.218172400785651 -30.825 1.5999999999999996
      vertex 14.4 -31.214930544854813 4.99
      vertex 14.4 -31.214930544854813 1.5999999999999996
    endloop
  endfacet
  facet normal 0.8191520442889899 0.5735764363510488 0
    outer loop
      vertex 13.933226662889087 -30.418055312393363 1.5999999999999996
      vertex 13.933226662889087 -30.418055312393363 4.99
      vertex 14.218172400785651 -30.825 1.5999999999999996
    endloop
  endfacet
  facet normal -0.5735764363510392 -0.8191520442889966 0
    outer loop
      vertex 9.918055312393363 -34.43322666288909 1.5999999999999996
      vertex 10.325 -34.71817240078565 4.99
      vertex 9.918055312393363 -34.43322666288909 4.99
    endloop
  endfacet
  facet normal -0.42261826174070755 -0.9063077870366463 0
    outer loop
      vertex 10.325 -34.71817240078565 1.5999999999999996
      vertex 10.707854060526788 -34.89670018116503 4.99
      vertex 10.325 -34.71817240078565 4.99
    endloop
  endfacet
  facet normal -0.7071067811865476 0.7071067811865476 0
    outer loop
      vertex 9.918055312393363 -30.066773337110913 1.5999999999999996
      vertex 9.566773337110913 -30.418055312393363 4.99
      vertex 9.918055312393363 -30.066773337110913 4.99
    endloop
  endfacet
  facet normal -0.5735764363510488 0.8191520442889899 0
    outer loop
      vertex 10.325 -29.78182759921435 1.5999999999999996
      vertex 9.918055312393363 -30.066773337110913 4.99
      vertex 10.325 -29.78182759921435 4.99
    endloop
  endfacet
  facet normal -0.42261826174069655 0.9063077870366514 0
    outer loop
      vertex 10.775242591521843 -29.571876030760162 1.5999999999999996
      vertex 10.325 -29.78182759921435 4.99
      vertex 10.775242591521843 -29.571876030760162 4.99
    endloop
  endfacet
  facet normal -0.25881904510251863 0.9659258262890689 0
    outer loop
      vertex 11.255102693649249 -29.44329790391521 1.5999999999999996
      vertex 10.775242591521843 -29.571876030760162 4.99
      vertex 11.255102693649249 -29.44329790391521 4.99
    endloop
  endfacet
  facet normal -0.08715574274766452 0.996194698091745 0
    outer loop
      vertex 11.75 -29.4 1.5999999999999996
      vertex 11.255102693649249 -29.44329790391521 4.99
      vertex 11.75 -29.4 4.99
    endloop
  endfacet
  facet normal 0.08715574274766452 0.996194698091745 0
    outer loop
      vertex 12.244897306350751 -29.44329790391521 1.5999999999999996
      vertex 11.75 -29.4 4.99
      vertex 12.244897306350751 -29.44329790391521 4.99
    endloop
  endfacet
  facet normal 0.42261826174069655 0.9063077870366514 0
    outer loop
      vertex 13.175 -29.78182759921435 1.5999999999999996
      vertex 12.724757408478157 -29.571876030760162 4.99
      vertex 13.175 -29.78182759921435 4.99
    endloop
  endfacet
  facet normal 0.25881904510251863 0.9659258262890689 0
    outer loop
      vertex 12.724757408478157 -29.571876030760162 1.5999999999999996
      vertex 12.244897306350751 -29.44329790391521 4.99
      vertex 12.724757408478157 -29.571876030760162 4.99
    endloop
  endfacet
  facet normal 0.5735764363510488 0.8191520442889899 0
    outer loop
      vertex 13.581944687606637 -30.066773337110913 1.5999999999999996
      vertex 13.175 -29.78182759921435 4.99
      vertex 13.581944687606637 -30.066773337110913 4.99
    endloop
  endfacet
  facet normal 0.7071067811865476 0.7071067811865476 0
    outer loop
      vertex 13.933226662889087 -30.418055312393363 1.5999999999999996
      vertex 13.581944687606637 -30.066773337110913 4.99
      vertex 13.933226662889087 -30.418055312393363 4.99
    endloop
  endfacet
  facet normal 0.906307787036651 0.42261826174069705 0
    outer loop
      vertex 14.218172400785651 -30.825 1.5999999999999996
      vertex 14.218172400785651 -30.825 4.99
      vertex 14.4 -31.214930544854813 4.99
    endloop
  endfacet
  facet normal 0.8191520442889899 0.5735764363510488 0
    outer loop
      vertex 14.218172400785651 -30.825 1.5999999999999996
      vertex 13.933226662889087 -30.418055312393363 4.99
      vertex 14.218172400785651 -30.825 4.99
    endloop
  endfacet
  facet normal -0.707106781186551 -0.7071067811865439 0
    outer loop
      vertex 9.566773337110913 -34.08194468760664 6.181532510892707
      vertex 9.918055312393363 -34.43322666288909 6.181532510892707
      vertex 9.918055312393363 -34.43322666288909 6.199999999999999
    endloop
  endfacet
  facet normal -0.5735764363510392 -0.8191520442889967 0
    outer loop
      vertex 9.918055312393363 -34.43322666288909 6.181532510892707
      vertex 10.325 -34.71817240078565 6.199999999999999
      vertex 9.918055312393363 -34.43322666288909 6.199999999999999
    endloop
  endfacet
  facet normal -0.5735764363510392 -0.8191520442889967 0
    outer loop
      vertex 9.918055312393363 -34.43322666288909 6.181532510892707
      vertex 10.325 -34.71817240078565 6.181532510892707
      vertex 10.325 -34.71817240078565 6.199999999999999
    endloop
  endfacet
  facet normal -0.4226182617407083 -0.9063077870366457 0
    outer loop
      vertex 10.325 -34.71817240078565 6.181532510892707
      vertex 10.775242591521843 -34.92812396923984 6.199999999999999
      vertex 10.325 -34.71817240078565 6.199999999999999
    endloop
  endfacet
  facet normal -0.4226182617407083 -0.9063077870366457 0
    outer loop
      vertex 10.325 -34.71817240078565 6.181532510892707
      vertex 10.775242591521843 -34.92812396923984 6.181532510892707
      vertex 10.775242591521843 -34.92812396923984 6.199999999999999
    endloop
  endfacet
  facet normal -0.258819045102512 -0.9659258262890705 0
    outer loop
      vertex 10.775242591521843 -34.92812396923984 6.181532510892707
      vertex 11.255102693649249 -35.05670209608479 6.199999999999999
      vertex 10.775242591521843 -34.92812396923984 6.199999999999999
    endloop
  endfacet
  facet normal 0 0 1
    outer loop
      vertex 9.918055312393363 -34.43322666288909 6.199999999999999
      vertex 10.325 -34.71817240078565 6.199999999999999
      vertex 9.918055312393363 -30.066773337110913 6.199999999999999
    endloop
  endfacet
  facet normal 0 0 1
    outer loop
      vertex 10.325 -34.71817240078565 6.199999999999999
      vertex 10.35 -32.25 6.199999999999999
      vertex 10.325 -29.78182759921435 6.199999999999999
    endloop
  endfacet
  facet normal 0 0 1
    outer loop
      vertex 10.325 -34.71817240078565 6.199999999999999
      vertex 10.775242591521843 -34.92812396923984 6.199999999999999
      vertex 10.434430330899728 -32.72882820065593 6.199999999999999
    endloop
  endfacet
  facet normal 0 0 1
    outer loop
      vertex 10.325 -34.71817240078565 6.199999999999999
      vertex 10.434430330899728 -32.72882820065593 6.199999999999999
      vertex 10.35 -32.25 6.199999999999999
    endloop
  endfacet
  facet normal 0 0 1
    outer loop
      vertex 10.775242591521843 -34.92812396923984 6.199999999999999
      vertex 10.67753777963343 -33.149902653561156 6.199999999999999
      vertex 10.434430330899728 -32.72882820065593 6.199999999999999
    endloop
  endfacet
  facet normal 0 0 1
    outer loop
      vertex 10.775242591521843 -34.92812396923984 6.199999999999999
      vertex 11.05 -33.462435565298215 6.199999999999999
      vertex 10.67753777963343 -33.149902653561156 6.199999999999999
    endloop
  endfacet
  facet normal -0.258819045102512 -0.9659258262890705 0
    outer loop
      vertex 10.775242591521843 -34.92812396923984 6.181532510892707
      vertex 11.255102693649249 -35.05670209608479 6.181532510892707
      vertex 11.255102693649249 -35.05670209608479 6.199999999999999
    endloop
  endfacet
  facet normal 0 0 1
    outer loop
      vertex 10.775242591521843 -34.92812396923984 6.199999999999999
      vertex 11.255102693649249 -35.05670209608479 6.199999999999999
      vertex 11.05 -33.462435565298215 6.199999999999999
    endloop
  endfacet
  facet normal -0.08715574274766451 -0.9961946980917449 0
    outer loop
      vertex 11.255102693649249 -35.05670209608479 6.181532510892707
      vertex 11.75 -35.1 6.181532510892707
      vertex 11.255102693649249 -35.05670209608479 6.199999999999999
    endloop
  endfacet
  facet normal 0 0 1
    outer loop
      vertex 11.255102693649249 -35.05670209608479 6.199999999999999
      vertex 11.75 -35.1 6.199999999999999
      vertex 11.506892551266297 -33.62873085421709 6.199999999999999
    endloop
  endfacet
  facet normal -0.08715574274766451 -0.9961946980917449 0
    outer loop
      vertex 11.255102693649249 -35.05670209608479 6.199999999999999
      vertex 11.75 -35.1 6.181532510892707
      vertex 11.75 -35.1 6.199999999999999
    endloop
  endfacet
  facet normal 0.08715574274766451 -0.9961946980917449 0
    outer loop
      vertex 11.75 -35.1 6.181532510892707
      vertex 12.244897306350751 -35.05670209608479 6.199999999999999
      vertex 11.75 -35.1 6.199999999999999
    endloop
  endfacet
  facet normal 0.08715574274766451 -0.9961946980917449 0
    outer loop
      vertex 11.75 -35.1 6.181532510892707
      vertex 12.244897306350751 -35.05670209608479 6.181532510892707
      vertex 12.244897306350751 -35.05670209608479 6.199999999999999
    endloop
  endfacet
  facet normal 0 0 1
    outer loop
      vertex 11.75 -35.1 6.199999999999999
      vertex 12.244897306350751 -35.05670209608479 6.199999999999999
      vertex 11.993107448733703 -33.62873085421709 6.199999999999999
    endloop
  endfacet
  facet normal 0 0 1
    outer loop
      vertex 11.255102693649249 -35.05670209608479 6.199999999999999
      vertex 11.506892551266297 -33.62873085421709 6.199999999999999
      vertex 11.05 -33.462435565298215 6.199999999999999
    endloop
  endfacet
  facet normal 0 0 1
    outer loop
      vertex 11.75 -35.1 6.199999999999999
      vertex 11.993107448733703 -33.62873085421709 6.199999999999999
      vertex 11.506892551266297 -33.62873085421709 6.199999999999999
    endloop
  endfacet
  facet normal 0 0 1
    outer loop
      vertex 9.566773337110913 -30.418055312393363 6.199999999999999
      vertex 9.918055312393363 -34.43322666288909 6.199999999999999
      vertex 9.918055312393363 -30.066773337110913 6.199999999999999
    endloop
  endfacet
  facet normal 0 0 1
    outer loop
      vertex 10.325 -34.71817240078565 6.199999999999999
      vertex 10.325 -29.78182759921435 6.199999999999999
      vertex 9.918055312393363 -30.066773337110913 6.199999999999999
    endloop
  endfacet
  facet normal -0.7071067811865475 0.7071067811865475 0
    outer loop
      vertex 9.566773337110913 -30.418055312393363 6.199999999999999
      vertex 9.918055312393363 -30.066773337110913 6.199999999999999
      vertex 9.918055312393363 -30.066773337110913 6.181532510892707
    endloop
  endfacet
  facet normal -0.5735764363510487 0.8191520442889899 0
    outer loop
      vertex 9.918055312393363 -30.066773337110913 6.181532510892707
      vertex 9.918055312393363 -30.066773337110913 6.199999999999999
      vertex 10.325 -29.78182759921435 6.181532510892707
    endloop
  endfacet
  facet normal -0.5735764363510487 0.8191520442889899 0
    outer loop
      vertex 9.918055312393363 -30.066773337110913 6.199999999999999
      vertex 10.325 -29.78182759921435 6.199999999999999
      vertex 10.325 -29.78182759921435 6.181532510892707
    endloop
  endfacet
  facet normal 0 0 1
    outer loop
      vertex 10.35 -32.25 6.199999999999999
      vertex 10.434430330899728 -31.771171799344064 6.199999999999999
      vertex 10.325 -29.78182759921435 6.199999999999999
    endloop
  endfacet
  facet normal 0 0 1
    outer loop
      vertex 10.325 -29.78182759921435 6.199999999999999
      vertex 10.434430330899728 -31.771171799344064 6.199999999999999
      vertex 10.67753777963343 -31.350097346438844 6.199999999999999
    endloop
  endfacet
  facet normal -0.42261826174069655 0.9063077870366513 0
    outer loop
      vertex 10.325 -29.78182759921435 6.181532510892707
      vertex 10.325 -29.78182759921435 6.199999999999999
      vertex 10.775242591521843 -29.571876030760162 6.181532510892707
    endloop
  endfacet
  facet normal 0 0 1
    outer loop
      vertex 10.325 -29.78182759921435 6.199999999999999
      vertex 10.67753777963343 -31.350097346438844 6.199999999999999
      vertex 11.05 -31.037564434701785 6.199999999999999
    endloop
  endfacet
  facet normal 0 0 1
    outer loop
      vertex 10.325 -29.78182759921435 6.199999999999999
      vertex 11.05 -31.037564434701785 6.199999999999999
      vertex 10.775242591521843 -29.571876030760162 6.199999999999999
    endloop
  endfacet
  facet normal -0.42261826174069655 0.9063077870366513 0
    outer loop
      vertex 10.325 -29.78182759921435 6.199999999999999
      vertex 10.775242591521843 -29.571876030760162 6.199999999999999
      vertex 10.775242591521843 -29.571876030760162 6.181532510892707
    endloop
  endfacet
  facet normal -0.2588190451025187 0.9659258262890688 0
    outer loop
      vertex 10.775242591521843 -29.571876030760162 6.181532510892707
      vertex 10.775242591521843 -29.571876030760162 6.199999999999999
      vertex 11.255102693649249 -29.44329790391521 6.181532510892707
    endloop
  endfacet
  facet normal 0 0 1
    outer loop
      vertex 10.775242591521843 -29.571876030760162 6.199999999999999
      vertex 11.05 -31.037564434701785 6.199999999999999
      vertex 11.506892551266297 -30.871269145782907 6.199999999999999
    endloop
  endfacet
  facet normal 0 0 1
    outer loop
      vertex 10.775242591521843 -29.571876030760162 6.199999999999999
      vertex 11.506892551266297 -30.871269145782907 6.199999999999999
      vertex 11.255102693649249 -29.44329790391521 6.199999999999999
    endloop
  endfacet
  facet normal 0 0 1
    outer loop
      vertex 11.506892551266297 -30.871269145782907 6.199999999999999
      vertex 11.75 -29.4 6.199999999999999
      vertex 11.255102693649249 -29.44329790391521 6.199999999999999
    endloop
  endfacet
  facet normal 0 0 1
    outer loop
      vertex 11.506892551266297 -30.871269145782907 6.199999999999999
      vertex 11.993107448733703 -30.871269145782907 6.199999999999999
      vertex 11.75 -29.4 6.199999999999999
    endloop
  endfacet
  facet normal 0 0 1
    outer loop
      vertex 11.993107448733703 -30.871269145782907 6.199999999999999
      vertex 12.244897306350751 -29.44329790391521 6.199999999999999
      vertex 11.75 -29.4 6.199999999999999
    endloop
  endfacet
  facet normal -0.2588190451025187 0.9659258262890688 0
    outer loop
      vertex 10.775242591521843 -29.571876030760162 6.199999999999999
      vertex 11.255102693649249 -29.44329790391521 6.199999999999999
      vertex 11.255102693649249 -29.44329790391521 6.181532510892707
    endloop
  endfacet
  facet normal -0.08715574274766451 0.9961946980917449 0
    outer loop
      vertex 11.255102693649249 -29.44329790391521 6.181532510892707
      vertex 11.255102693649249 -29.44329790391521 6.199999999999999
      vertex 11.75 -29.4 6.181532510892707
    endloop
  endfacet
  facet normal -0.08715574274766451 0.9961946980917449 0
    outer loop
      vertex 11.255102693649249 -29.44329790391521 6.199999999999999
      vertex 11.75 -29.4 6.199999999999999
      vertex 11.75 -29.4 6.181532510892707
    endloop
  endfacet
  facet normal 0.08715574274766451 0.9961946980917449 0
    outer loop
      vertex 11.75 -29.4 6.181532510892707
      vertex 11.75 -29.4 6.199999999999999
      vertex 12.244897306350751 -29.44329790391521 6.181532510892707
    endloop
  endfacet
  facet normal 0.08715574274766451 0.9961946980917449 0
    outer loop
      vertex 11.75 -29.4 6.199999999999999
      vertex 12.244897306350751 -29.44329790391521 6.199999999999999
      vertex 12.244897306350751 -29.44329790391521 6.181532510892707
    endloop
  endfacet
  facet normal 0.258819045102512 -0.9659258262890705 0
    outer loop
      vertex 12.244897306350751 -35.05670209608479 6.181532510892707
      vertex 12.724757408478157 -34.92812396923984 6.199999999999999
      vertex 12.244897306350751 -35.05670209608479 6.199999999999999
    endloop
  endfacet
  facet normal 0 0 1
    outer loop
      vertex 11.993107448733703 -33.62873085421709 6.199999999999999
      vertex 12.244897306350751 -35.05670209608479 6.199999999999999
      vertex 12.724757408478157 -34.92812396923984 6.199999999999999
    endloop
  endfacet
  facet normal 0.258819045102512 -0.9659258262890705 0
    outer loop
      vertex 12.244897306350751 -35.05670209608479 6.181532510892707
      vertex 12.724757408478157 -34.92812396923984 6.181532510892707
      vertex 12.724757408478157 -34.92812396923984 6.199999999999999
    endloop
  endfacet
  facet normal 0 0 1
    outer loop
      vertex 12.724757408478157 -34.92812396923984 6.199999999999999
      vertex 13.175 -34.71817240078565 6.199999999999999
      vertex 12.45 -33.462435565298215 6.199999999999999
    endloop
  endfacet
  facet normal 0.4226182617407083 -0.9063077870366457 0
    outer loop
      vertex 12.724757408478157 -34.92812396923984 6.181532510892707
      vertex 13.175 -34.71817240078565 6.199999999999999
      vertex 12.724757408478157 -34.92812396923984 6.199999999999999
    endloop
  endfacet
  facet normal 0.4226182617407083 -0.9063077870366457 0
    outer loop
      vertex 12.724757408478157 -34.92812396923984 6.181532510892707
      vertex 13.175 -34.71817240078565 6.181532510892707
      vertex 13.175 -34.71817240078565 6.199999999999999
    endloop
  endfacet
  facet normal 0.5735764363510392 -0.8191520442889967 0
    outer loop
      vertex 13.175 -34.71817240078565 6.181532510892707
      vertex 13.581944687606637 -34.43322666288909 6.199999999999999
      vertex 13.175 -34.71817240078565 6.199999999999999
    endloop
  endfacet
  facet normal 0 0 1
    outer loop
      vertex 11.993107448733703 -33.62873085421709 6.199999999999999
      vertex 12.724757408478157 -34.92812396923984 6.199999999999999
      vertex 12.45 -33.462435565298215 6.199999999999999
    endloop
  endfacet
  facet normal 0 0 1
    outer loop
      vertex 13.175 -34.71817240078565 6.199999999999999
      vertex 12.82246222036657 -33.149902653561156 6.199999999999999
      vertex 12.45 -33.462435565298215 6.199999999999999
    endloop
  endfacet
  facet normal 0 0 1
    outer loop
      vertex 13.175 -34.71817240078565 6.199999999999999
      vertex 13.065569669100272 -32.72882820065593 6.199999999999999
      vertex 12.82246222036657 -33.149902653561156 6.199999999999999
    endloop
  endfacet
  facet normal 0 0 1
    outer loop
      vertex 13.175 -34.71817240078565 6.199999999999999
      vertex 13.15 -32.25 6.199999999999999
      vertex 13.065569669100272 -32.72882820065593 6.199999999999999
    endloop
  endfacet
  facet normal 0 0 1
    outer loop
      vertex 13.175 -34.71817240078565 6.199999999999999
      vertex 13.581944687606637 -34.43322666288909 6.199999999999999
      vertex 13.175 -29.78182759921435 6.199999999999999
    endloop
  endfacet
  facet normal 0 0 1
    outer loop
      vertex 13.175 -34.71817240078565 6.199999999999999
      vertex 13.175 -29.78182759921435 6.199999999999999
      vertex 13.15 -32.25 6.199999999999999
    endloop
  endfacet
  facet normal 0.5735764363510392 -0.8191520442889967 0
    outer loop
      vertex 13.175 -34.71817240078565 6.181532510892707
      vertex 13.581944687606637 -34.43322666288909 6.181532510892707
      vertex 13.581944687606637 -34.43322666288909 6.199999999999999
    endloop
  endfacet
  facet normal 0.707106781186551 -0.7071067811865439 0
    outer loop
      vertex 13.581944687606637 -34.43322666288909 6.181532510892707
      vertex 13.933226662889087 -34.08194468760664 6.199999999999999
      vertex 13.581944687606637 -34.43322666288909 6.199999999999999
    endloop
  endfacet
  facet normal 0.707106781186551 -0.7071067811865439 0
    outer loop
      vertex 13.581944687606637 -34.43322666288909 6.181532510892707
      vertex 13.933226662889087 -34.08194468760664 6.181532510892707
      vertex 13.933226662889087 -34.08194468760664 6.199999999999999
    endloop
  endfacet
  facet normal 0 0 1
    outer loop
      vertex 13.581944687606637 -34.43322666288909 6.199999999999999
      vertex 13.933226662889087 -34.08194468760664 6.199999999999999
      vertex 13.581944687606637 -30.066773337110913 6.199999999999999
    endloop
  endfacet
  facet normal 0.8191520442889921 -0.5735764363510454 0
    outer loop
      vertex 13.933226662889087 -34.08194468760664 6.181532510892707
      vertex 14.218172400785651 -33.675 6.199999999999999
      vertex 13.933226662889087 -34.08194468760664 6.199999999999999
    endloop
  endfacet
  facet normal 0.8191520442889921 -0.5735764363510454 0
    outer loop
      vertex 13.933226662889087 -34.08194468760664 6.181532510892707
      vertex 14.218172400785651 -33.675 6.181532510892707
      vertex 14.218172400785651 -33.675 6.199999999999999
    endloop
  endfacet
  facet normal 0.9063077870366492 -0.42261826174070083 0
    outer loop
      vertex 14.218172400785651 -33.675 6.181532510892707
      vertex 14.42812396923984 -33.224757408478155 6.199999999999999
      vertex 14.218172400785651 -33.675 6.199999999999999
    endloop
  endfacet
  facet normal 0.9063077870366492 -0.42261826174070083 0
    outer loop
      vertex 14.218172400785651 -33.675 6.181532510892707
      vertex 14.42812396923984 -33.224757408478155 6.181532510892707
      vertex 14.42812396923984 -33.224757408478155 6.199999999999999
    endloop
  endfacet
  facet normal 0 0 1
    outer loop
      vertex 13.933226662889087 -34.08194468760664 6.199999999999999
      vertex 14.218172400785651 -33.675 6.199999999999999
      vertex 13.933226662889087 -30.418055312393363 6.199999999999999
    endloop
  endfacet
  facet normal 0 0 1
    outer loop
      vertex 14.218172400785651 -33.675 6.199999999999999
      vertex 14.42812396923984 -33.224757408478155 6.199999999999999
      vertex 14.218172400785651 -30.825 6.199999999999999
    endloop
  endfacet
  facet normal 0.9659258262890686 -0.25881904510251963 0
    outer loop
      vertex 14.42812396923984 -33.224757408478155 6.181532510892707
      vertex 14.556702096084793 -32.74489730635075 6.199999999999999
      vertex 14.42812396923984 -33.224757408478155 6.199999999999999
    endloop
  endfacet
  facet normal 0.9659258262890686 -0.25881904510251963 0
    outer loop
      vertex 14.42812396923984 -33.224757408478155 6.181532510892707
      vertex 14.556702096084793 -32.74489730635075 6.181532510892707
      vertex 14.556702096084793 -32.74489730635075 6.199999999999999
    endloop
  endfacet
  facet normal 0.9961946980917457 -0.08715574274765742 0
    outer loop
      vertex 14.556702096084793 -32.74489730635075 6.181532510892707
      vertex 14.6 -32.25 6.199999999999999
      vertex 14.556702096084793 -32.74489730635075 6.199999999999999
    endloop
  endfacet
  facet normal 0 0 1
    outer loop
      vertex 14.42812396923984 -33.224757408478155 6.199999999999999
      vertex 14.556702096084793 -32.74489730635075 6.199999999999999
      vertex 14.42812396923984 -31.275242591521845 6.199999999999999
    endloop
  endfacet
  facet normal 0.9961946980917457 -0.08715574274765742 0
    outer loop
      vertex 14.556702096084793 -32.74489730635075 6.181532510892707
      vertex 14.6 -32.25 6.181532510892707
      vertex 14.6 -32.25 6.199999999999999
    endloop
  endfacet
  facet normal 0 0 1
    outer loop
      vertex 14.556702096084793 -32.74489730635075 6.199999999999999
      vertex 14.6 -32.25 6.199999999999999
      vertex 14.556702096084793 -31.75510269364925 6.199999999999999
    endloop
  endfacet
  facet normal 0.9961946980917457 0.08715574274765742 0
    outer loop
      vertex 14.6 -32.25 6.181532510892707
      vertex 14.556702096084793 -31.75510269364925 6.199999999999999
      vertex 14.6 -32.25 6.199999999999999
    endloop
  endfacet
  facet normal 0 0 1
    outer loop
      vertex 11.993107448733703 -30.871269145782907 6.199999999999999
      vertex 12.45 -31.037564434701785 6.199999999999999
      vertex 12.244897306350751 -29.44329790391521 6.199999999999999
    endloop
  endfacet
  facet normal 0 0 1
    outer loop
      vertex 12.45 -31.037564434701785 6.199999999999999
      vertex 12.724757408478157 -29.571876030760162 6.199999999999999
      vertex 12.244897306350751 -29.44329790391521 6.199999999999999
    endloop
  endfacet
  facet normal 0 0 1
    outer loop
      vertex 12.45 -31.037564434701785 6.199999999999999
      vertex 12.82246222036657 -31.350097346438844 6.199999999999999
      vertex 12.724757408478157 -29.571876030760162 6.199999999999999
    endloop
  endfacet
  facet normal 0 0 1
    outer loop
      vertex 13.065569669100272 -31.771171799344064 6.199999999999999
      vertex 12.724757408478157 -29.571876030760162 6.199999999999999
      vertex 12.82246222036657 -31.350097346438844 6.199999999999999
    endloop
  endfacet
  facet normal 0 0 1
    outer loop
      vertex 13.15 -32.25 6.199999999999999
      vertex 13.175 -29.78182759921435 6.199999999999999
      vertex 13.065569669100272 -31.771171799344064 6.199999999999999
    endloop
  endfacet
  facet normal 0 0 1
    outer loop
      vertex 13.065569669100272 -31.771171799344064 6.199999999999999
      vertex 13.175 -29.78182759921435 6.199999999999999
      vertex 12.724757408478157 -29.571876030760162 6.199999999999999
    endloop
  endfacet
  facet normal 0.42261826174069655 0.9063077870366513 0
    outer loop
      vertex 13.175 -29.78182759921435 6.181532510892707
      vertex 12.724757408478157 -29.571876030760162 6.199999999999999
      vertex 13.175 -29.78182759921435 6.199999999999999
    endloop
  endfacet
  facet normal 0.5735764363510487 0.8191520442889899 0
    outer loop
      vertex 13.175 -29.78182759921435 6.181532510892707
      vertex 13.175 -29.78182759921435 6.199999999999999
      vertex 13.581944687606637 -30.066773337110913 6.181532510892707
    endloop
  endfacet
  facet normal 0.2588190451025187 0.9659258262890688 0
    outer loop
      vertex 12.244897306350751 -29.44329790391521 6.181532510892707
      vertex 12.244897306350751 -29.44329790391521 6.199999999999999
      vertex 12.724757408478157 -29.571876030760162 6.181532510892707
    endloop
  endfacet
  facet normal 0.2588190451025187 0.9659258262890688 0
    outer loop
      vertex 12.244897306350751 -29.44329790391521 6.199999999999999
      vertex 12.724757408478157 -29.571876030760162 6.199999999999999
      vertex 12.724757408478157 -29.571876030760162 6.181532510892707
    endloop
  endfacet
  facet normal 0.42261826174069655 0.9063077870366513 0
    outer loop
      vertex 13.175 -29.78182759921435 6.181532510892707
      vertex 12.724757408478157 -29.571876030760162 6.181532510892707
      vertex 12.724757408478157 -29.571876030760162 6.199999999999999
    endloop
  endfacet
  facet normal 0 0 1
    outer loop
      vertex 13.581944687606637 -34.43322666288909 6.199999999999999
      vertex 13.581944687606637 -30.066773337110913 6.199999999999999
      vertex 13.175 -29.78182759921435 6.199999999999999
    endloop
  endfacet
  facet normal 0 0 1
    outer loop
      vertex 13.933226662889087 -34.08194468760664 6.199999999999999
      vertex 13.933226662889087 -30.418055312393363 6.199999999999999
      vertex 13.581944687606637 -30.066773337110913 6.199999999999999
    endloop
  endfacet
  facet normal 0.5735764363510487 0.8191520442889899 0
    outer loop
      vertex 13.175 -29.78182759921435 6.199999999999999
      vertex 13.581944687606637 -30.066773337110913 6.199999999999999
      vertex 13.581944687606637 -30.066773337110913 6.181532510892707
    endloop
  endfacet
  facet normal 0.7071067811865475 0.7071067811865475 0
    outer loop
      vertex 13.581944687606637 -30.066773337110913 6.181532510892707
      vertex 13.581944687606637 -30.066773337110913 6.199999999999999
      vertex 13.933226662889087 -30.418055312393363 6.181532510892707
    endloop
  endfacet
  facet normal 0.7071067811865475 0.7071067811865475 0
    outer loop
      vertex 13.581944687606637 -30.066773337110913 6.199999999999999
      vertex 13.933226662889087 -30.418055312393363 6.199999999999999
      vertex 13.933226662889087 -30.418055312393363 6.181532510892707
    endloop
  endfacet
  facet normal 0 0 1
    outer loop
      vertex 14.218172400785651 -33.675 6.199999999999999
      vertex 14.218172400785651 -30.825 6.199999999999999
      vertex 13.933226662889087 -30.418055312393363 6.199999999999999
    endloop
  endfacet
  facet normal 0.9063077870366506 0.4226182617406981 0
    outer loop
      vertex 14.218172400785651 -30.825 6.181532510892707
      vertex 14.218172400785651 -30.825 6.199999999999999
      vertex 14.42812396923984 -31.275242591521845 6.181532510892707
    endloop
  endfacet
  facet normal 0 0 1
    outer loop
      vertex 14.42812396923984 -33.224757408478155 6.199999999999999
      vertex 14.42812396923984 -31.275242591521845 6.199999999999999
      vertex 14.218172400785651 -30.825 6.199999999999999
    endloop
  endfacet
  facet normal 0.9659258262890686 0.25881904510251963 0
    outer loop
      vertex 14.556702096084793 -31.75510269364925 6.181532510892707
      vertex 14.42812396923984 -31.275242591521845 6.181532510892707
      vertex 14.42812396923984 -31.275242591521845 6.199999999999999
    endloop
  endfacet
  facet normal 0 0 1
    outer loop
      vertex 14.556702096084793 -32.74489730635075 6.199999999999999
      vertex 14.556702096084793 -31.75510269364925 6.199999999999999
      vertex 14.42812396923984 -31.275242591521845 6.199999999999999
    endloop
  endfacet
  facet normal 0.9961946980917457 0.08715574274765742 0
    outer loop
      vertex 14.6 -32.25 6.181532510892707
      vertex 14.556702096084793 -31.75510269364925 6.181532510892707
      vertex 14.556702096084793 -31.75510269364925 6.199999999999999
    endloop
  endfacet
  facet normal 0.9659258262890686 0.25881904510251963 0
    outer loop
      vertex 14.556702096084793 -31.75510269364925 6.181532510892707
      vertex 14.42812396923984 -31.275242591521845 6.199999999999999
      vertex 14.556702096084793 -31.75510269364925 6.199999999999999
    endloop
  endfacet
  facet normal 0.9063077870366506 0.4226182617406981 0
    outer loop
      vertex 14.218172400785651 -30.825 6.199999999999999
      vertex 14.42812396923984 -31.275242591521845 6.199999999999999
      vertex 14.42812396923984 -31.275242591521845 6.181532510892707
    endloop
  endfacet
  facet normal 0.8191520442889899 0.5735764363510487 0
    outer loop
      vertex 13.933226662889087 -30.418055312393363 6.181532510892707
      vertex 13.933226662889087 -30.418055312393363 6.199999999999999
      vertex 14.218172400785651 -30.825 6.181532510892707
    endloop
  endfacet
  facet normal 0.8191520442889899 0.5735764363510487 0
    outer loop
      vertex 13.933226662889087 -30.418055312393363 6.199999999999999
      vertex 14.218172400785651 -30.825 6.199999999999999
      vertex 14.218172400785651 -30.825 6.181532510892707
    endloop
  endfacet
  facet normal 0.9848077530122078 0.1736481776669316 0
    outer loop
      vertex -13.15 -32.25 1.5999999999999996
      vertex -13.15 -32.25 4.99
      vertex -13.065569669100272 -32.72882820065593 1.5999999999999996
    endloop
  endfacet
  facet normal 0.8660254037844408 0.49999999999999645 0
    outer loop
      vertex -12.82246222036657 -33.149902653561156 1.5999999999999996
      vertex -13.065569669100272 -32.72882820065593 1.5999999999999996
      vertex -13.065569669100272 -32.72882820065593 4.99
    endloop
  endfacet
  facet normal 0.6427876096865378 0.7660444431189795 0
    outer loop
      vertex -12.82246222036657 -33.149902653561156 1.5999999999999996
      vertex -12.82246222036657 -33.149902653561156 4.99
      vertex -12.45 -33.462435565298215 1.5999999999999996
    endloop
  endfacet
  facet normal 0.34202014332566444 0.9396926207859099 0
    outer loop
      vertex -12.45 -33.462435565298215 1.5999999999999996
      vertex -12.45 -33.462435565298215 4.99
      vertex -11.993107448733703 -33.62873085421709 1.5999999999999996
    endloop
  endfacet
  facet normal 0.984807753012208 -0.17364817766693036 0
    outer loop
      vertex -13.15 -32.25 1.5999999999999996
      vertex -13.065569669100272 -31.771171799344064 1.5999999999999996
      vertex -13.065569669100272 -31.771171799344064 4.99
    endloop
  endfacet
  facet normal 0.8660254037844389 -0.49999999999999956 0
    outer loop
      vertex -13.065569669100272 -31.771171799344064 1.5999999999999996
      vertex -12.82246222036657 -31.350097346438844 1.5999999999999996
      vertex -12.82246222036657 -31.350097346438844 4.99
    endloop
  endfacet
  facet normal 0.6427876096865378 -0.7660444431189795 0
    outer loop
      vertex -12.82246222036657 -31.350097346438844 1.5999999999999996
      vertex -12.45 -31.037564434701785 1.5999999999999996
      vertex -12.45 -31.037564434701785 4.99
    endloop
  endfacet
  facet normal 0 1 0
    outer loop
      vertex -11.993107448733703 -33.62873085421709 1.5999999999999996
      vertex -11.993107448733703 -33.62873085421709 4.99
      vertex -11.506892551266297 -33.62873085421709 1.5999999999999996
    endloop
  endfacet
  facet normal -0.34202014332566444 0.9396926207859099 0
    outer loop
      vertex -11.506892551266297 -33.62873085421709 1.5999999999999996
      vertex -11.506892551266297 -33.62873085421709 4.99
      vertex -11.05 -33.462435565298215 1.5999999999999996
    endloop
  endfacet
  facet normal -0.6427876096865378 0.7660444431189795 0
    outer loop
      vertex -11.05 -33.462435565298215 1.5999999999999996
      vertex -11.05 -33.462435565298215 4.99
      vertex -10.67753777963343 -33.149902653561156 1.5999999999999996
    endloop
  endfacet
  facet normal -0.8660254037844408 0.49999999999999645 0
    outer loop
      vertex -10.67753777963343 -33.149902653561156 1.5999999999999996
      vertex -10.67753777963343 -33.149902653561156 4.99
      vertex -10.434430330899728 -32.72882820065593 1.5999999999999996
    endloop
  endfacet
  facet normal -0.9848077530122078 0.1736481776669316 0
    outer loop
      vertex -10.434430330899728 -32.72882820065593 1.5999999999999996
      vertex -10.434430330899728 -32.72882820065593 4.99
      vertex -10.35 -32.25 1.5999999999999996
    endloop
  endfacet
  facet normal -0.984807753012208 -0.17364817766693036 0
    outer loop
      vertex -10.35 -32.25 1.5999999999999996
      vertex -10.35 -32.25 4.99
      vertex -10.434430330899728 -31.771171799344064 1.5999999999999996
    endloop
  endfacet
  facet normal 0.342020143325671 -0.9396926207859077 0
    outer loop
      vertex -12.45 -31.037564434701785 1.5999999999999996
      vertex -11.993107448733703 -30.871269145782907 1.5999999999999996
      vertex -11.993107448733703 -30.871269145782907 4.99
    endloop
  endfacet
  facet normal 0 -1 0
    outer loop
      vertex -11.993107448733703 -30.871269145782907 1.5999999999999996
      vertex -11.506892551266297 -30.871269145782907 1.5999999999999996
      vertex -11.506892551266297 -30.871269145782907 4.99
    endloop
  endfacet
  facet normal -0.342020143325671 -0.9396926207859077 0
    outer loop
      vertex -11.506892551266297 -30.871269145782907 1.5999999999999996
      vertex -11.05 -31.037564434701785 1.5999999999999996
      vertex -11.05 -31.037564434701785 4.99
    endloop
  endfacet
  facet normal -0.6427876096865378 -0.7660444431189795 0
    outer loop
      vertex -11.05 -31.037564434701785 1.5999999999999996
      vertex -10.67753777963343 -31.350097346438844 1.5999999999999996
      vertex -10.67753777963343 -31.350097346438844 4.99
    endloop
  endfacet
  facet normal -0.8660254037844389 -0.49999999999999956 0
    outer loop
      vertex -10.67753777963343 -31.350097346438844 1.5999999999999996
      vertex -10.434430330899728 -31.771171799344064 1.5999999999999996
      vertex -10.434430330899728 -31.771171799344064 4.99
    endloop
  endfacet
  facet normal 0.9848077530122078 0.1736481776669316 0
    outer loop
      vertex -13.065569669100272 -32.72882820065593 1.5999999999999996
      vertex -13.15 -32.25 4.99
      vertex -13.065569669100272 -32.72882820065593 4.99
    endloop
  endfacet
  facet normal 0.984807753012208 -0.17364817766693036 0
    outer loop
      vertex -13.15 -32.25 1.5999999999999996
      vertex -13.065569669100272 -31.771171799344064 4.99
      vertex -13.15 -32.25 4.99
    endloop
  endfacet
  facet normal 0.8660254037844408 0.49999999999999645 0
    outer loop
      vertex -12.82246222036657 -33.149902653561156 1.5999999999999996
      vertex -13.065569669100272 -32.72882820065593 4.99
      vertex -12.82246222036657 -33.149902653561156 4.99
    endloop
  endfacet
  facet normal 0.6427876096865378 0.7660444431189795 0
    outer loop
      vertex -12.45 -33.462435565298215 1.5999999999999996
      vertex -12.82246222036657 -33.149902653561156 4.99
      vertex -12.45 -33.462435565298215 4.99
    endloop
  endfacet
  facet normal 0.8660254037844389 -0.49999999999999956 0
    outer loop
      vertex -13.065569669100272 -31.771171799344064 1.5999999999999996
      vertex -12.82246222036657 -31.350097346438844 4.99
      vertex -13.065569669100272 -31.771171799344064 4.99
    endloop
  endfacet
  facet normal 0.6427876096865378 -0.7660444431189795 0
    outer loop
      vertex -12.82246222036657 -31.350097346438844 1.5999999999999996
      vertex -12.45 -31.037564434701785 4.99
      vertex -12.82246222036657 -31.350097346438844 4.99
    endloop
  endfacet
  facet normal 0.342020143325671 -0.9396926207859077 0
    outer loop
      vertex -12.45 -31.037564434701785 1.5999999999999996
      vertex -11.993107448733703 -30.871269145782907 4.99
      vertex -12.45 -31.037564434701785 4.99
    endloop
  endfacet
  facet normal 0.34202014332566444 0.9396926207859099 0
    outer loop
      vertex -11.993107448733703 -33.62873085421709 1.5999999999999996
      vertex -12.45 -33.462435565298215 4.99
      vertex -11.993107448733703 -33.62873085421709 4.99
    endloop
  endfacet
  facet normal 0 1 0
    outer loop
      vertex -11.506892551266297 -33.62873085421709 1.5999999999999996
      vertex -11.993107448733703 -33.62873085421709 4.99
      vertex -11.506892551266297 -33.62873085421709 4.99
    endloop
  endfacet
  facet normal -0.34202014332566444 0.9396926207859099 0
    outer loop
      vertex -11.05 -33.462435565298215 1.5999999999999996
      vertex -11.506892551266297 -33.62873085421709 4.99
      vertex -11.05 -33.462435565298215 4.99
    endloop
  endfacet
  facet normal -0.6427876096865378 0.7660444431189795 0
    outer loop
      vertex -10.67753777963343 -33.149902653561156 1.5999999999999996
      vertex -11.05 -33.462435565298215 4.99
      vertex -10.67753777963343 -33.149902653561156 4.99
    endloop
  endfacet
  facet normal -0.8660254037844408 0.49999999999999645 0
    outer loop
      vertex -10.434430330899728 -32.72882820065593 1.5999999999999996
      vertex -10.67753777963343 -33.149902653561156 4.99
      vertex -10.434430330899728 -32.72882820065593 4.99
    endloop
  endfacet
  facet normal -0.9848077530122078 0.1736481776669316 0
    outer loop
      vertex -10.35 -32.25 1.5999999999999996
      vertex -10.434430330899728 -32.72882820065593 4.99
      vertex -10.35 -32.25 4.99
    endloop
  endfacet
  facet normal 0 -1 0
    outer loop
      vertex -11.993107448733703 -30.871269145782907 1.5999999999999996
      vertex -11.506892551266297 -30.871269145782907 4.99
      vertex -11.993107448733703 -30.871269145782907 4.99
    endloop
  endfacet
  facet normal -0.342020143325671 -0.9396926207859077 0
    outer loop
      vertex -11.506892551266297 -30.871269145782907 1.5999999999999996
      vertex -11.05 -31.037564434701785 4.99
      vertex -11.506892551266297 -30.871269145782907 4.99
    endloop
  endfacet
  facet normal -0.6427876096865378 -0.7660444431189795 0
    outer loop
      vertex -11.05 -31.037564434701785 1.5999999999999996
      vertex -10.67753777963343 -31.350097346438844 4.99
      vertex -11.05 -31.037564434701785 4.99
    endloop
  endfacet
  facet normal -0.8660254037844389 -0.49999999999999956 0
    outer loop
      vertex -10.67753777963343 -31.350097346438844 1.5999999999999996
      vertex -10.434430330899728 -31.771171799344064 4.99
      vertex -10.67753777963343 -31.350097346438844 4.99
    endloop
  endfacet
  facet normal -0.984807753012208 -0.17364817766693036 0
    outer loop
      vertex -10.434430330899728 -31.771171799344064 1.5999999999999996
      vertex -10.35 -32.25 4.99
      vertex -10.434430330899728 -31.771171799344064 4.99
    endloop
  endfacet
  facet normal 0.9848077530122078 0.1736481776669316 0
    outer loop
      vertex -13.15 -32.25 6.199999999999999
      vertex -13.065569669100272 -32.72882820065593 6.199999999999999
      vertex -13.065569669100272 -32.72882820065593 6.181532510892707
    endloop
  endfacet
  facet normal 0.9848077530122078 0.1736481776669316 0
    outer loop
      vertex -13.15 -32.25 6.181532510892707
      vertex -13.15 -32.25 6.199999999999999
      vertex -13.065569669100272 -32.72882820065593 6.181532510892707
    endloop
  endfacet
  facet normal 0.9848077530122081 -0.1736481776669304 0
    outer loop
      vertex -13.15 -32.25 6.181532510892707
      vertex -13.065569669100272 -31.771171799344064 6.199999999999999
      vertex -13.15 -32.25 6.199999999999999
    endloop
  endfacet
  facet normal 0.8660254037844406 0.49999999999999634 0
    outer loop
      vertex -12.82246222036657 -33.149902653561156 6.181532510892707
      vertex -13.065569669100272 -32.72882820065593 6.181532510892707
      vertex -13.065569669100272 -32.72882820065593 6.199999999999999
    endloop
  endfacet
  facet normal 0.8660254037844406 0.49999999999999634 0
    outer loop
      vertex -12.82246222036657 -33.149902653561156 6.181532510892707
      vertex -13.065569669100272 -32.72882820065593 6.199999999999999
      vertex -12.82246222036657 -33.149902653561156 6.199999999999999
    endloop
  endfacet
  facet normal 0.6427876096865378 0.7660444431189793 0
    outer loop
      vertex -12.82246222036657 -33.149902653561156 6.181532510892707
      vertex -12.82246222036657 -33.149902653561156 6.199999999999999
      vertex -12.45 -33.462435565298215 6.181532510892707
    endloop
  endfacet
  facet normal 0.6427876096865378 0.7660444431189793 0
    outer loop
      vertex -12.82246222036657 -33.149902653561156 6.199999999999999
      vertex -12.45 -33.462435565298215 6.199999999999999
      vertex -12.45 -33.462435565298215 6.181532510892707
    endloop
  endfacet
  facet normal 0.3420201433256645 0.93969262078591 0
    outer loop
      vertex -12.45 -33.462435565298215 6.181532510892707
      vertex -12.45 -33.462435565298215 6.199999999999999
      vertex -11.993107448733703 -33.62873085421709 6.181532510892707
    endloop
  endfacet
  facet normal 0.9848077530122081 -0.1736481776669304 0
    outer loop
      vertex -13.15 -32.25 6.181532510892707
      vertex -13.065569669100272 -31.771171799344064 6.181532510892707
      vertex -13.065569669100272 -31.771171799344064 6.199999999999999
    endloop
  endfacet
  facet normal 0.8660254037844389 -0.4999999999999995 0
    outer loop
      vertex -13.065569669100272 -31.771171799344064 6.181532510892707
      vertex -12.82246222036657 -31.350097346438844 6.199999999999999
      vertex -13.065569669100272 -31.771171799344064 6.199999999999999
    endloop
  endfacet
  facet normal 0.8660254037844389 -0.4999999999999995 0
    outer loop
      vertex -13.065569669100272 -31.771171799344064 6.181532510892707
      vertex -12.82246222036657 -31.350097346438844 6.181532510892707
      vertex -12.82246222036657 -31.350097346438844 6.199999999999999
    endloop
  endfacet
  facet normal 0.6427876096865378 -0.7660444431189793 0
    outer loop
      vertex -12.82246222036657 -31.350097346438844 6.181532510892707
      vertex -12.45 -31.037564434701785 6.199999999999999
      vertex -12.82246222036657 -31.350097346438844 6.199999999999999
    endloop
  endfacet
  facet normal 0.6427876096865378 -0.7660444431189793 0
    outer loop
      vertex -12.82246222036657 -31.350097346438844 6.181532510892707
      vertex -12.45 -31.037564434701785 6.181532510892707
      vertex -12.45 -31.037564434701785 6.199999999999999
    endloop
  endfacet
  facet normal 0.34202014332567093 -0.9396926207859077 0
    outer loop
      vertex -12.45 -31.037564434701785 6.181532510892707
      vertex -11.993107448733703 -30.871269145782907 6.199999999999999
      vertex -12.45 -31.037564434701785 6.199999999999999
    endloop
  endfacet
  facet normal 0.3420201433256645 0.93969262078591 0
    outer loop
      vertex -12.45 -33.462435565298215 6.199999999999999
      vertex -11.993107448733703 -33.62873085421709 6.199999999999999
      vertex -11.993107448733703 -33.62873085421709 6.181532510892707
    endloop
  endfacet
  facet normal 0 1 0
    outer loop
      vertex -11.993107448733703 -33.62873085421709 6.181532510892707
      vertex -11.993107448733703 -33.62873085421709 6.199999999999999
      vertex -11.506892551266297 -33.62873085421709 6.181532510892707
    endloop
  endfacet
  facet normal 0 1 0
    outer loop
      vertex -11.993107448733703 -33.62873085421709 6.199999999999999
      vertex -11.506892551266297 -33.62873085421709 6.199999999999999
      vertex -11.506892551266297 -33.62873085421709 6.181532510892707
    endloop
  endfacet
  facet normal -0.3420201433256645 0.93969262078591 0
    outer loop
      vertex -11.506892551266297 -33.62873085421709 6.181532510892707
      vertex -11.506892551266297 -33.62873085421709 6.199999999999999
      vertex -11.05 -33.462435565298215 6.181532510892707
    endloop
  endfacet
  facet normal -0.3420201433256645 0.93969262078591 0
    outer loop
      vertex -11.506892551266297 -33.62873085421709 6.199999999999999
      vertex -11.05 -33.462435565298215 6.199999999999999
      vertex -11.05 -33.462435565298215 6.181532510892707
    endloop
  endfacet
  facet normal -0.6427876096865378 0.7660444431189793 0
    outer loop
      vertex -11.05 -33.462435565298215 6.181532510892707
      vertex -11.05 -33.462435565298215 6.199999999999999
      vertex -10.67753777963343 -33.149902653561156 6.181532510892707
    endloop
  endfacet
  facet normal -0.6427876096865378 0.7660444431189793 0
    outer loop
      vertex -11.05 -33.462435565298215 6.199999999999999
      vertex -10.67753777963343 -33.149902653561156 6.199999999999999
      vertex -10.67753777963343 -33.149902653561156 6.181532510892707
    endloop
  endfacet
  facet normal -0.8660254037844406 0.49999999999999634 0
    outer loop
      vertex -10.67753777963343 -33.149902653561156 6.181532510892707
      vertex -10.67753777963343 -33.149902653561156 6.199999999999999
      vertex -10.434430330899728 -32.72882820065593 6.181532510892707
    endloop
  endfacet
  facet normal -0.8660254037844406 0.49999999999999634 0
    outer loop
      vertex -10.67753777963343 -33.149902653561156 6.199999999999999
      vertex -10.434430330899728 -32.72882820065593 6.199999999999999
      vertex -10.434430330899728 -32.72882820065593 6.181532510892707
    endloop
  endfacet
  facet normal -0.9848077530122078 0.1736481776669316 0
    outer loop
      vertex -10.434430330899728 -32.72882820065593 6.181532510892707
      vertex -10.434430330899728 -32.72882820065593 6.199999999999999
      vertex -10.35 -32.25 6.181532510892707
    endloop
  endfacet
  facet normal -0.9848077530122078 0.1736481776669316 0
    outer loop
      vertex -10.434430330899728 -32.72882820065593 6.199999999999999
      vertex -10.35 -32.25 6.199999999999999
      vertex -10.35 -32.25 6.181532510892707
    endloop
  endfacet
  facet normal -0.9848077530122081 -0.1736481776669304 0
    outer loop
      vertex -10.35 -32.25 6.181532510892707
      vertex -10.35 -32.25 6.199999999999999
      vertex -10.434430330899728 -31.771171799344064 6.181532510892707
    endloop
  endfacet
  facet normal 0.34202014332567093 -0.9396926207859077 0
    outer loop
      vertex -12.45 -31.037564434701785 6.181532510892707
      vertex -11.993107448733703 -30.871269145782907 6.181532510892707
      vertex -11.993107448733703 -30.871269145782907 6.199999999999999
    endloop
  endfacet
  facet normal 0 -1 0
    outer loop
      vertex -11.993107448733703 -30.871269145782907 6.181532510892707
      vertex -11.506892551266297 -30.871269145782907 6.199999999999999
      vertex -11.993107448733703 -30.871269145782907 6.199999999999999
    endloop
  endfacet
  facet normal 0 -1 0
    outer loop
      vertex -11.993107448733703 -30.871269145782907 6.181532510892707
      vertex -11.506892551266297 -30.871269145782907 6.181532510892707
      vertex -11.506892551266297 -30.871269145782907 6.199999999999999
    endloop
  endfacet
  facet normal -0.34202014332567093 -0.9396926207859077 0
    outer loop
      vertex -11.506892551266297 -30.871269145782907 6.181532510892707
      vertex -11.05 -31.037564434701785 6.199999999999999
      vertex -11.506892551266297 -30.871269145782907 6.199999999999999
    endloop
  endfacet
  facet normal -0.34202014332567093 -0.9396926207859077 0
    outer loop
      vertex -11.506892551266297 -30.871269145782907 6.181532510892707
      vertex -11.05 -31.037564434701785 6.181532510892707
      vertex -11.05 -31.037564434701785 6.199999999999999
    endloop
  endfacet
  facet normal -0.6427876096865378 -0.7660444431189793 0
    outer loop
      vertex -11.05 -31.037564434701785 6.181532510892707
      vertex -10.67753777963343 -31.350097346438844 6.199999999999999
      vertex -11.05 -31.037564434701785 6.199999999999999
    endloop
  endfacet
  facet normal -0.6427876096865378 -0.7660444431189793 0
    outer loop
      vertex -11.05 -31.037564434701785 6.181532510892707
      vertex -10.67753777963343 -31.350097346438844 6.181532510892707
      vertex -10.67753777963343 -31.350097346438844 6.199999999999999
    endloop
  endfacet
  facet normal -0.8660254037844389 -0.4999999999999995 0
    outer loop
      vertex -10.67753777963343 -31.350097346438844 6.181532510892707
      vertex -10.434430330899728 -31.771171799344064 6.199999999999999
      vertex -10.67753777963343 -31.350097346438844 6.199999999999999
    endloop
  endfacet
  facet normal -0.8660254037844389 -0.4999999999999995 0
    outer loop
      vertex -10.67753777963343 -31.350097346438844 6.181532510892707
      vertex -10.434430330899728 -31.771171799344064 6.181532510892707
      vertex -10.434430330899728 -31.771171799344064 6.199999999999999
    endloop
  endfacet
  facet normal -0.9848077530122081 -0.1736481776669304 0
    outer loop
      vertex -10.35 -32.25 6.199999999999999
      vertex -10.434430330899728 -31.771171799344064 6.199999999999999
      vertex -10.434430330899728 -31.771171799344064 6.181532510892707
    endloop
  endfacet
  facet normal 0.8660254037844389 0.49999999999999956 0
    outer loop
      vertex -12.82246222036657 31.350097346438844 1.5999999999999996
      vertex -13.065569669100272 31.771171799344064 1.5999999999999996
      vertex -13.065569669100272 31.771171799344064 4.99
    endloop
  endfacet
  facet normal 0.6427876096865378 0.7660444431189795 0
    outer loop
      vertex -12.82246222036657 31.350097346438844 1.5999999999999996
      vertex -12.82246222036657 31.350097346438844 4.99
      vertex -12.45 31.037564434701785 1.5999999999999996
    endloop
  endfacet
  facet normal 0.342020143325671 0.9396926207859077 0
    outer loop
      vertex -12.45 31.037564434701785 1.5999999999999996
      vertex -12.45 31.037564434701785 4.99
      vertex -11.993107448733703 30.871269145782907 1.5999999999999996
    endloop
  endfacet
  facet normal 0.984807753012208 0.17364817766693036 0
    outer loop
      vertex -13.065569669100272 31.771171799344064 1.5999999999999996
      vertex -13.15 32.25 1.5999999999999996
      vertex -13.15 32.25 4.99
    endloop
  endfacet
  facet normal 0.9848077530122078 -0.1736481776669316 0
    outer loop
      vertex -13.15 32.25 1.5999999999999996
      vertex -13.065569669100272 32.72882820065593 1.5999999999999996
      vertex -13.065569669100272 32.72882820065593 4.99
    endloop
  endfacet
  facet normal 0.8660254037844408 -0.49999999999999645 0
    outer loop
      vertex -13.065569669100272 32.72882820065593 1.5999999999999996
      vertex -12.82246222036657 33.149902653561156 1.5999999999999996
      vertex -12.82246222036657 33.149902653561156 4.99
    endloop
  endfacet
  facet normal 0.6427876096865378 -0.7660444431189795 0
    outer loop
      vertex -12.82246222036657 33.149902653561156 1.5999999999999996
      vertex -12.45 33.462435565298215 1.5999999999999996
      vertex -12.45 33.462435565298215 4.99
    endloop
  endfacet
  facet normal 0 1 0
    outer loop
      vertex -11.993107448733703 30.871269145782907 1.5999999999999996
      vertex -11.993107448733703 30.871269145782907 4.99
      vertex -11.506892551266297 30.871269145782907 1.5999999999999996
    endloop
  endfacet
  facet normal -0.342020143325671 0.9396926207859077 0
    outer loop
      vertex -11.506892551266297 30.871269145782907 1.5999999999999996
      vertex -11.506892551266297 30.871269145782907 4.99
      vertex -11.05 31.037564434701785 1.5999999999999996
    endloop
  endfacet
  facet normal -0.6427876096865378 0.7660444431189795 0
    outer loop
      vertex -11.05 31.037564434701785 1.5999999999999996
      vertex -11.05 31.037564434701785 4.99
      vertex -10.67753777963343 31.350097346438844 1.5999999999999996
    endloop
  endfacet
  facet normal -0.8660254037844389 0.49999999999999956 0
    outer loop
      vertex -10.67753777963343 31.350097346438844 1.5999999999999996
      vertex -10.67753777963343 31.350097346438844 4.99
      vertex -10.434430330899728 31.771171799344064 1.5999999999999996
    endloop
  endfacet
  facet normal -0.984807753012208 0.17364817766693036 0
    outer loop
      vertex -10.434430330899728 31.771171799344064 1.5999999999999996
      vertex -10.434430330899728 31.771171799344064 4.99
      vertex -10.35 32.25 1.5999999999999996
    endloop
  endfacet
  facet normal 0.34202014332566444 -0.9396926207859099 0
    outer loop
      vertex -12.45 33.462435565298215 1.5999999999999996
      vertex -11.993107448733703 33.62873085421709 1.5999999999999996
      vertex -11.993107448733703 33.62873085421709 4.99
    endloop
  endfacet
  facet normal 0 -1 0
    outer loop
      vertex -11.993107448733703 33.62873085421709 1.5999999999999996
      vertex -11.506892551266297 33.62873085421709 1.5999999999999996
      vertex -11.506892551266297 33.62873085421709 4.99
    endloop
  endfacet
  facet normal -0.34202014332566444 -0.9396926207859099 0
    outer loop
      vertex -11.506892551266297 33.62873085421709 1.5999999999999996
      vertex -11.05 33.462435565298215 1.5999999999999996
      vertex -11.05 33.462435565298215 4.99
    endloop
  endfacet
  facet normal -0.9848077530122078 -0.1736481776669316 0
    outer loop
      vertex -10.35 32.25 1.5999999999999996
      vertex -10.35 32.25 4.99
      vertex -10.434430330899728 32.72882820065593 1.5999999999999996
    endloop
  endfacet
  facet normal -0.8660254037844408 -0.49999999999999645 0
    outer loop
      vertex -10.434430330899728 32.72882820065593 1.5999999999999996
      vertex -10.434430330899728 32.72882820065593 4.99
      vertex -10.67753777963343 33.149902653561156 1.5999999999999996
    endloop
  endfacet
  facet normal -0.6427876096865378 -0.7660444431189795 0
    outer loop
      vertex -11.05 33.462435565298215 1.5999999999999996
      vertex -10.67753777963343 33.149902653561156 1.5999999999999996
      vertex -10.67753777963343 33.149902653561156 4.99
    endloop
  endfacet
  facet normal 0.984807753012208 0.17364817766693036 0
    outer loop
      vertex -13.065569669100272 31.771171799344064 1.5999999999999996
      vertex -13.15 32.25 4.99
      vertex -13.065569669100272 31.771171799344064 4.99
    endloop
  endfacet
  facet normal 0.8660254037844389 0.49999999999999956 0
    outer loop
      vertex -12.82246222036657 31.350097346438844 1.5999999999999996
      vertex -13.065569669100272 31.771171799344064 4.99
      vertex -12.82246222036657 31.350097346438844 4.99
    endloop
  endfacet
  facet normal 0.6427876096865378 0.7660444431189795 0
    outer loop
      vertex -12.45 31.037564434701785 1.5999999999999996
      vertex -12.82246222036657 31.350097346438844 4.99
      vertex -12.45 31.037564434701785 4.99
    endloop
  endfacet
  facet normal 0.9848077530122078 -0.1736481776669316 0
    outer loop
      vertex -13.15 32.25 1.5999999999999996
      vertex -13.065569669100272 32.72882820065593 4.99
      vertex -13.15 32.25 4.99
    endloop
  endfacet
  facet normal 0.8660254037844408 -0.49999999999999645 0
    outer loop
      vertex -13.065569669100272 32.72882820065593 1.5999999999999996
      vertex -12.82246222036657 33.149902653561156 4.99
      vertex -13.065569669100272 32.72882820065593 4.99
    endloop
  endfacet
  facet normal 0.6427876096865378 -0.7660444431189795 0
    outer loop
      vertex -12.82246222036657 33.149902653561156 1.5999999999999996
      vertex -12.45 33.462435565298215 4.99
      vertex -12.82246222036657 33.149902653561156 4.99
    endloop
  endfacet
  facet normal 0.34202014332566444 -0.9396926207859099 0
    outer loop
      vertex -12.45 33.462435565298215 1.5999999999999996
      vertex -11.993107448733703 33.62873085421709 4.99
      vertex -12.45 33.462435565298215 4.99
    endloop
  endfacet
  facet normal 0.342020143325671 0.9396926207859077 0
    outer loop
      vertex -11.993107448733703 30.871269145782907 1.5999999999999996
      vertex -12.45 31.037564434701785 4.99
      vertex -11.993107448733703 30.871269145782907 4.99
    endloop
  endfacet
  facet normal 0 1 0
    outer loop
      vertex -11.506892551266297 30.871269145782907 1.5999999999999996
      vertex -11.993107448733703 30.871269145782907 4.99
      vertex -11.506892551266297 30.871269145782907 4.99
    endloop
  endfacet
  facet normal -0.342020143325671 0.9396926207859077 0
    outer loop
      vertex -11.05 31.037564434701785 1.5999999999999996
      vertex -11.506892551266297 30.871269145782907 4.99
      vertex -11.05 31.037564434701785 4.99
    endloop
  endfacet
  facet normal -0.6427876096865378 0.7660444431189795 0
    outer loop
      vertex -10.67753777963343 31.350097346438844 1.5999999999999996
      vertex -11.05 31.037564434701785 4.99
      vertex -10.67753777963343 31.350097346438844 4.99
    endloop
  endfacet
  facet normal -0.8660254037844389 0.49999999999999956 0
    outer loop
      vertex -10.434430330899728 31.771171799344064 1.5999999999999996
      vertex -10.67753777963343 31.350097346438844 4.99
      vertex -10.434430330899728 31.771171799344064 4.99
    endloop
  endfacet
  facet normal 0 -1 0
    outer loop
      vertex -11.993107448733703 33.62873085421709 1.5999999999999996
      vertex -11.506892551266297 33.62873085421709 4.99
      vertex -11.993107448733703 33.62873085421709 4.99
    endloop
  endfacet
  facet normal -0.34202014332566444 -0.9396926207859099 0
    outer loop
      vertex -11.506892551266297 33.62873085421709 1.5999999999999996
      vertex -11.05 33.462435565298215 4.99
      vertex -11.506892551266297 33.62873085421709 4.99
    endloop
  endfacet
  facet normal -0.984807753012208 0.17364817766693036 0
    outer loop
      vertex -10.35 32.25 1.5999999999999996
      vertex -10.434430330899728 31.771171799344064 4.99
      vertex -10.35 32.25 4.99
    endloop
  endfacet
  facet normal -0.8660254037844408 -0.49999999999999645 0
    outer loop
      vertex -10.67753777963343 33.149902653561156 1.5999999999999996
      vertex -10.434430330899728 32.72882820065593 4.99
      vertex -10.67753777963343 33.149902653561156 4.99
    endloop
  endfacet
  facet normal -0.9848077530122078 -0.1736481776669316 0
    outer loop
      vertex -10.434430330899728 32.72882820065593 1.5999999999999996
      vertex -10.35 32.25 4.99
      vertex -10.434430330899728 32.72882820065593 4.99
    endloop
  endfacet
  facet normal -0.6427876096865378 -0.7660444431189795 0
    outer loop
      vertex -11.05 33.462435565298215 1.5999999999999996
      vertex -10.67753777963343 33.149902653561156 4.99
      vertex -11.05 33.462435565298215 4.99
    endloop
  endfacet
  facet normal 0.9848077530122081 0.1736481776669304 0
    outer loop
      vertex -13.065569669100272 31.771171799344064 6.181532510892707
      vertex -13.15 32.25 6.199999999999999
      vertex -13.065569669100272 31.771171799344064 6.199999999999999
    endloop
  endfacet
  facet normal 0.8660254037844389 0.4999999999999995 0
    outer loop
      vertex -12.82246222036657 31.350097346438844 6.181532510892707
      vertex -13.065569669100272 31.771171799344064 6.181532510892707
      vertex -13.065569669100272 31.771171799344064 6.199999999999999
    endloop
  endfacet
  facet normal 0.8660254037844389 0.4999999999999995 0
    outer loop
      vertex -12.82246222036657 31.350097346438844 6.181532510892707
      vertex -13.065569669100272 31.771171799344064 6.199999999999999
      vertex -12.82246222036657 31.350097346438844 6.199999999999999
    endloop
  endfacet
  facet normal 0.6427876096865378 0.7660444431189793 0
    outer loop
      vertex -12.82246222036657 31.350097346438844 6.181532510892707
      vertex -12.82246222036657 31.350097346438844 6.199999999999999
      vertex -12.45 31.037564434701785 6.181532510892707
    endloop
  endfacet
  facet normal 0.6427876096865378 0.7660444431189793 0
    outer loop
      vertex -12.82246222036657 31.350097346438844 6.199999999999999
      vertex -12.45 31.037564434701785 6.199999999999999
      vertex -12.45 31.037564434701785 6.181532510892707
    endloop
  endfacet
  facet normal 0.34202014332567093 0.9396926207859077 0
    outer loop
      vertex -12.45 31.037564434701785 6.181532510892707
      vertex -12.45 31.037564434701785 6.199999999999999
      vertex -11.993107448733703 30.871269145782907 6.181532510892707
    endloop
  endfacet
  facet normal 0.9848077530122081 0.1736481776669304 0
    outer loop
      vertex -13.065569669100272 31.771171799344064 6.181532510892707
      vertex -13.15 32.25 6.181532510892707
      vertex -13.15 32.25 6.199999999999999
    endloop
  endfacet
  facet normal 0.9848077530122078 -0.1736481776669316 0
    outer loop
      vertex -13.15 32.25 6.181532510892707
      vertex -13.065569669100272 32.72882820065593 6.199999999999999
      vertex -13.15 32.25 6.199999999999999
    endloop
  endfacet
  facet normal 0.9848077530122078 -0.1736481776669316 0
    outer loop
      vertex -13.15 32.25 6.181532510892707
      vertex -13.065569669100272 32.72882820065593 6.181532510892707
      vertex -13.065569669100272 32.72882820065593 6.199999999999999
    endloop
  endfacet
  facet normal 0.8660254037844406 -0.49999999999999634 0
    outer loop
      vertex -13.065569669100272 32.72882820065593 6.181532510892707
      vertex -12.82246222036657 33.149902653561156 6.199999999999999
      vertex -13.065569669100272 32.72882820065593 6.199999999999999
    endloop
  endfacet
  facet normal 0.8660254037844406 -0.49999999999999634 0
    outer loop
      vertex -13.065569669100272 32.72882820065593 6.181532510892707
      vertex -12.82246222036657 33.149902653561156 6.181532510892707
      vertex -12.82246222036657 33.149902653561156 6.199999999999999
    endloop
  endfacet
  facet normal 0.6427876096865378 -0.7660444431189793 0
    outer loop
      vertex -12.82246222036657 33.149902653561156 6.181532510892707
      vertex -12.45 33.462435565298215 6.199999999999999
      vertex -12.82246222036657 33.149902653561156 6.199999999999999
    endloop
  endfacet
  facet normal 0.6427876096865378 -0.7660444431189793 0
    outer loop
      vertex -12.82246222036657 33.149902653561156 6.181532510892707
      vertex -12.45 33.462435565298215 6.181532510892707
      vertex -12.45 33.462435565298215 6.199999999999999
    endloop
  endfacet
  facet normal 0.3420201433256645 -0.93969262078591 0
    outer loop
      vertex -12.45 33.462435565298215 6.181532510892707
      vertex -11.993107448733703 33.62873085421709 6.199999999999999
      vertex -12.45 33.462435565298215 6.199999999999999
    endloop
  endfacet
  facet normal 0.34202014332567093 0.9396926207859077 0
    outer loop
      vertex -12.45 31.037564434701785 6.199999999999999
      vertex -11.993107448733703 30.871269145782907 6.199999999999999
      vertex -11.993107448733703 30.871269145782907 6.181532510892707
    endloop
  endfacet
  facet normal 0 1 0
    outer loop
      vertex -11.993107448733703 30.871269145782907 6.181532510892707
      vertex -11.993107448733703 30.871269145782907 6.199999999999999
      vertex -11.506892551266297 30.871269145782907 6.181532510892707
    endloop
  endfacet
  facet normal 0 1 0
    outer loop
      vertex -11.993107448733703 30.871269145782907 6.199999999999999
      vertex -11.506892551266297 30.871269145782907 6.199999999999999
      vertex -11.506892551266297 30.871269145782907 6.181532510892707
    endloop
  endfacet
  facet normal -0.34202014332567093 0.9396926207859077 0
    outer loop
      vertex -11.506892551266297 30.871269145782907 6.181532510892707
      vertex -11.506892551266297 30.871269145782907 6.199999999999999
      vertex -11.05 31.037564434701785 6.181532510892707
    endloop
  endfacet
  facet normal -0.34202014332567093 0.9396926207859077 0
    outer loop
      vertex -11.506892551266297 30.871269145782907 6.199999999999999
      vertex -11.05 31.037564434701785 6.199999999999999
      vertex -11.05 31.037564434701785 6.181532510892707
    endloop
  endfacet
  facet normal -0.6427876096865378 0.7660444431189793 0
    outer loop
      vertex -11.05 31.037564434701785 6.181532510892707
      vertex -11.05 31.037564434701785 6.199999999999999
      vertex -10.67753777963343 31.350097346438844 6.181532510892707
    endloop
  endfacet
  facet normal -0.6427876096865378 0.7660444431189793 0
    outer loop
      vertex -11.05 31.037564434701785 6.199999999999999
      vertex -10.67753777963343 31.350097346438844 6.199999999999999
      vertex -10.67753777963343 31.350097346438844 6.181532510892707
    endloop
  endfacet
  facet normal -0.8660254037844389 0.4999999999999995 0
    outer loop
      vertex -10.67753777963343 31.350097346438844 6.181532510892707
      vertex -10.67753777963343 31.350097346438844 6.199999999999999
      vertex -10.434430330899728 31.771171799344064 6.181532510892707
    endloop
  endfacet
  facet normal -0.8660254037844389 0.4999999999999995 0
    outer loop
      vertex -10.67753777963343 31.350097346438844 6.199999999999999
      vertex -10.434430330899728 31.771171799344064 6.199999999999999
      vertex -10.434430330899728 31.771171799344064 6.181532510892707
    endloop
  endfacet
  facet normal -0.9848077530122081 0.1736481776669304 0
    outer loop
      vertex -10.434430330899728 31.771171799344064 6.181532510892707
      vertex -10.434430330899728 31.771171799344064 6.199999999999999
      vertex -10.35 32.25 6.181532510892707
    endloop
  endfacet
  facet normal 0.3420201433256645 -0.93969262078591 0
    outer loop
      vertex -12.45 33.462435565298215 6.181532510892707
      vertex -11.993107448733703 33.62873085421709 6.181532510892707
      vertex -11.993107448733703 33.62873085421709 6.199999999999999
    endloop
  endfacet
  facet normal 0 -1 0
    outer loop
      vertex -11.993107448733703 33.62873085421709 6.181532510892707
      vertex -11.506892551266297 33.62873085421709 6.199999999999999
      vertex -11.993107448733703 33.62873085421709 6.199999999999999
    endloop
  endfacet
  facet normal 0 -1 0
    outer loop
      vertex -11.993107448733703 33.62873085421709 6.181532510892707
      vertex -11.506892551266297 33.62873085421709 6.181532510892707
      vertex -11.506892551266297 33.62873085421709 6.199999999999999
    endloop
  endfacet
  facet normal -0.3420201433256645 -0.93969262078591 0
    outer loop
      vertex -11.506892551266297 33.62873085421709 6.181532510892707
      vertex -11.05 33.462435565298215 6.199999999999999
      vertex -11.506892551266297 33.62873085421709 6.199999999999999
    endloop
  endfacet
  facet normal -0.3420201433256645 -0.93969262078591 0
    outer loop
      vertex -11.506892551266297 33.62873085421709 6.181532510892707
      vertex -11.05 33.462435565298215 6.181532510892707
      vertex -11.05 33.462435565298215 6.199999999999999
    endloop
  endfacet
  facet normal -0.9848077530122081 0.1736481776669304 0
    outer loop
      vertex -10.434430330899728 31.771171799344064 6.199999999999999
      vertex -10.35 32.25 6.199999999999999
      vertex -10.35 32.25 6.181532510892707
    endloop
  endfacet
  facet normal -0.9848077530122078 -0.1736481776669316 0
    outer loop
      vertex -10.35 32.25 6.181532510892707
      vertex -10.35 32.25 6.199999999999999
      vertex -10.434430330899728 32.72882820065593 6.181532510892707
    endloop
  endfacet
  facet normal -0.8660254037844406 -0.49999999999999634 0
    outer loop
      vertex -10.434430330899728 32.72882820065593 6.199999999999999
      vertex -10.67753777963343 33.149902653561156 6.199999999999999
      vertex -10.67753777963343 33.149902653561156 6.181532510892707
    endloop
  endfacet
  facet normal -0.8660254037844406 -0.49999999999999634 0
    outer loop
      vertex -10.434430330899728 32.72882820065593 6.181532510892707
      vertex -10.434430330899728 32.72882820065593 6.199999999999999
      vertex -10.67753777963343 33.149902653561156 6.181532510892707
    endloop
  endfacet
  facet normal -0.9848077530122078 -0.1736481776669316 0
    outer loop
      vertex -10.35 32.25 6.199999999999999
      vertex -10.434430330899728 32.72882820065593 6.199999999999999
      vertex -10.434430330899728 32.72882820065593 6.181532510892707
    endloop
  endfacet
  facet normal -0.6427876096865378 -0.7660444431189793 0
    outer loop
      vertex -11.05 33.462435565298215 6.181532510892707
      vertex -10.67753777963343 33.149902653561156 6.199999999999999
      vertex -11.05 33.462435565298215 6.199999999999999
    endloop
  endfacet
  facet normal -0.6427876096865378 -0.7660444431189793 0
    outer loop
      vertex -11.05 33.462435565298215 6.181532510892707
      vertex -10.67753777963343 33.149902653561156 6.181532510892707
      vertex -10.67753777963343 33.149902653561156 6.199999999999999
    endloop
  endfacet
  facet normal 0.8660254037844389 0.49999999999999956 0
    outer loop
      vertex 10.434430330899728 31.771171799344064 1.5999999999999996
      vertex 10.434430330899728 31.771171799344064 4.99
      vertex 10.67753777963343 31.350097346438844 1.5999999999999996
    endloop
  endfacet
  facet normal 0.6427876096865378 0.7660444431189795 0
    outer loop
      vertex 10.67753777963343 31.350097346438844 1.5999999999999996
      vertex 10.67753777963343 31.350097346438844 4.99
      vertex 11.05 31.037564434701785 1.5999999999999996
    endloop
  endfacet
  facet normal 0.342020143325671 0.9396926207859077 0
    outer loop
      vertex 11.05 31.037564434701785 1.5999999999999996
      vertex 11.05 31.037564434701785 4.99
      vertex 11.506892551266297 30.871269145782907 1.5999999999999996
    endloop
  endfacet
  facet normal 0 1 0
    outer loop
      vertex 11.506892551266297 30.871269145782907 1.5999999999999996
      vertex 11.506892551266297 30.871269145782907 4.99
      vertex 11.993107448733703 30.871269145782907 1.5999999999999996
    endloop
  endfacet
  facet normal -0.342020143325671 0.9396926207859077 0
    outer loop
      vertex 11.993107448733703 30.871269145782907 1.5999999999999996
      vertex 11.993107448733703 30.871269145782907 4.99
      vertex 12.45 31.037564434701785 1.5999999999999996
    endloop
  endfacet
  facet normal 0.984807753012208 0.17364817766693036 0
    outer loop
      vertex 10.434430330899728 31.771171799344064 1.5999999999999996
      vertex 10.35 32.25 1.5999999999999996
      vertex 10.35 32.25 4.99
    endloop
  endfacet
  facet normal 0.9848077530122078 -0.1736481776669316 0
    outer loop
      vertex 10.35 32.25 1.5999999999999996
      vertex 10.434430330899728 32.72882820065593 1.5999999999999996
      vertex 10.434430330899728 32.72882820065593 4.99
    endloop
  endfacet
  facet normal 0.8660254037844408 -0.49999999999999645 0
    outer loop
      vertex 10.434430330899728 32.72882820065593 1.5999999999999996
      vertex 10.67753777963343 33.149902653561156 1.5999999999999996
      vertex 10.67753777963343 33.149902653561156 4.99
    endloop
  endfacet
  facet normal 0.6427876096865378 -0.7660444431189795 0
    outer loop
      vertex 10.67753777963343 33.149902653561156 1.5999999999999996
      vertex 11.05 33.462435565298215 1.5999999999999996
      vertex 11.05 33.462435565298215 4.99
    endloop
  endfacet
  facet normal 0.34202014332566444 -0.9396926207859099 0
    outer loop
      vertex 11.05 33.462435565298215 1.5999999999999996
      vertex 11.506892551266297 33.62873085421709 1.5999999999999996
      vertex 11.506892551266297 33.62873085421709 4.99
    endloop
  endfacet
  facet normal 0 -1 0
    outer loop
      vertex 11.506892551266297 33.62873085421709 1.5999999999999996
      vertex 11.993107448733703 33.62873085421709 1.5999999999999996
      vertex 11.993107448733703 33.62873085421709 4.99
    endloop
  endfacet
  facet normal -0.6427876096865378 0.7660444431189795 0
    outer loop
      vertex 12.45 31.037564434701785 1.5999999999999996
      vertex 12.45 31.037564434701785 4.99
      vertex 12.82246222036657 31.350097346438844 1.5999999999999996
    endloop
  endfacet
  facet normal -0.8660254037844389 0.49999999999999956 0
    outer loop
      vertex 12.82246222036657 31.350097346438844 1.5999999999999996
      vertex 12.82246222036657 31.350097346438844 4.99
      vertex 13.065569669100272 31.771171799344064 1.5999999999999996
    endloop
  endfacet
  facet normal -0.984807753012208 0.17364817766693036 0
    outer loop
      vertex 13.065569669100272 31.771171799344064 1.5999999999999996
      vertex 13.065569669100272 31.771171799344064 4.99
      vertex 13.15 32.25 1.5999999999999996
    endloop
  endfacet
  facet normal -0.34202014332566444 -0.9396926207859099 0
    outer loop
      vertex 11.993107448733703 33.62873085421709 1.5999999999999996
      vertex 12.45 33.462435565298215 1.5999999999999996
      vertex 12.45 33.462435565298215 4.99
    endloop
  endfacet
  facet normal -0.6427876096865378 -0.7660444431189795 0
    outer loop
      vertex 12.45 33.462435565298215 1.5999999999999996
      vertex 12.82246222036657 33.149902653561156 1.5999999999999996
      vertex 12.82246222036657 33.149902653561156 4.99
    endloop
  endfacet
  facet normal -0.8660254037844408 -0.49999999999999645 0
    outer loop
      vertex 13.065569669100272 32.72882820065593 1.5999999999999996
      vertex 13.065569669100272 32.72882820065593 4.99
      vertex 12.82246222036657 33.149902653561156 1.5999999999999996
    endloop
  endfacet
  facet normal -0.9848077530122078 -0.1736481776669316 0
    outer loop
      vertex 13.065569669100272 32.72882820065593 1.5999999999999996
      vertex 13.15 32.25 1.5999999999999996
      vertex 13.15 32.25 4.99
    endloop
  endfacet
  facet normal 0.984807753012208 0.17364817766693036 0
    outer loop
      vertex 10.434430330899728 31.771171799344064 1.5999999999999996
      vertex 10.35 32.25 4.99
      vertex 10.434430330899728 31.771171799344064 4.99
    endloop
  endfacet
  facet normal 0.8660254037844389 0.49999999999999956 0
    outer loop
      vertex 10.67753777963343 31.350097346438844 1.5999999999999996
      vertex 10.434430330899728 31.771171799344064 4.99
      vertex 10.67753777963343 31.350097346438844 4.99
    endloop
  endfacet
  facet normal 0.6427876096865378 0.7660444431189795 0
    outer loop
      vertex 11.05 31.037564434701785 1.5999999999999996
      vertex 10.67753777963343 31.350097346438844 4.99
      vertex 11.05 31.037564434701785 4.99
    endloop
  endfacet
  facet normal 0.342020143325671 0.9396926207859077 0
    outer loop
      vertex 11.506892551266297 30.871269145782907 1.5999999999999996
      vertex 11.05 31.037564434701785 4.99
      vertex 11.506892551266297 30.871269145782907 4.99
    endloop
  endfacet
  facet normal 0 1 0
    outer loop
      vertex 11.993107448733703 30.871269145782907 1.5999999999999996
      vertex 11.506892551266297 30.871269145782907 4.99
      vertex 11.993107448733703 30.871269145782907 4.99
    endloop
  endfacet
  facet normal 0.9848077530122078 -0.1736481776669316 0
    outer loop
      vertex 10.35 32.25 1.5999999999999996
      vertex 10.434430330899728 32.72882820065593 4.99
      vertex 10.35 32.25 4.99
    endloop
  endfacet
  facet normal 0.8660254037844408 -0.49999999999999645 0
    outer loop
      vertex 10.434430330899728 32.72882820065593 1.5999999999999996
      vertex 10.67753777963343 33.149902653561156 4.99
      vertex 10.434430330899728 32.72882820065593 4.99
    endloop
  endfacet
  facet normal 0.6427876096865378 -0.7660444431189795 0
    outer loop
      vertex 10.67753777963343 33.149902653561156 1.5999999999999996
      vertex 11.05 33.462435565298215 4.99
      vertex 10.67753777963343 33.149902653561156 4.99
    endloop
  endfacet
  facet normal 0.34202014332566444 -0.9396926207859099 0
    outer loop
      vertex 11.05 33.462435565298215 1.5999999999999996
      vertex 11.506892551266297 33.62873085421709 4.99
      vertex 11.05 33.462435565298215 4.99
    endloop
  endfacet
  facet normal 0 -1 0
    outer loop
      vertex 11.506892551266297 33.62873085421709 1.5999999999999996
      vertex 11.993107448733703 33.62873085421709 4.99
      vertex 11.506892551266297 33.62873085421709 4.99
    endloop
  endfacet
  facet normal -0.34202014332566444 -0.9396926207859099 0
    outer loop
      vertex 11.993107448733703 33.62873085421709 1.5999999999999996
      vertex 12.45 33.462435565298215 4.99
      vertex 11.993107448733703 33.62873085421709 4.99
    endloop
  endfacet
  facet normal -0.342020143325671 0.9396926207859077 0
    outer loop
      vertex 12.45 31.037564434701785 1.5999999999999996
      vertex 11.993107448733703 30.871269145782907 4.99
      vertex 12.45 31.037564434701785 4.99
    endloop
  endfacet
  facet normal -0.6427876096865378 0.7660444431189795 0
    outer loop
      vertex 12.82246222036657 31.350097346438844 1.5999999999999996
      vertex 12.45 31.037564434701785 4.99
      vertex 12.82246222036657 31.350097346438844 4.99
    endloop
  endfacet
  facet normal -0.8660254037844389 0.49999999999999956 0
    outer loop
      vertex 13.065569669100272 31.771171799344064 1.5999999999999996
      vertex 12.82246222036657 31.350097346438844 4.99
      vertex 13.065569669100272 31.771171799344064 4.99
    endloop
  endfacet
  facet normal -0.6427876096865378 -0.7660444431189795 0
    outer loop
      vertex 12.45 33.462435565298215 1.5999999999999996
      vertex 12.82246222036657 33.149902653561156 4.99
      vertex 12.45 33.462435565298215 4.99
    endloop
  endfacet
  facet normal -0.8660254037844408 -0.49999999999999645 0
    outer loop
      vertex 12.82246222036657 33.149902653561156 1.5999999999999996
      vertex 13.065569669100272 32.72882820065593 4.99
      vertex 12.82246222036657 33.149902653561156 4.99
    endloop
  endfacet
  facet normal -0.9848077530122078 -0.1736481776669316 0
    outer loop
      vertex 13.065569669100272 32.72882820065593 1.5999999999999996
      vertex 13.15 32.25 4.99
      vertex 13.065569669100272 32.72882820065593 4.99
    endloop
  endfacet
  facet normal -0.984807753012208 0.17364817766693036 0
    outer loop
      vertex 13.15 32.25 1.5999999999999996
      vertex 13.065569669100272 31.771171799344064 4.99
      vertex 13.15 32.25 4.99
    endloop
  endfacet
  facet normal 0.9848077530122081 0.1736481776669304 0
    outer loop
      vertex 10.434430330899728 31.771171799344064 6.181532510892707
      vertex 10.35 32.25 6.199999999999999
      vertex 10.434430330899728 31.771171799344064 6.199999999999999
    endloop
  endfacet
  facet normal 0.8660254037844389 0.4999999999999995 0
    outer loop
      vertex 10.434430330899728 31.771171799344064 6.181532510892707
      vertex 10.434430330899728 31.771171799344064 6.199999999999999
      vertex 10.67753777963343 31.350097346438844 6.181532510892707
    endloop
  endfacet
  facet normal 0.8660254037844389 0.4999999999999995 0
    outer loop
      vertex 10.434430330899728 31.771171799344064 6.199999999999999
      vertex 10.67753777963343 31.350097346438844 6.199999999999999
      vertex 10.67753777963343 31.350097346438844 6.181532510892707
    endloop
  endfacet
  facet normal 0.6427876096865378 0.7660444431189793 0
    outer loop
      vertex 10.67753777963343 31.350097346438844 6.181532510892707
      vertex 10.67753777963343 31.350097346438844 6.199999999999999
      vertex 11.05 31.037564434701785 6.181532510892707
    endloop
  endfacet
  facet normal 0.6427876096865378 0.7660444431189793 0
    outer loop
      vertex 10.67753777963343 31.350097346438844 6.199999999999999
      vertex 11.05 31.037564434701785 6.199999999999999
      vertex 11.05 31.037564434701785 6.181532510892707
    endloop
  endfacet
  facet normal 0.34202014332567093 0.9396926207859077 0
    outer loop
      vertex 11.05 31.037564434701785 6.181532510892707
      vertex 11.05 31.037564434701785 6.199999999999999
      vertex 11.506892551266297 30.871269145782907 6.181532510892707
    endloop
  endfacet
  facet normal 0.34202014332567093 0.9396926207859077 0
    outer loop
      vertex 11.05 31.037564434701785 6.199999999999999
      vertex 11.506892551266297 30.871269145782907 6.199999999999999
      vertex 11.506892551266297 30.871269145782907 6.181532510892707
    endloop
  endfacet
  facet normal 0 1 0
    outer loop
      vertex 11.506892551266297 30.871269145782907 6.181532510892707
      vertex 11.506892551266297 30.871269145782907 6.199999999999999
      vertex 11.993107448733703 30.871269145782907 6.181532510892707
    endloop
  endfacet
  facet normal 0 1 0
    outer loop
      vertex 11.506892551266297 30.871269145782907 6.199999999999999
      vertex 11.993107448733703 30.871269145782907 6.199999999999999
      vertex 11.993107448733703 30.871269145782907 6.181532510892707
    endloop
  endfacet
  facet normal -0.34202014332567093 0.9396926207859077 0
    outer loop
      vertex 11.993107448733703 30.871269145782907 6.181532510892707
      vertex 11.993107448733703 30.871269145782907 6.199999999999999
      vertex 12.45 31.037564434701785 6.181532510892707
    endloop
  endfacet
  facet normal 0.9848077530122081 0.1736481776669304 0
    outer loop
      vertex 10.434430330899728 31.771171799344064 6.181532510892707
      vertex 10.35 32.25 6.181532510892707
      vertex 10.35 32.25 6.199999999999999
    endloop
  endfacet
  facet normal 0.9848077530122078 -0.1736481776669316 0
    outer loop
      vertex 10.35 32.25 6.181532510892707
      vertex 10.434430330899728 32.72882820065593 6.199999999999999
      vertex 10.35 32.25 6.199999999999999
    endloop
  endfacet
  facet normal 0.9848077530122078 -0.1736481776669316 0
    outer loop
      vertex 10.35 32.25 6.181532510892707
      vertex 10.434430330899728 32.72882820065593 6.181532510892707
      vertex 10.434430330899728 32.72882820065593 6.199999999999999
    endloop
  endfacet
  facet normal 0.8660254037844406 -0.49999999999999634 0
    outer loop
      vertex 10.434430330899728 32.72882820065593 6.181532510892707
      vertex 10.67753777963343 33.149902653561156 6.199999999999999
      vertex 10.434430330899728 32.72882820065593 6.199999999999999
    endloop
  endfacet
  facet normal 0.8660254037844406 -0.49999999999999634 0
    outer loop
      vertex 10.434430330899728 32.72882820065593 6.181532510892707
      vertex 10.67753777963343 33.149902653561156 6.181532510892707
      vertex 10.67753777963343 33.149902653561156 6.199999999999999
    endloop
  endfacet
  facet normal 0.6427876096865378 -0.7660444431189793 0
    outer loop
      vertex 10.67753777963343 33.149902653561156 6.181532510892707
      vertex 11.05 33.462435565298215 6.199999999999999
      vertex 10.67753777963343 33.149902653561156 6.199999999999999
    endloop
  endfacet
  facet normal 0.6427876096865378 -0.7660444431189793 0
    outer loop
      vertex 10.67753777963343 33.149902653561156 6.181532510892707
      vertex 11.05 33.462435565298215 6.181532510892707
      vertex 11.05 33.462435565298215 6.199999999999999
    endloop
  endfacet
  facet normal 0.3420201433256645 -0.93969262078591 0
    outer loop
      vertex 11.05 33.462435565298215 6.181532510892707
      vertex 11.506892551266297 33.62873085421709 6.199999999999999
      vertex 11.05 33.462435565298215 6.199999999999999
    endloop
  endfacet
  facet normal 0.3420201433256645 -0.93969262078591 0
    outer loop
      vertex 11.05 33.462435565298215 6.181532510892707
      vertex 11.506892551266297 33.62873085421709 6.181532510892707
      vertex 11.506892551266297 33.62873085421709 6.199999999999999
    endloop
  endfacet
  facet normal 0 -1 0
    outer loop
      vertex 11.506892551266297 33.62873085421709 6.181532510892707
      vertex 11.993107448733703 33.62873085421709 6.199999999999999
      vertex 11.506892551266297 33.62873085421709 6.199999999999999
    endloop
  endfacet
  facet normal 0 -1 0
    outer loop
      vertex 11.506892551266297 33.62873085421709 6.181532510892707
      vertex 11.993107448733703 33.62873085421709 6.181532510892707
      vertex 11.993107448733703 33.62873085421709 6.199999999999999
    endloop
  endfacet
  facet normal -0.3420201433256645 -0.93969262078591 0
    outer loop
      vertex 11.993107448733703 33.62873085421709 6.181532510892707
      vertex 12.45 33.462435565298215 6.199999999999999
      vertex 11.993107448733703 33.62873085421709 6.199999999999999
    endloop
  endfacet
  facet normal -0.34202014332567093 0.9396926207859077 0
    outer loop
      vertex 11.993107448733703 30.871269145782907 6.199999999999999
      vertex 12.45 31.037564434701785 6.199999999999999
      vertex 12.45 31.037564434701785 6.181532510892707
    endloop
  endfacet
  facet normal -0.6427876096865378 0.7660444431189793 0
    outer loop
      vertex 12.45 31.037564434701785 6.181532510892707
      vertex 12.45 31.037564434701785 6.199999999999999
      vertex 12.82246222036657 31.350097346438844 6.181532510892707
    endloop
  endfacet
  facet normal -0.6427876096865378 0.7660444431189793 0
    outer loop
      vertex 12.45 31.037564434701785 6.199999999999999
      vertex 12.82246222036657 31.350097346438844 6.199999999999999
      vertex 12.82246222036657 31.350097346438844 6.181532510892707
    endloop
  endfacet
  facet normal -0.8660254037844389 0.4999999999999995 0
    outer loop
      vertex 12.82246222036657 31.350097346438844 6.181532510892707
      vertex 12.82246222036657 31.350097346438844 6.199999999999999
      vertex 13.065569669100272 31.771171799344064 6.181532510892707
    endloop
  endfacet
  facet normal -0.8660254037844389 0.4999999999999995 0
    outer loop
      vertex 12.82246222036657 31.350097346438844 6.199999999999999
      vertex 13.065569669100272 31.771171799344064 6.199999999999999
      vertex 13.065569669100272 31.771171799344064 6.181532510892707
    endloop
  endfacet
  facet normal -0.9848077530122081 0.1736481776669304 0
    outer loop
      vertex 13.065569669100272 31.771171799344064 6.181532510892707
      vertex 13.065569669100272 31.771171799344064 6.199999999999999
      vertex 13.15 32.25 6.181532510892707
    endloop
  endfacet
  facet normal -0.3420201433256645 -0.93969262078591 0
    outer loop
      vertex 11.993107448733703 33.62873085421709 6.181532510892707
      vertex 12.45 33.462435565298215 6.181532510892707
      vertex 12.45 33.462435565298215 6.199999999999999
    endloop
  endfacet
  facet normal -0.6427876096865378 -0.7660444431189793 0
    outer loop
      vertex 12.45 33.462435565298215 6.181532510892707
      vertex 12.82246222036657 33.149902653561156 6.199999999999999
      vertex 12.45 33.462435565298215 6.199999999999999
    endloop
  endfacet
  facet normal -0.6427876096865378 -0.7660444431189793 0
    outer loop
      vertex 12.45 33.462435565298215 6.181532510892707
      vertex 12.82246222036657 33.149902653561156 6.181532510892707
      vertex 12.82246222036657 33.149902653561156 6.199999999999999
    endloop
  endfacet
  facet normal -0.8660254037844406 -0.49999999999999634 0
    outer loop
      vertex 13.065569669100272 32.72882820065593 6.199999999999999
      vertex 12.82246222036657 33.149902653561156 6.199999999999999
      vertex 12.82246222036657 33.149902653561156 6.181532510892707
    endloop
  endfacet
  facet normal -0.9848077530122078 -0.1736481776669316 0
    outer loop
      vertex 13.065569669100272 32.72882820065593 6.181532510892707
      vertex 13.15 32.25 6.199999999999999
      vertex 13.065569669100272 32.72882820065593 6.199999999999999
    endloop
  endfacet
  facet normal -0.8660254037844406 -0.49999999999999634 0
    outer loop
      vertex 13.065569669100272 32.72882820065593 6.181532510892707
      vertex 13.065569669100272 32.72882820065593 6.199999999999999
      vertex 12.82246222036657 33.149902653561156 6.181532510892707
    endloop
  endfacet
  facet normal -0.9848077530122081 0.1736481776669304 0
    outer loop
      vertex 13.065569669100272 31.771171799344064 6.199999999999999
      vertex 13.15 32.25 6.199999999999999
      vertex 13.15 32.25 6.181532510892707
    endloop
  endfacet
  facet normal -0.9848077530122078 -0.1736481776669316 0
    outer loop
      vertex 13.065569669100272 32.72882820065593 6.181532510892707
      vertex 13.15 32.25 6.181532510892707
      vertex 13.15 32.25 6.199999999999999
    endloop
  endfacet
  facet normal 0.6427876096865378 0.7660444431189795 0
    outer loop
      vertex 10.67753777963343 -33.149902653561156 1.5999999999999996
      vertex 10.67753777963343 -33.149902653561156 4.99
      vertex 11.05 -33.462435565298215 1.5999999999999996
    endloop
  endfacet
  facet normal 0.8660254037844408 0.49999999999999645 0
    outer loop
      vertex 10.67753777963343 -33.149902653561156 1.5999999999999996
      vertex 10.434430330899728 -32.72882820065593 1.5999999999999996
      vertex 10.434430330899728 -32.72882820065593 4.99
    endloop
  endfacet
  facet normal 0.9848077530122078 0.1736481776669316 0
    outer loop
      vertex 10.35 -32.25 1.5999999999999996
      vertex 10.35 -32.25 4.99
      vertex 10.434430330899728 -32.72882820065593 1.5999999999999996
    endloop
  endfacet
  facet normal 0.34202014332566444 0.9396926207859099 0
    outer loop
      vertex 11.05 -33.462435565298215 1.5999999999999996
      vertex 11.05 -33.462435565298215 4.99
      vertex 11.506892551266297 -33.62873085421709 1.5999999999999996
    endloop
  endfacet
  facet normal 0 1 0
    outer loop
      vertex 11.506892551266297 -33.62873085421709 1.5999999999999996
      vertex 11.506892551266297 -33.62873085421709 4.99
      vertex 11.993107448733703 -33.62873085421709 1.5999999999999996
    endloop
  endfacet
  facet normal -0.34202014332566444 0.9396926207859099 0
    outer loop
      vertex 11.993107448733703 -33.62873085421709 1.5999999999999996
      vertex 11.993107448733703 -33.62873085421709 4.99
      vertex 12.45 -33.462435565298215 1.5999999999999996
    endloop
  endfacet
  facet normal 0.984807753012208 -0.17364817766693036 0
    outer loop
      vertex 10.35 -32.25 1.5999999999999996
      vertex 10.434430330899728 -31.771171799344064 1.5999999999999996
      vertex 10.434430330899728 -31.771171799344064 4.99
    endloop
  endfacet
  facet normal 0.8660254037844389 -0.49999999999999956 0
    outer loop
      vertex 10.434430330899728 -31.771171799344064 1.5999999999999996
      vertex 10.67753777963343 -31.350097346438844 1.5999999999999996
      vertex 10.67753777963343 -31.350097346438844 4.99
    endloop
  endfacet
  facet normal 0.6427876096865378 -0.7660444431189795 0
    outer loop
      vertex 10.67753777963343 -31.350097346438844 1.5999999999999996
      vertex 11.05 -31.037564434701785 1.5999999999999996
      vertex 11.05 -31.037564434701785 4.99
    endloop
  endfacet
  facet normal 0.342020143325671 -0.9396926207859077 0
    outer loop
      vertex 11.05 -31.037564434701785 1.5999999999999996
      vertex 11.506892551266297 -30.871269145782907 1.5999999999999996
      vertex 11.506892551266297 -30.871269145782907 4.99
    endloop
  endfacet
  facet normal 0 -1 0
    outer loop
      vertex 11.506892551266297 -30.871269145782907 1.5999999999999996
      vertex 11.993107448733703 -30.871269145782907 1.5999999999999996
      vertex 11.993107448733703 -30.871269145782907 4.99
    endloop
  endfacet
  facet normal -0.6427876096865378 0.7660444431189795 0
    outer loop
      vertex 12.45 -33.462435565298215 1.5999999999999996
      vertex 12.45 -33.462435565298215 4.99
      vertex 12.82246222036657 -33.149902653561156 1.5999999999999996
    endloop
  endfacet
  facet normal -0.8660254037844408 0.49999999999999645 0
    outer loop
      vertex 12.82246222036657 -33.149902653561156 1.5999999999999996
      vertex 12.82246222036657 -33.149902653561156 4.99
      vertex 13.065569669100272 -32.72882820065593 1.5999999999999996
    endloop
  endfacet
  facet normal -0.9848077530122078 0.1736481776669316 0
    outer loop
      vertex 13.065569669100272 -32.72882820065593 1.5999999999999996
      vertex 13.065569669100272 -32.72882820065593 4.99
      vertex 13.15 -32.25 1.5999999999999996
    endloop
  endfacet
  facet normal -0.984807753012208 -0.17364817766693036 0
    outer loop
      vertex 13.15 -32.25 1.5999999999999996
      vertex 13.15 -32.25 4.99
      vertex 13.065569669100272 -31.771171799344064 1.5999999999999996
    endloop
  endfacet
  facet normal -0.342020143325671 -0.9396926207859077 0
    outer loop
      vertex 11.993107448733703 -30.871269145782907 1.5999999999999996
      vertex 12.45 -31.037564434701785 1.5999999999999996
      vertex 12.45 -31.037564434701785 4.99
    endloop
  endfacet
  facet normal -0.6427876096865378 -0.7660444431189795 0
    outer loop
      vertex 12.45 -31.037564434701785 1.5999999999999996
      vertex 12.82246222036657 -31.350097346438844 1.5999999999999996
      vertex 12.82246222036657 -31.350097346438844 4.99
    endloop
  endfacet
  facet normal -0.8660254037844389 -0.49999999999999956 0
    outer loop
      vertex 13.065569669100272 -31.771171799344064 1.5999999999999996
      vertex 13.065569669100272 -31.771171799344064 4.99
      vertex 12.82246222036657 -31.350097346438844 1.5999999999999996
    endloop
  endfacet
  facet normal 0.6427876096865378 0.7660444431189795 0
    outer loop
      vertex 11.05 -33.462435565298215 1.5999999999999996
      vertex 10.67753777963343 -33.149902653561156 4.99
      vertex 11.05 -33.462435565298215 4.99
    endloop
  endfacet
  facet normal 0.9848077530122078 0.1736481776669316 0
    outer loop
      vertex 10.434430330899728 -32.72882820065593 1.5999999999999996
      vertex 10.35 -32.25 4.99
      vertex 10.434430330899728 -32.72882820065593 4.99
    endloop
  endfacet
  facet normal 0.8660254037844408 0.49999999999999645 0
    outer loop
      vertex 10.67753777963343 -33.149902653561156 1.5999999999999996
      vertex 10.434430330899728 -32.72882820065593 4.99
      vertex 10.67753777963343 -33.149902653561156 4.99
    endloop
  endfacet
  facet normal 0.984807753012208 -0.17364817766693036 0
    outer loop
      vertex 10.35 -32.25 1.5999999999999996
      vertex 10.434430330899728 -31.771171799344064 4.99
      vertex 10.35 -32.25 4.99
    endloop
  endfacet
  facet normal 0.34202014332566444 0.9396926207859099 0
    outer loop
      vertex 11.506892551266297 -33.62873085421709 1.5999999999999996
      vertex 11.05 -33.462435565298215 4.99
      vertex 11.506892551266297 -33.62873085421709 4.99
    endloop
  endfacet
  facet normal 0 1 0
    outer loop
      vertex 11.993107448733703 -33.62873085421709 1.5999999999999996
      vertex 11.506892551266297 -33.62873085421709 4.99
      vertex 11.993107448733703 -33.62873085421709 4.99
    endloop
  endfacet
  facet normal 0.8660254037844389 -0.49999999999999956 0
    outer loop
      vertex 10.434430330899728 -31.771171799344064 1.5999999999999996
      vertex 10.67753777963343 -31.350097346438844 4.99
      vertex 10.434430330899728 -31.771171799344064 4.99
    endloop
  endfacet
  facet normal 0.6427876096865378 -0.7660444431189795 0
    outer loop
      vertex 10.67753777963343 -31.350097346438844 1.5999999999999996
      vertex 11.05 -31.037564434701785 4.99
      vertex 10.67753777963343 -31.350097346438844 4.99
    endloop
  endfacet
  facet normal 0.342020143325671 -0.9396926207859077 0
    outer loop
      vertex 11.05 -31.037564434701785 1.5999999999999996
      vertex 11.506892551266297 -30.871269145782907 4.99
      vertex 11.05 -31.037564434701785 4.99
    endloop
  endfacet
  facet normal 0 -1 0
    outer loop
      vertex 11.506892551266297 -30.871269145782907 1.5999999999999996
      vertex 11.993107448733703 -30.871269145782907 4.99
      vertex 11.506892551266297 -30.871269145782907 4.99
    endloop
  endfacet
  facet normal -0.342020143325671 -0.9396926207859077 0
    outer loop
      vertex 11.993107448733703 -30.871269145782907 1.5999999999999996
      vertex 12.45 -31.037564434701785 4.99
      vertex 11.993107448733703 -30.871269145782907 4.99
    endloop
  endfacet
  facet normal -0.34202014332566444 0.9396926207859099 0
    outer loop
      vertex 12.45 -33.462435565298215 1.5999999999999996
      vertex 11.993107448733703 -33.62873085421709 4.99
      vertex 12.45 -33.462435565298215 4.99
    endloop
  endfacet
  facet normal -0.6427876096865378 0.7660444431189795 0
    outer loop
      vertex 12.82246222036657 -33.149902653561156 1.5999999999999996
      vertex 12.45 -33.462435565298215 4.99
      vertex 12.82246222036657 -33.149902653561156 4.99
    endloop
  endfacet
  facet normal -0.8660254037844408 0.49999999999999645 0
    outer loop
      vertex 13.065569669100272 -32.72882820065593 1.5999999999999996
      vertex 12.82246222036657 -33.149902653561156 4.99
      vertex 13.065569669100272 -32.72882820065593 4.99
    endloop
  endfacet
  facet normal -0.9848077530122078 0.1736481776669316 0
    outer loop
      vertex 13.15 -32.25 1.5999999999999996
      vertex 13.065569669100272 -32.72882820065593 4.99
      vertex 13.15 -32.25 4.99
    endloop
  endfacet
  facet normal -0.6427876096865378 -0.7660444431189795 0
    outer loop
      vertex 12.45 -31.037564434701785 1.5999999999999996
      vertex 12.82246222036657 -31.350097346438844 4.99
      vertex 12.45 -31.037564434701785 4.99
    endloop
  endfacet
  facet normal -0.8660254037844389 -0.49999999999999956 0
    outer loop
      vertex 12.82246222036657 -31.350097346438844 1.5999999999999996
      vertex 13.065569669100272 -31.771171799344064 4.99
      vertex 12.82246222036657 -31.350097346438844 4.99
    endloop
  endfacet
  facet normal -0.984807753012208 -0.17364817766693036 0
    outer loop
      vertex 13.065569669100272 -31.771171799344064 1.5999999999999996
      vertex 13.15 -32.25 4.99
      vertex 13.065569669100272 -31.771171799344064 4.99
    endloop
  endfacet
  facet normal 0.6427876096865378 0.7660444431189793 0
    outer loop
      vertex 10.67753777963343 -33.149902653561156 6.181532510892707
      vertex 10.67753777963343 -33.149902653561156 6.199999999999999
      vertex 11.05 -33.462435565298215 6.181532510892707
    endloop
  endfacet
  facet normal 0.6427876096865378 0.7660444431189793 0
    outer loop
      vertex 10.67753777963343 -33.149902653561156 6.199999999999999
      vertex 11.05 -33.462435565298215 6.199999999999999
      vertex 11.05 -33.462435565298215 6.181532510892707
    endloop
  endfacet
  facet normal 0.9848077530122078 0.1736481776669316 0
    outer loop
      vertex 10.35 -32.25 6.199999999999999
      vertex 10.434430330899728 -32.72882820065593 6.199999999999999
      vertex 10.434430330899728 -32.72882820065593 6.181532510892707
    endloop
  endfacet
  facet normal 0.8660254037844406 0.49999999999999634 0
    outer loop
      vertex 10.67753777963343 -33.149902653561156 6.181532510892707
      vertex 10.434430330899728 -32.72882820065593 6.181532510892707
      vertex 10.434430330899728 -32.72882820065593 6.199999999999999
    endloop
  endfacet
  facet normal 0.8660254037844406 0.49999999999999634 0
    outer loop
      vertex 10.67753777963343 -33.149902653561156 6.181532510892707
      vertex 10.434430330899728 -32.72882820065593 6.199999999999999
      vertex 10.67753777963343 -33.149902653561156 6.199999999999999
    endloop
  endfacet
  facet normal 0.9848077530122078 0.1736481776669316 0
    outer loop
      vertex 10.35 -32.25 6.181532510892707
      vertex 10.35 -32.25 6.199999999999999
      vertex 10.434430330899728 -32.72882820065593 6.181532510892707
    endloop
  endfacet
  facet normal 0.9848077530122081 -0.1736481776669304 0
    outer loop
      vertex 10.35 -32.25 6.181532510892707
      vertex 10.434430330899728 -31.771171799344064 6.199999999999999
      vertex 10.35 -32.25 6.199999999999999
    endloop
  endfacet
  facet normal 0.3420201433256645 0.93969262078591 0
    outer loop
      vertex 11.05 -33.462435565298215 6.181532510892707
      vertex 11.05 -33.462435565298215 6.199999999999999
      vertex 11.506892551266297 -33.62873085421709 6.181532510892707
    endloop
  endfacet
  facet normal 0.3420201433256645 0.93969262078591 0
    outer loop
      vertex 11.05 -33.462435565298215 6.199999999999999
      vertex 11.506892551266297 -33.62873085421709 6.199999999999999
      vertex 11.506892551266297 -33.62873085421709 6.181532510892707
    endloop
  endfacet
  facet normal 0 1 0
    outer loop
      vertex 11.506892551266297 -33.62873085421709 6.181532510892707
      vertex 11.506892551266297 -33.62873085421709 6.199999999999999
      vertex 11.993107448733703 -33.62873085421709 6.181532510892707
    endloop
  endfacet
  facet normal 0 1 0
    outer loop
      vertex 11.506892551266297 -33.62873085421709 6.199999999999999
      vertex 11.993107448733703 -33.62873085421709 6.199999999999999
      vertex 11.993107448733703 -33.62873085421709 6.181532510892707
    endloop
  endfacet
  facet normal -0.3420201433256645 0.93969262078591 0
    outer loop
      vertex 11.993107448733703 -33.62873085421709 6.181532510892707
      vertex 11.993107448733703 -33.62873085421709 6.199999999999999
      vertex 12.45 -33.462435565298215 6.181532510892707
    endloop
  endfacet
  facet normal 0.9848077530122081 -0.1736481776669304 0
    outer loop
      vertex 10.35 -32.25 6.181532510892707
      vertex 10.434430330899728 -31.771171799344064 6.181532510892707
      vertex 10.434430330899728 -31.771171799344064 6.199999999999999
    endloop
  endfacet
  facet normal 0.8660254037844389 -0.4999999999999995 0
    outer loop
      vertex 10.434430330899728 -31.771171799344064 6.181532510892707
      vertex 10.67753777963343 -31.350097346438844 6.199999999999999
      vertex 10.434430330899728 -31.771171799344064 6.199999999999999
    endloop
  endfacet
  facet normal 0.8660254037844389 -0.4999999999999995 0
    outer loop
      vertex 10.434430330899728 -31.771171799344064 6.181532510892707
      vertex 10.67753777963343 -31.350097346438844 6.181532510892707
      vertex 10.67753777963343 -31.350097346438844 6.199999999999999
    endloop
  endfacet
  facet normal 0.6427876096865378 -0.7660444431189793 0
    outer loop
      vertex 10.67753777963343 -31.350097346438844 6.181532510892707
      vertex 11.05 -31.037564434701785 6.199999999999999
      vertex 10.67753777963343 -31.350097346438844 6.199999999999999
    endloop
  endfacet
  facet normal 0.6427876096865378 -0.7660444431189793 0
    outer loop
      vertex 10.67753777963343 -31.350097346438844 6.181532510892707
      vertex 11.05 -31.037564434701785 6.181532510892707
      vertex 11.05 -31.037564434701785 6.199999999999999
    endloop
  endfacet
  facet normal 0.34202014332567093 -0.9396926207859077 0
    outer loop
      vertex 11.05 -31.037564434701785 6.181532510892707
      vertex 11.506892551266297 -30.871269145782907 6.199999999999999
      vertex 11.05 -31.037564434701785 6.199999999999999
    endloop
  endfacet
  facet normal 0.34202014332567093 -0.9396926207859077 0
    outer loop
      vertex 11.05 -31.037564434701785 6.181532510892707
      vertex 11.506892551266297 -30.871269145782907 6.181532510892707
      vertex 11.506892551266297 -30.871269145782907 6.199999999999999
    endloop
  endfacet
  facet normal 0 -1 0
    outer loop
      vertex 11.506892551266297 -30.871269145782907 6.181532510892707
      vertex 11.993107448733703 -30.871269145782907 6.199999999999999
      vertex 11.506892551266297 -30.871269145782907 6.199999999999999
    endloop
  endfacet
  facet normal 0 -1 0
    outer loop
      vertex 11.506892551266297 -30.871269145782907 6.181532510892707
      vertex 11.993107448733703 -30.871269145782907 6.181532510892707
      vertex 11.993107448733703 -30.871269145782907 6.199999999999999
    endloop
  endfacet
  facet normal -0.34202014332567093 -0.9396926207859077 0
    outer loop
      vertex 11.993107448733703 -30.871269145782907 6.181532510892707
      vertex 12.45 -31.037564434701785 6.199999999999999
      vertex 11.993107448733703 -30.871269145782907 6.199999999999999
    endloop
  endfacet
  facet normal -0.3420201433256645 0.93969262078591 0
    outer loop
      vertex 11.993107448733703 -33.62873085421709 6.199999999999999
      vertex 12.45 -33.462435565298215 6.199999999999999
      vertex 12.45 -33.462435565298215 6.181532510892707
    endloop
  endfacet
  facet normal -0.6427876096865378 0.7660444431189793 0
    outer loop
      vertex 12.45 -33.462435565298215 6.181532510892707
      vertex 12.45 -33.462435565298215 6.199999999999999
      vertex 12.82246222036657 -33.149902653561156 6.181532510892707
    endloop
  endfacet
  facet normal -0.6427876096865378 0.7660444431189793 0
    outer loop
      vertex 12.45 -33.462435565298215 6.199999999999999
      vertex 12.82246222036657 -33.149902653561156 6.199999999999999
      vertex 12.82246222036657 -33.149902653561156 6.181532510892707
    endloop
  endfacet
  facet normal -0.8660254037844406 0.49999999999999634 0
    outer loop
      vertex 12.82246222036657 -33.149902653561156 6.181532510892707
      vertex 12.82246222036657 -33.149902653561156 6.199999999999999
      vertex 13.065569669100272 -32.72882820065593 6.181532510892707
    endloop
  endfacet
  facet normal -0.8660254037844406 0.49999999999999634 0
    outer loop
      vertex 12.82246222036657 -33.149902653561156 6.199999999999999
      vertex 13.065569669100272 -32.72882820065593 6.199999999999999
      vertex 13.065569669100272 -32.72882820065593 6.181532510892707
    endloop
  endfacet
  facet normal -0.9848077530122078 0.1736481776669316 0
    outer loop
      vertex 13.065569669100272 -32.72882820065593 6.181532510892707
      vertex 13.065569669100272 -32.72882820065593 6.199999999999999
      vertex 13.15 -32.25 6.181532510892707
    endloop
  endfacet
  facet normal -0.9848077530122078 0.1736481776669316 0
    outer loop
      vertex 13.065569669100272 -32.72882820065593 6.199999999999999
      vertex 13.15 -32.25 6.199999999999999
      vertex 13.15 -32.25 6.181532510892707
    endloop
  endfacet
  facet normal -0.9848077530122081 -0.1736481776669304 0
    outer loop
      vertex 13.15 -32.25 6.181532510892707
      vertex 13.15 -32.25 6.199999999999999
      vertex 13.065569669100272 -31.771171799344064 6.181532510892707
    endloop
  endfacet
  facet normal -0.34202014332567093 -0.9396926207859077 0
    outer loop
      vertex 11.993107448733703 -30.871269145782907 6.181532510892707
      vertex 12.45 -31.037564434701785 6.181532510892707
      vertex 12.45 -31.037564434701785 6.199999999999999
    endloop
  endfacet
  facet normal -0.6427876096865378 -0.7660444431189793 0
    outer loop
      vertex 12.45 -31.037564434701785 6.181532510892707
      vertex 12.82246222036657 -31.350097346438844 6.199999999999999
      vertex 12.45 -31.037564434701785 6.199999999999999
    endloop
  endfacet
  facet normal -0.6427876096865378 -0.7660444431189793 0
    outer loop
      vertex 12.45 -31.037564434701785 6.181532510892707
      vertex 12.82246222036657 -31.350097346438844 6.181532510892707
      vertex 12.82246222036657 -31.350097346438844 6.199999999999999
    endloop
  endfacet
  facet normal -0.8660254037844389 -0.4999999999999995 0
    outer loop
      vertex 13.065569669100272 -31.771171799344064 6.199999999999999
      vertex 12.82246222036657 -31.350097346438844 6.199999999999999
      vertex 12.82246222036657 -31.350097346438844 6.181532510892707
    endloop
  endfacet
  facet normal -0.9848077530122081 -0.1736481776669304 0
    outer loop
      vertex 13.15 -32.25 6.199999999999999
      vertex 13.065569669100272 -31.771171799344064 6.199999999999999
      vertex 13.065569669100272 -31.771171799344064 6.181532510892707
    endloop
  endfacet
  facet normal -0.8660254037844389 -0.4999999999999995 0
    outer loop
      vertex 13.065569669100272 -31.771171799344064 6.181532510892707
      vertex 13.065569669100272 -31.771171799344064 6.199999999999999
      vertex 12.82246222036657 -31.350097346438844 6.181532510892707
    endloop
  endfacet
endsolid OpenSCAD_Model
